SZ002594,2018-05-24T00:00:00.000000,54.50,54.99,53.80,54.15,5034905,273646240
SZ002594,2018-05-25T00:00:00.000000,54.20,55.23,54.20,54.22,5060632,276703136
SZ002594,2018-05-28T00:00:00.000000,54.29,54.98,52.72,52.78,6013217,322785120
SZ002594,2018-05-29T00:00:00.000000,52.53,54.28,52.42,53.50,7287745,391219744
SZ002594,2018-05-30T00:00:00.000000,53.00,53.02,50.01,50.40,10383038,531139584
SZ002594,2018-05-31T00:00:00.000000,50.42,51.25,50.42,51.15,5792853,295133216
SZ002594,2018-06-01T00:00:00.000000,51.36,51.37,50.02,50.91,4515916,229157936
SZ002594,2018-06-04T00:00:00.000000,50.72,51.20,50.05,50.20,5279613,265822592
SZ002594,2018-06-05T00:00:00.000000,50.20,51.24,49.80,51.22,5528592,279721408
SZ002594,2018-06-06T00:00:00.000000,50.85,51.80,50.60,51.12,6498378,331700736
SZ002594,2018-06-07T00:00:00.000000,51.50,51.57,50.90,50.92,4328999,221696048
SZ002594,2018-06-08T00:00:00.000000,50.92,50.99,49.90,50.13,5133867,257351120
SZ002594,2018-06-11T00:00:00.000000,50.12,50.13,49.30,49.42,4280618,212520368
SZ002594,2018-06-12T00:00:00.000000,49.69,50.20,49.00,50.03,4621218,229627056
SZ002594,2018-06-13T00:00:00.000000,50.10,50.12,48.91,49.06,4881987,240481696
SZ002594,2018-06-14T00:00:00.000000,48.68,49.44,48.60,49.05,3812559,186776448
SZ002594,2018-06-15T00:00:00.000000,49.09,49.28,48.13,48.18,4937586,239521344
SZ002594,2018-06-19T00:00:00.000000,47.60,47.60,43.45,44.98,11973944,544796160
SZ002594,2018-06-20T00:00:00.000000,44.44,46.22,44.44,45.39,5696299,257906368
SZ002594,2018-06-21T00:00:00.000000,45.77,47.36,45.40,45.77,7618262,353226560
SZ002594,2018-06-22T00:00:00.000000,45.82,47.25,45.52,46.85,6045474,280666464
SZ002594,2018-06-25T00:00:00.000000,47.70,47.70,45.92,46.06,5741805,267602976
SZ002594,2018-06-26T00:00:00.000000,45.99,47.12,45.22,46.38,6411604,297323008
SZ002594,2018-06-27T00:00:00.000000,46.59,48.10,46.50,47.10,9552488,453690784
SZ002594,2018-06-28T00:00:00.000000,47.10,47.44,45.81,46.01,6127316,285276160
SZ002594,2018-06-29T00:00:00.000000,46.12,47.77,45.99,47.68,7497605,351475136
SZ002594,2018-07-02T00:00:00.000000,47.67,47.67,45.85,45.98,6175749,288563456
SZ002594,2018-07-03T00:00:00.000000,46.46,46.72,44.06,45.35,9310313,421287424
SZ002594,2018-07-04T00:00:00.000000,45.35,46.13,45.00,45.79,6341935,289309696
SZ002594,2018-07-05T00:00:00.000000,45.79,46.89,45.40,45.58,5573749,257799360
SZ002594,2018-07-06T00:00:00.000000,46.27,46.76,45.52,46.03,6781212,314076544
SZ002594,2018-07-09T00:00:00.000000,46.39,46.95,45.91,46.52,7289341,337170016
SZ002594,2018-07-10T00:00:00.000000,46.55,46.88,46.31,46.63,4639056,216079248
SZ002594,2018-07-11T00:00:00.000000,45.62,46.03,44.73,45.46,5074254,230516240
SZ002594,2018-07-12T00:00:00.000000,45.80,47.00,45.68,46.52,6961729,322903040
SZ002594,2018-07-13T00:00:00.000000,46.62,46.62,45.80,45.95,5328370,246023440
SZ002594,2018-07-16T00:00:00.000000,44.80,44.80,42.80,43.95,12503328,549450624
SZ002594,2018-07-17T00:00:00.000000,43.46,43.90,42.78,43.55,6939540,300926784
SZ002594,2018-07-18T00:00:00.000000,43.55,44.24,43.22,43.30,4487454,196079168
SZ002594,2018-07-19T00:00:00.000000,43.58,43.58,41.98,42.15,6187697,263568672
SZ002594,2018-07-20T00:00:00.000000,42.50,43.16,42.16,42.91,5693464,243361984
SZ002594,2018-07-23T00:00:00.000000,42.69,43.85,42.51,43.50,5194110,225317616
SZ002594,2018-07-24T00:00:00.000000,43.70,44.43,43.41,44.29,5547984,244567200
SZ002594,2018-07-25T00:00:00.000000,44.54,44.54,43.70,44.05,6474865,285047296
SZ002594,2018-07-26T00:00:00.000000,44.05,44.23,42.88,43.00,5179019,224937888
SZ002594,2018-07-27T00:00:00.000000,43.02,43.34,42.72,42.99,3678962,158234192
SZ002594,2018-07-30T00:00:00.000000,42.95,43.10,41.85,42.50,5592982,236871680
SZ002594,2018-07-31T00:00:00.000000,42.54,42.54,42.04,42.24,3021163,127788056
SZ002594,2018-08-01T00:00:00.000000,42.82,42.97,41.88,41.98,4429180,187567712
SZ002594,2018-08-02T00:00:00.000000,41.95,41.98,39.50,40.10,10798045,434793696
SZ002594,2018-08-03T00:00:00.000000,40.28,40.48,38.20,38.33,9651578,378310912
SZ002594,2018-08-06T00:00:00.000000,38.33,38.65,36.88,37.29,7378820,279140192
SZ002594,2018-08-07T00:00:00.000000,37.68,38.00,36.73,38.00,6816475,255655376
SZ002594,2018-08-08T00:00:00.000000,38.02,39.49,38.02,38.29,7306954,282739392
SZ002594,2018-08-09T00:00:00.000000,37.89,39.55,37.83,39.25,7487555,292537440
SZ002594,2018-08-10T00:00:00.000000,39.40,41.77,39.40,41.69,10358365,422283648
SZ002594,2018-08-13T00:00:00.000000,41.10,43.55,40.88,43.17,13233097,562164160
SZ002594,2018-08-14T00:00:00.000000,43.17,43.95,42.61,43.15,8199057,354897696
SZ002594,2018-08-15T00:00:00.000000,43.00,43.90,41.78,42.13,9882281,422981152
SZ002594,2018-08-16T00:00:00.000000,41.45,43.20,41.24,42.26,7403766,313880320
SZ002594,2018-08-17T00:00:00.000000,42.95,43.00,42.01,42.45,5745969,244648240
SZ002594,2018-08-20T00:00:00.000000,42.97,45.35,42.90,45.24,14721713,652700928
SZ002594,2018-08-21T00:00:00.000000,45.25,45.58,44.40,44.90,9845957,442864992
SZ002594,2018-08-22T00:00:00.000000,45.55,45.81,44.16,44.79,9088071,408588416
SZ002594,2018-08-23T00:00:00.000000,44.82,45.40,43.62,44.32,8331691,370017536
SZ002594,2018-08-24T00:00:00.000000,44.35,44.35,42.82,43.45,7830950,339680032
SZ002594,2018-08-27T00:00:00.000000,43.44,45.25,43.38,45.01,8764104,392169184
SZ002594,2018-08-28T00:00:00.000000,45.05,46.15,44.92,45.59,8094281,368320448
SZ002594,2018-08-29T00:00:00.000000,45.41,46.82,45.41,46.30,9144833,423581632
SZ002594,2018-08-30T00:00:00.000000,45.50,46.42,44.64,45.00,9124095,413735712
SZ002594,2018-08-31T00:00:00.000000,44.42,44.88,43.90,44.46,6689826,296774496
SZ002594,2018-09-03T00:00:00.000000,44.39,44.39,43.13,43.67,5608026,244217936
SZ002594,2018-09-04T00:00:00.000000,43.89,44.58,43.61,44.52,5957430,263787456
SZ002594,2018-09-05T00:00:00.000000,44.08,44.51,42.50,42.50,8285524,358289760
SZ002594,2018-09-06T00:00:00.000000,42.50,43.20,42.05,42.60,4691589,200948432
SZ002594,2018-09-07T00:00:00.000000,43.29,44.08,42.65,42.82,6876474,298371264
SZ002594,2018-09-10T00:00:00.000000,42.98,43.44,41.15,41.73,5293319,222230736
SZ002594,2018-09-11T00:00:00.000000,41.55,41.86,40.91,41.52,3522314,145958368
SZ002594,2018-09-12T00:00:00.000000,41.01,42.50,40.71,42.04,5587593,233559552
SZ002594,2018-09-13T00:00:00.000000,42.71,43.05,42.09,42.92,5544831,235991200
SZ002594,2018-09-14T00:00:00.000000,44.21,45.45,44.21,44.81,10533703,470960352
SZ002594,2018-09-17T00:00:00.000000,44.00,45.46,43.50,44.81,8519487,380849824
SZ002594,2018-09-18T00:00:00.000000,44.17,45.34,44.05,45.08,6812547,305784416
SZ002594,2018-09-19T00:00:00.000000,45.10,47.38,44.70,46.96,13001123,605521152
SZ002594,2018-09-20T00:00:00.000000,46.96,47.50,45.95,45.95,8202530,384946496
SZ002594,2018-09-21T00:00:00.000000,47.50,48.75,46.60,47.01,16241236,771531264
SZ002594,2018-09-25T00:00:00.000000,47.30,48.65,47.30,48.20,10244705,493193088
SZ002594,2018-09-26T00:00:00.000000,48.66,48.95,47.78,48.26,9968182,481689824
SZ002594,2018-09-27T00:00:00.000000,48.50,48.60,47.50,47.80,6277425,301075040
SZ002594,2018-09-28T00:00:00.000000,48.00,49.28,47.90,49.10,7687114,375320288
SZ002594,2018-10-08T00:00:00.000000,47.00,47.95,46.42,46.55,11138904,525032416
SZ002594,2018-10-09T00:00:00.000000,46.61,47.60,46.61,47.09,4162304,196036928
SZ002594,2018-10-10T00:00:00.000000,47.35,47.56,45.45,45.91,8821547,406966976
SZ002594,2018-10-11T00:00:00.000000,44.41,45.18,42.67,42.82,11979539,525829632
SZ002594,2018-10-12T00:00:00.000000,43.21,46.80,43.21,46.42,12920513,582234048
SZ002594,2018-10-15T00:00:00.000000,46.58,47.85,46.30,46.93,9543135,449287104
SZ002594,2018-10-16T00:00:00.000000,46.95,47.46,45.28,45.96,6469709,298245824
SZ002594,2018-10-17T00:00:00.000000,46.70,47.66,45.88,47.31,11026262,517523040
SZ002594,2018-10-18T00:00:00.000000,47.00,47.30,45.71,46.18,8386495,389252608
SZ002594,2018-10-19T00:00:00.000000,45.08,47.27,44.00,47.02,11998553,548809984
SZ002594,2018-10-22T00:00:00.000000,47.61,50.20,47.56,50.01,16894490,830863872
SZ002594,2018-10-23T00:00:00.000000,49.85,49.99,47.30,48.46,11535817,561568000
SZ002594,2018-10-24T00:00:00.000000,48.30,49.74,48.01,48.77,10453687,511363104
SZ002594,2018-10-25T00:00:00.000000,47.35,49.75,46.89,49.60,11084735,534735616
SZ002594,2018-10-26T00:00:00.000000,49.99,50.14,47.98,48.62,7678049,375759904
SZ002594,2018-10-29T00:00:00.000000,48.63,48.98,46.90,47.38,6928376,330502208
SZ002594,2018-10-30T00:00:00.000000,47.45,47.74,44.88,46.53,9648676,446449792
SZ002594,2018-10-31T00:00:00.000000,46.44,47.45,46.10,46.79,6115922,286724576
SZ002594,2018-11-01T00:00:00.000000,47.23,47.50,44.98,45.70,10901961,506616960
SZ002594,2018-11-02T00:00:00.000000,46.45,48.15,45.70,48.02,13915635,653896192
SZ002594,2018-11-05T00:00:00.000000,48.00,49.12,47.20,48.25,11008811,530983616
SZ002594,2018-11-06T00:00:00.000000,48.17,48.18,46.90,47.63,5565795,263813776
SZ002594,2018-11-07T00:00:00.000000,46.60,48.05,46.59,47.25,6952911,328618528
SZ002594,2018-11-08T00:00:00.000000,47.68,49.55,47.68,48.98,14215855,691476032
SZ002594,2018-11-09T00:00:00.000000,48.80,50.89,48.33,50.00,14677306,733720320
SZ002594,2018-11-12T00:00:00.000000,49.98,52.10,49.70,51.61,13371184,686089536
SZ002594,2018-11-13T00:00:00.000000,50.62,52.45,50.50,51.00,10587544,544505088
SZ002594,2018-11-14T00:00:00.000000,50.93,52.80,50.88,51.90,10212868,532606592
SZ002594,2018-11-15T00:00:00.000000,51.66,52.29,51.36,51.81,6945786,359591456
SZ002594,2018-11-16T00:00:00.000000,52.00,52.70,50.89,51.55,11324088,586888000
SZ002594,2018-11-19T00:00:00.000000,51.72,55.30,51.58,54.70,16248777,875664704
SZ002594,2018-11-20T00:00:00.000000,54.00,56.98,53.40,55.40,17321080,959224896
SZ002594,2018-11-21T00:00:00.000000,54.76,56.00,54.10,55.00,9410096,516953984
SZ002594,2018-11-22T00:00:00.000000,54.65,56.96,54.65,55.30,10200186,570471552
SZ002594,2018-11-23T00:00:00.000000,55.30,55.67,53.31,54.00,9517096,515611648
SZ002594,2018-11-26T00:00:00.000000,53.91,55.30,53.48,54.16,8274626,449937024
SZ002594,2018-11-27T00:00:00.000000,54.55,57.40,54.55,57.25,15915610,898849536
SZ002594,2018-11-28T00:00:00.000000,57.25,58.68,56.31,57.65,12095946,695702144
SZ002594,2018-11-29T00:00:00.000000,57.85,59.10,57.10,57.65,10492041,609939072
SZ002594,2018-11-30T00:00:00.000000,57.43,58.40,56.42,57.00,8964839,514882208
SZ002594,2018-12-03T00:00:00.000000,58.35,58.92,55.58,56.08,19425836,1110534656
SZ002594,2018-12-04T00:00:00.000000,55.40,56.84,55.11,56.32,11827968,663603392
SZ002594,2018-12-05T00:00:00.000000,55.65,58.15,55.14,57.93,15624838,887736704
SZ002594,2018-12-06T00:00:00.000000,57.51,57.80,54.88,55.35,13582484,759428416
SZ002594,2018-12-07T00:00:00.000000,55.90,57.90,55.55,56.89,12635419,718653312
SZ002594,2018-12-10T00:00:00.000000,56.02,56.55,55.05,55.39,11549923,642323328
SZ002594,2018-12-11T00:00:00.000000,55.72,57.34,55.70,56.16,11147780,630306944
SZ002594,2018-12-12T00:00:00.000000,56.70,58.48,56.60,58.25,13120408,756590016
SZ002594,2018-12-13T00:00:00.000000,58.25,58.56,57.12,58.40,10106504,585047680
SZ002594,2018-12-14T00:00:00.000000,58.37,58.99,56.90,57.30,9291118,537878656
SZ002594,2018-12-17T00:00:00.000000,56.67,57.00,54.00,54.89,14295598,786141504
SZ002594,2018-12-18T00:00:00.000000,54.05,56.10,53.98,55.04,9136520,504509536
SZ002594,2018-12-19T00:00:00.000000,55.21,55.95,53.38,53.50,11336310,617053248
SZ002594,2018-12-20T00:00:00.000000,53.51,54.34,52.83,53.87,10432225,560669504
SZ002594,2018-12-21T00:00:00.000000,53.61,54.19,51.92,52.98,10320890,545598272
SZ002594,2018-12-24T00:00:00.000000,52.73,53.44,52.08,53.21,8160071,431280128
SZ002594,2018-12-25T00:00:00.000000,52.60,52.99,50.88,52.22,11245635,584096960
SZ002594,2018-12-26T00:00:00.000000,52.24,52.68,51.00,51.00,7739062,401148288
SZ002594,2018-12-27T00:00:00.000000,52.11,52.45,50.76,50.84,10076150,519075072
SZ002594,2018-12-28T00:00:00.000000,50.86,51.40,50.11,51.00,8250706,419993120
SZ002594,2019-01-02T00:00:00.000000,51.02,51.39,48.98,49.17,8555445,424670592
SZ002594,2019-01-03T00:00:00.000000,49.26,49.87,47.98,48.06,8347760,407386240
SZ002594,2019-01-04T00:00:00.000000,47.80,51.00,47.51,50.65,12653787,627892544
SZ002594,2019-01-07T00:00:00.000000,50.85,51.88,50.00,51.39,13604550,693197824
SZ002594,2019-01-08T00:00:00.000000,52.30,53.64,52.05,52.88,14705157,777381440
SZ002594,2019-01-09T00:00:00.000000,51.80,53.00,48.50,50.46,26220530,1327590656
SZ002594,2019-01-10T00:00:00.000000,49.90,50.19,48.64,48.85,15345590,757175104
SZ002594,2019-01-11T00:00:00.000000,48.50,49.29,48.38,49.02,9679955,472494720
SZ002594,2019-01-14T00:00:00.000000,49.20,49.21,47.31,48.80,10974634,527419456
SZ002594,2019-01-15T00:00:00.000000,48.39,48.96,47.85,48.80,8353065,405053056
SZ002594,2019-01-16T00:00:00.000000,48.80,49.12,48.32,48.93,6592379,321851872
SZ002594,2019-01-17T00:00:00.000000,48.90,48.91,47.33,47.49,9874378,471791904
SZ002594,2019-01-18T00:00:00.000000,47.49,47.49,46.04,46.82,12599591,587354368
SZ002594,2019-01-21T00:00:00.000000,46.76,48.26,46.12,48.21,13123326,623110336
SZ002594,2019-01-22T00:00:00.000000,48.06,48.80,47.60,47.70,8409377,405187168
SZ002594,2019-01-23T00:00:00.000000,47.42,48.88,47.33,48.80,9661967,468388896
SZ002594,2019-01-24T00:00:00.000000,48.93,48.97,47.66,48.52,7171159,346868864
SZ002594,2019-01-25T00:00:00.000000,48.55,49.64,48.19,49.18,10092916,495909184
SZ002594,2019-01-28T00:00:00.000000,49.20,49.85,48.28,48.46,8625359,421062144
SZ002594,2019-01-29T00:00:00.000000,48.45,48.45,47.03,48.00,6150317,294079264
SZ002594,2019-01-30T00:00:00.000000,47.95,48.27,46.90,47.15,8342614,395168896
SZ002594,2019-01-31T00:00:00.000000,47.10,47.49,46.27,46.42,7188509,336548864
SZ002594,2019-02-01T00:00:00.000000,46.75,48.31,46.51,48.27,9178000,437206880
SZ002594,2019-02-11T00:00:00.000000,48.80,50.33,48.80,50.20,12887065,643280512
SZ002594,2019-02-12T00:00:00.000000,50.21,51.15,49.88,50.58,10299151,520271552
SZ002594,2019-02-13T00:00:00.000000,50.58,52.09,50.32,51.57,12296482,631189952
SZ002594,2019-02-14T00:00:00.000000,51.85,54.06,51.85,53.72,16912415,900048064
SZ002594,2019-02-15T00:00:00.000000,53.40,53.40,51.52,51.67,15291589,798355776
SZ002594,2019-02-18T00:00:00.000000,51.93,52.79,51.64,52.45,16818485,878505536
SZ002594,2019-02-19T00:00:00.000000,52.50,52.66,50.99,51.74,14436453,746470464
SZ002594,2019-02-20T00:00:00.000000,51.80,52.80,51.54,52.36,12499899,653706176
SZ002594,2019-02-21T00:00:00.000000,52.30,53.01,51.56,51.94,12605557,659357696
SZ002594,2019-02-22T00:00:00.000000,51.80,51.88,50.90,51.88,11967784,614630400
SZ002594,2019-02-25T00:00:00.000000,51.88,55.13,51.50,55.06,25838209,1389427968
SZ002594,2019-02-26T00:00:00.000000,57.20,58.67,56.44,56.74,29199550,1676147840
SZ002594,2019-02-27T00:00:00.000000,56.20,56.25,54.15,54.96,22854262,1257964288
SZ002594,2019-02-28T00:00:00.000000,55.12,55.22,54.16,54.51,9423738,515781632
SZ002594,2019-03-01T00:00:00.000000,54.88,54.98,52.88,53.80,17456253,935733504
SZ002594,2019-03-04T00:00:00.000000,54.00,54.79,52.73,53.68,30225810,1617182208
SZ002594,2019-03-05T00:00:00.000000,53.66,54.23,53.00,54.08,19630591,1054132224
SZ002594,2019-03-06T00:00:00.000000,54.50,54.96,53.50,54.44,22052178,1195891968
SZ002594,2019-03-07T00:00:00.000000,54.10,54.10,53.01,53.38,18283943,976603648
SZ002594,2019-03-08T00:00:00.000000,53.00,53.00,51.05,51.12,18528150,962751232
SZ002594,2019-03-11T00:00:00.000000,51.10,52.48,51.10,52.37,12619650,654575680
SZ002594,2019-03-12T00:00:00.000000,52.40,52.88,51.71,51.99,13861548,725665664
SZ002594,2019-03-13T00:00:00.000000,51.78,52.77,51.30,52.00,12720968,662997504
SZ002594,2019-03-14T00:00:00.000000,52.01,55.15,52.01,54.57,35036743,1889955200
SZ002594,2019-03-15T00:00:00.000000,55.05,56.20,54.13,55.39,25542562,1416034176
SZ002594,2019-03-18T00:00:00.000000,55.50,56.44,55.39,55.66,15458909,863433536
SZ002594,2019-03-19T00:00:00.000000,56.15,56.66,55.51,55.99,12405988,695763520
SZ002594,2019-03-20T00:00:00.000000,56.25,56.67,54.85,55.40,12272270,685243136
SZ002594,2019-03-21T00:00:00.000000,55.40,55.98,54.64,55.05,10900192,603820544
SZ002594,2019-03-22T00:00:00.000000,55.15,57.58,54.99,57.00,17303254,982926464
SZ002594,2019-03-25T00:00:00.000000,56.00,57.97,55.72,56.50,12456202,709514816
SZ002594,2019-03-26T00:00:00.000000,57.00,57.55,55.08,55.25,10554904,594395008
SZ002594,2019-03-27T00:00:00.000000,54.77,56.55,53.70,54.71,14745006,804456192
SZ002594,2019-03-28T00:00:00.000000,55.65,55.66,52.50,52.77,16794728,895034560
SZ002594,2019-03-29T00:00:00.000000,52.86,53.56,52.16,53.49,12835396,680888768
SZ002594,2019-04-01T00:00:00.000000,53.54,54.79,53.30,54.45,16069815,870253120
SZ002594,2019-04-02T00:00:00.000000,54.61,54.98,54.00,54.68,12843660,697294592
SZ002594,2019-04-03T00:00:00.000000,54.71,54.90,54.17,54.39,10170257,554172096
SZ002594,2019-04-04T00:00:00.000000,54.54,55.64,54.42,55.19,14770621,814495104
SZ002594,2019-04-08T00:00:00.000000,55.48,55.62,52.90,53.44,16560019,896323904
SZ002594,2019-04-09T00:00:00.000000,53.55,55.30,53.55,54.93,13304870,724828864
SZ002594,2019-04-10T00:00:00.000000,54.95,56.30,53.67,55.52,17645457,976494656
SZ002594,2019-04-11T00:00:00.000000,55.78,57.40,54.73,54.93,18387302,1031866112
SZ002594,2019-04-12T00:00:00.000000,54.75,54.75,53.67,54.09,8946041,484592128
SZ002594,2019-04-15T00:00:00.000000,54.46,55.24,53.33,53.54,10020148,544377856
SZ002594,2019-04-16T00:00:00.000000,53.54,57.05,53.30,56.73,21009570,1165362432
SZ002594,2019-04-17T00:00:00.000000,58.10,62.40,58.10,62.40,49171414,2999382016
SZ002594,2019-04-18T00:00:00.000000,62.30,62.31,58.90,59.32,31469652,1902702592
SZ002594,2019-04-19T00:00:00.000000,59.01,61.80,58.51,60.13,17436429,1050880576
SZ002594,2019-04-22T00:00:00.000000,60.00,60.13,57.19,57.71,15252484,888126592
SZ002594,2019-04-23T00:00:00.000000,57.75,57.91,56.61,56.96,9968587,569865408
SZ002594,2019-04-24T00:00:00.000000,57.44,58.17,56.65,58.15,11292285,651607936
SZ002594,2019-04-25T00:00:00.000000,57.70,57.70,56.00,56.16,9292485,526376224
SZ002594,2019-04-26T00:00:00.000000,56.09,56.59,55.13,55.36,8208926,457693824
SZ002594,2019-04-29T00:00:00.000000,56.50,56.98,55.45,55.65,10512820,591529408
SZ002594,2019-04-30T00:00:00.000000,55.55,56.90,55.25,56.90,7927423,447723200
SZ002594,2019-05-06T00:00:00.000000,54.88,55.28,51.84,52.05,13554364,725208704
SZ002594,2019-05-07T00:00:00.000000,52.42,53.58,52.07,53.01,8574247,454013984
SZ002594,2019-05-08T00:00:00.000000,52.03,53.32,51.41,51.85,9814703,511300544
SZ002594,2019-05-09T00:00:00.000000,51.90,52.25,50.67,51.11,7426390,380777312
SZ002594,2019-05-10T00:00:00.000000,51.86,52.32,49.70,52.26,9046503,467950656
SZ002594,2019-05-13T00:00:00.000000,52.20,52.20,50.50,51.02,6496077,331705664
SZ002594,2019-05-14T00:00:00.000000,50.45,51.00,50.10,50.19,6297478,318067072
SZ002594,2019-05-15T00:00:00.000000,50.61,51.33,50.33,51.29,6802685,346688288
SZ002594,2019-05-16T00:00:00.000000,51.25,51.89,51.20,51.47,5837700,300715968
SZ002594,2019-05-17T00:00:00.000000,51.30,51.45,50.00,50.22,6750482,340767744
SZ002594,2019-05-20T00:00:00.000000,50.40,50.42,48.50,49.00,7829597,383243520
SZ002594,2019-05-21T00:00:00.000000,49.16,49.61,48.70,49.40,5986063,295136960
SZ002594,2019-05-22T00:00:00.000000,49.49,49.51,48.60,48.93,5262337,257348048
SZ002594,2019-05-23T00:00:00.000000,49.30,49.48,47.47,47.59,10705719,514288096
SZ002594,2019-05-24T00:00:00.000000,47.71,49.69,47.00,48.61,9376616,451740384
SZ002594,2019-05-27T00:00:00.000000,48.30,48.99,47.30,48.81,7956686,383543232
SZ002594,2019-05-28T00:00:00.000000,48.81,50.50,48.71,50.50,12252548,610836928
SZ002594,2019-05-29T00:00:00.000000,49.51,49.95,49.27,49.60,5665872,281063744
SZ002594,2019-05-30T00:00:00.000000,49.50,49.50,48.25,48.37,5540362,269187296
SZ002594,2019-05-31T00:00:00.000000,48.64,48.93,47.87,48.25,5359067,259382624
SZ002594,2019-06-03T00:00:00.000000,48.71,49.16,48.04,48.79,5396170,261923872
SZ002594,2019-06-04T00:00:00.000000,48.44,48.60,47.70,48.51,4933099,237326288
SZ002594,2019-06-05T00:00:00.000000,48.98,49.35,48.60,48.90,6727146,329419968
SZ002594,2019-06-06T00:00:00.000000,49.69,50.12,49.00,49.37,10634788,527701760
SZ002594,2019-06-10T00:00:00.000000,51.00,51.91,50.66,50.90,13108181,671025792
SZ002594,2019-06-11T00:00:00.000000,50.57,51.69,50.15,51.55,11968634,611970752
SZ002594,2019-06-12T00:00:00.000000,51.56,51.56,50.56,50.75,9379099,476661984
SZ002594,2019-06-13T00:00:00.000000,50.70,50.70,49.89,50.22,6805893,341679840
SZ002594,2019-06-14T00:00:00.000000,50.30,50.49,49.30,49.35,6255308,311449184
SZ002594,2019-06-17T00:00:00.000000,49.49,49.93,49.00,49.10,5300507,261630784
SZ002594,2019-06-18T00:00:00.000000,49.11,49.60,48.97,49.20,5472368,269093632
SZ002594,2019-06-19T00:00:00.000000,50.12,50.35,49.46,49.60,9254967,461559424
SZ002594,2019-06-20T00:00:00.000000,49.60,50.49,49.08,50.29,12116866,604664128
SZ002594,2019-06-21T00:00:00.000000,50.20,50.68,50.00,50.55,10652486,537052480
SZ002594,2019-06-24T00:00:00.000000,50.55,50.88,50.21,50.76,6540116,331224640
SZ002594,2019-06-25T00:00:00.000000,50.50,50.68,49.70,49.90,7874219,393724896
SZ002594,2019-06-26T00:00:00.000000,49.56,50.60,49.41,50.03,5713927,286425568
SZ002594,2019-06-27T00:00:00.000000,50.20,50.86,50.06,50.54,8118108,410302464
SZ002594,2019-06-28T00:00:00.000000,50.55,50.83,50.23,50.72,5517097,278912032
SZ002594,2019-07-01T00:00:00.000000,51.60,52.13,51.08,51.91,11436363,591468288
SZ002594,2019-07-02T00:00:00.000000,51.91,54.40,51.55,53.18,15855634,845974016
SZ002594,2019-07-03T00:00:00.000000,53.18,54.20,52.77,53.40,11872344,636771008
SZ002594,2019-07-04T00:00:00.000000,53.42,54.11,52.82,53.24,8147145,435697728
SZ002594,2019-07-05T00:00:00.000000,53.24,53.77,52.18,53.26,8251329,437855968
SZ002594,2019-07-08T00:00:00.000000,53.27,53.29,51.26,52.32,9730846,509579136
SZ002594,2019-07-09T00:00:00.000000,52.19,55.05,52.07,54.89,18105310,978273344
SZ002594,2019-07-10T00:00:00.000000,54.60,54.60,53.51,53.90,11979195,645839744
SZ002594,2019-07-11T00:00:00.000000,53.92,54.15,52.89,53.25,9230370,493283904
SZ002594,2019-07-12T00:00:00.000000,53.30,54.78,53.20,54.26,10375030,562711488
SZ002594,2019-07-15T00:00:00.000000,54.28,55.88,53.62,55.35,12220676,672943680
SZ002594,2019-07-16T00:00:00.000000,55.14,55.25,54.60,54.78,5394609,295764352
SZ002594,2019-07-17T00:00:00.000000,54.79,55.20,54.40,54.65,6212871,340228576
SZ002594,2019-07-18T00:00:00.000000,54.37,54.37,53.06,53.45,8958440,478991328
SZ002594,2019-07-19T00:00:00.000000,53.61,54.23,53.36,53.93,6007225,323902144
SZ002594,2019-07-22T00:00:00.000000,54.50,55.43,54.04,54.90,11534418,632700608
SZ002594,2019-07-23T00:00:00.000000,54.80,57.25,54.36,56.33,14107181,790276992
SZ002594,2019-07-24T00:00:00.000000,56.80,57.26,56.20,56.34,10612397,602258048
SZ002594,2019-07-25T00:00:00.000000,56.34,56.98,55.82,56.80,6902262,389643328
SZ002594,2019-07-26T00:00:00.000000,56.25,57.88,56.00,57.42,10588385,605449728
SZ002594,2019-07-29T00:00:00.000000,57.84,57.95,56.59,57.22,6343402,362394976
SZ002594,2019-07-30T00:00:00.000000,57.25,57.46,56.54,57.08,7548523,429968224
SZ002594,2019-07-31T00:00:00.000000,56.80,56.80,55.48,55.95,8971983,502687424
SZ002594,2019-08-01T00:00:00.000000,55.70,56.28,55.18,55.73,8866960,493036928
SZ002594,2019-08-02T00:00:00.000000,54.06,55.03,53.85,54.39,8417992,458483264
SZ002594,2019-08-05T00:00:00.000000,54.20,54.47,52.21,52.38,10457532,555556928
SZ002594,2019-08-06T00:00:00.000000,51.41,51.98,50.45,51.37,10836219,554889920
SZ002594,2019-08-07T00:00:00.000000,51.65,51.90,50.57,50.80,7113098,363369312
SZ002594,2019-08-08T00:00:00.000000,51.13,51.31,50.50,50.86,7145616,363707712
SZ002594,2019-08-09T00:00:00.000000,51.30,51.96,50.86,50.99,8577344,440459424
SZ002594,2019-08-12T00:00:00.000000,50.88,51.20,49.80,51.20,9073899,458849760
SZ002594,2019-08-13T00:00:00.000000,50.51,50.69,49.40,49.50,13533320,674159680
SZ002594,2019-08-14T00:00:00.000000,50.20,50.50,49.76,50.29,9268729,465589312
SZ002594,2019-08-15T00:00:00.000000,49.45,50.37,49.04,50.11,6644666,330083360
SZ002594,2019-08-16T00:00:00.000000,50.30,51.55,50.12,51.07,9030127,461801376
SZ002594,2019-08-19T00:00:00.000000,52.00,52.19,51.20,52.10,10680625,553165952
SZ002594,2019-08-20T00:00:00.000000,51.79,52.09,51.30,51.43,8799564,454068928
SZ002594,2019-08-21T00:00:00.000000,51.33,51.62,50.88,51.62,8567785,438446560
SZ002594,2019-08-22T00:00:00.000000,50.90,50.90,49.67,50.21,21108924,1057906176
SZ002594,2019-08-23T00:00:00.000000,50.00,50.01,48.24,48.89,24696939,1209219968
SZ002594,2019-08-26T00:00:00.000000,48.02,49.05,47.74,49.03,14227441,690592192
SZ002594,2019-08-27T00:00:00.000000,49.12,49.63,49.10,49.54,14479160,715147648
SZ002594,2019-08-28T00:00:00.000000,50.30,51.34,49.79,49.81,17650972,890016576
SZ002594,2019-08-29T00:00:00.000000,49.78,49.78,48.80,49.10,9740862,478134208
SZ002594,2019-08-30T00:00:00.000000,49.58,49.89,49.16,49.45,10182534,504256096
SZ002594,2019-09-02T00:00:00.000000,49.98,50.00,49.34,49.72,11833676,587224064
SZ002594,2019-09-03T00:00:00.000000,49.99,49.99,49.15,49.49,9567533,472364320
SZ002594,2019-09-04T00:00:00.000000,49.48,49.48,49.01,49.37,10703502,525959136
SZ002594,2019-09-05T00:00:00.000000,49.50,50.40,49.49,50.14,17490743,875402240
SZ002594,2019-09-06T00:00:00.000000,50.34,51.20,50.21,50.49,14657357,741340608
SZ002594,2019-09-09T00:00:00.000000,50.85,51.66,50.56,51.58,19482841,997120960
SZ002594,2019-09-10T00:00:00.000000,51.70,51.87,50.86,51.15,12837364,656697472
SZ002594,2019-09-11T00:00:00.000000,51.26,51.68,50.90,51.11,11635720,595551872
SZ002594,2019-09-12T00:00:00.000000,51.30,51.38,50.36,50.79,9914481,503285184
SZ002594,2019-09-16T00:00:00.000000,51.35,51.36,50.85,51.16,8378772,428267712
SZ002594,2019-09-17T00:00:00.000000,51.20,51.23,49.68,49.97,10559765,529991136
SZ002594,2019-09-18T00:00:00.000000,50.00,50.13,49.81,50.04,5328299,266325728
SZ002594,2019-09-19T00:00:00.000000,50.18,50.26,49.80,50.19,6170761,308751040
SZ002594,2019-09-20T00:00:00.000000,50.40,50.44,50.00,50.07,6876285,344745440
SZ002594,2019-09-23T00:00:00.000000,49.90,49.95,48.85,49.18,9593517,471134528
SZ002594,2019-09-24T00:00:00.000000,49.40,50.40,49.19,49.87,7983375,398163616
SZ002594,2019-09-25T00:00:00.000000,49.85,49.85,48.90,49.04,8075345,396537344
SZ002594,2019-09-26T00:00:00.000000,49.30,49.50,48.48,48.49,6952445,339274816
SZ002594,2019-09-27T00:00:00.000000,48.49,48.81,48.38,48.58,4068099,197703056
SZ002594,2019-09-30T00:00:00.000000,48.65,49.13,48.54,48.78,4914451,240165088
SZ002594,2019-10-08T00:00:00.000000,48.80,49.26,48.30,48.42,4861484,237568928
SZ002594,2019-10-09T00:00:00.000000,48.30,48.32,47.28,48.09,5047112,241379424
SZ002594,2019-10-10T00:00:00.000000,48.40,49.20,48.36,49.00,6255309,306006464
SZ002594,2019-10-11T00:00:00.000000,48.50,48.96,47.97,48.43,7574174,368013984
SZ002594,2019-10-14T00:00:00.000000,48.98,49.38,48.50,48.85,8388152,410269728
SZ002594,2019-10-15T00:00:00.000000,48.90,49.00,47.90,48.00,7661072,369180672
SZ002594,2019-10-16T00:00:00.000000,48.00,48.24,47.48,47.52,7150354,340699072
SZ002594,2019-10-17T00:00:00.000000,47.52,47.75,47.40,47.52,3851023,183173456
SZ002594,2019-10-18T00:00:00.000000,47.99,47.99,46.82,46.90,7500971,353826112
SZ002594,2019-10-21T00:00:00.000000,46.90,46.98,46.21,46.57,5282536,245221088
SZ002594,2019-10-22T00:00:00.000000,46.59,46.86,46.52,46.80,3322407,155146528
SZ002594,2019-10-23T00:00:00.000000,46.79,46.95,46.56,46.60,3036755,141635936
SZ002594,2019-10-24T00:00:00.000000,46.50,46.82,46.50,46.66,3156884,147314384
SZ002594,2019-10-25T00:00:00.000000,46.80,47.17,46.44,47.04,3707553,173422880
SZ002594,2019-10-28T00:00:00.000000,47.03,47.46,47.03,47.30,5259192,248669248
SZ002594,2019-10-29T00:00:00.000000,47.34,47.89,47.10,47.15,5510938,261660448
SZ002594,2019-10-30T00:00:00.000000,45.90,45.90,43.50,43.96,17241884,764931712
SZ002594,2019-10-31T00:00:00.000000,43.95,43.95,42.60,42.85,11068357,475701024
SZ002594,2019-11-01T00:00:00.000000,42.80,43.75,42.30,43.57,6730450,291051712
SZ002594,2019-11-04T00:00:00.000000,43.57,43.80,43.13,43.43,5411918,234941648
SZ002594,2019-11-05T00:00:00.000000,43.52,44.35,43.02,43.95,7699013,336061248
SZ002594,2019-11-06T00:00:00.000000,44.10,44.85,43.53,44.31,9671421,429240480
SZ002594,2019-11-07T00:00:00.000000,44.03,45.65,43.69,44.68,9683550,433523296
SZ002594,2019-11-08T00:00:00.000000,45.88,45.95,44.80,44.88,9137313,414639264
SZ002594,2019-11-11T00:00:00.000000,44.80,44.80,43.63,43.95,6167358,272426336
SZ002594,2019-11-12T00:00:00.000000,43.92,44.33,43.55,44.10,4456929,196281808
SZ002594,2019-11-13T00:00:00.000000,44.12,44.17,43.00,43.28,5797794,251998384
SZ002594,2019-11-14T00:00:00.000000,43.50,43.82,43.32,43.52,4039789,175929264
SZ002594,2019-11-15T00:00:00.000000,43.53,43.63,42.80,43.12,4614919,199139088
SZ002594,2019-11-18T00:00:00.000000,42.90,43.03,42.52,42.83,5368647,229761360
SZ002594,2019-11-19T00:00:00.000000,42.56,43.75,42.56,43.74,5346348,231949856
SZ002594,2019-11-20T00:00:00.000000,43.60,43.60,43.01,43.10,3938684,170528000
SZ002594,2019-11-21T00:00:00.000000,43.20,43.87,42.78,43.62,5699971,247633920
SZ002594,2019-11-22T00:00:00.000000,43.73,44.60,43.45,43.82,7026890,309191776
SZ002594,2019-11-25T00:00:00.000000,44.16,45.28,43.54,44.87,12172663,541772288
SZ002594,2019-11-26T00:00:00.000000,44.78,45.09,43.75,44.60,9956805,442825728
SZ002594,2019-11-27T00:00:00.000000,44.46,44.47,43.85,43.90,4833098,212902112
SZ002594,2019-11-28T00:00:00.000000,43.58,43.73,43.15,43.18,4812003,208644192
SZ002594,2019-11-29T00:00:00.000000,43.27,43.62,43.02,43.39,4410362,190926832
SZ002594,2019-12-02T00:00:00.000000,43.39,43.54,43.05,43.15,4331093,187308256
SZ002594,2019-12-03T00:00:00.000000,43.15,43.84,42.99,43.79,4704804,204097552
SZ002594,2019-12-04T00:00:00.000000,43.72,44.44,43.44,44.13,6895971,303525504
SZ002594,2019-12-05T00:00:00.000000,44.20,44.41,43.90,44.04,6286453,277165408
SZ002594,2019-12-06T00:00:00.000000,44.05,44.14,43.47,43.71,6814573,297440960
SZ002594,2019-12-09T00:00:00.000000,43.71,43.80,43.27,43.38,5825985,252881168
SZ002594,2019-12-10T00:00:00.000000,43.53,43.53,43.20,43.43,4217317,182927328
SZ002594,2019-12-11T00:00:00.000000,43.36,44.23,43.19,44.12,8887329,389740640
SZ002594,2019-12-12T00:00:00.000000,44.09,44.09,43.23,43.48,8092275,353467360
SZ002594,2019-12-13T00:00:00.000000,43.79,43.89,43.23,43.37,14160083,614076992
SZ002594,2019-12-16T00:00:00.000000,43.43,44.15,43.23,44.13,12526348,547285376
SZ002594,2019-12-17T00:00:00.000000,44.17,45.55,44.16,45.04,19047175,857264000
SZ002594,2019-12-18T00:00:00.000000,45.08,45.08,44.53,44.70,11322913,506519520
SZ002594,2019-12-19T00:00:00.000000,44.70,45.00,44.26,44.97,10116347,451499520
SZ002594,2019-12-20T00:00:00.000000,45.23,47.28,45.05,46.62,28983802,1344330880
SZ002594,2019-12-23T00:00:00.000000,46.32,46.42,45.47,45.54,13277509,608250688
SZ002594,2019-12-24T00:00:00.000000,45.75,46.85,45.75,46.78,15660222,725017600
SZ002594,2019-12-25T00:00:00.000000,47.05,48.14,46.51,46.85,19183257,906693888
SZ002594,2019-12-26T00:00:00.000000,46.21,47.25,46.14,46.41,11034572,513101984
SZ002594,2019-12-27T00:00:00.000000,46.20,46.85,46.00,46.00,10962127,507597024
SZ002594,2019-12-30T00:00:00.000000,46.35,47.80,46.02,47.64,19647712,925707968
SZ002594,2019-12-31T00:00:00.000000,47.51,48.10,46.90,47.67,13216616,626863872
SZ002594,2020-01-02T00:00:00.000000,47.69,48.47,47.51,48.17,15934570,765516480
SZ002594,2020-01-03T00:00:00.000000,48.20,48.99,47.68,48.04,12993607,628361984
SZ002594,2020-01-06T00:00:00.000000,47.39,49.19,47.19,48.28,16987138,822172480
SZ002594,2020-01-07T00:00:00.000000,48.31,48.50,47.77,48.05,9340058,449013440
SZ002594,2020-01-08T00:00:00.000000,47.55,48.35,47.15,47.28,11097445,529249408
SZ002594,2020-01-09T00:00:00.000000,47.75,48.20,47.38,47.65,8921700,425352448
SZ002594,2020-01-10T00:00:00.000000,47.66,47.66,46.61,46.92,10929463,512929728
SZ002594,2020-01-13T00:00:00.000000,51.61,51.61,50.51,51.61,51882759,2662873856
SZ002594,2020-01-14T00:00:00.000000,55.00,55.99,53.00,53.44,61497596,3356918784
SZ002594,2020-01-15T00:00:00.000000,54.01,54.75,52.28,53.31,29870523,1594534528
SZ002594,2020-01-16T00:00:00.000000,53.49,54.54,51.78,54.09,33573707,1778235648
SZ002594,2020-01-17T00:00:00.000000,53.86,59.50,53.20,57.95,53060038,3022542336
SZ002594,2020-01-20T00:00:00.000000,57.30,59.90,56.50,58.76,30077562,1742179840
SZ002594,2020-01-21T00:00:00.000000,57.72,57.73,56.55,56.72,20383657,1161444864
SZ002594,2020-01-22T00:00:00.000000,56.50,60.50,56.10,59.27,32797995,1927419392
SZ002594,2020-01-23T00:00:00.000000,57.99,61.88,57.51,59.83,29158496,1735366400
SZ002594,2020-02-03T00:00:00.000000,53.85,54.48,53.85,53.85,10039800,540735168
SZ002594,2020-02-04T00:00:00.000000,54.00,57.50,54.00,56.36,36777530,2057907712
SZ002594,2020-02-05T00:00:00.000000,57.70,62.00,56.99,60.81,44623025,2698234880
SZ002594,2020-02-06T00:00:00.000000,58.45,60.85,58.40,60.75,30113181,1792085760
SZ002594,2020-02-07T00:00:00.000000,60.74,60.74,56.66,57.90,32128159,1868897024
SZ002594,2020-02-10T00:00:00.000000,59.20,63.36,58.85,60.93,35279646,2143782528
SZ002594,2020-02-11T00:00:00.000000,60.00,60.12,58.28,59.04,19617574,1162310528
SZ002594,2020-02-12T00:00:00.000000,59.04,60.60,58.35,59.19,19745556,1171671680
SZ002594,2020-02-13T00:00:00.000000,58.50,60.13,57.50,57.55,23694703,1387055872
SZ002594,2020-02-14T00:00:00.000000,57.56,57.90,56.44,56.90,21117383,1205977344
SZ002594,2020-02-17T00:00:00.000000,56.91,58.56,56.91,58.48,20988900,1215249664
SZ002594,2020-02-18T00:00:00.000000,57.80,60.00,57.77,59.47,22836532,1350970752
SZ002594,2020-02-19T00:00:00.000000,64.47,64.48,61.66,61.91,43747653,2773613056
SZ002594,2020-02-20T00:00:00.000000,63.17,68.10,63.11,68.10,64939094,4366081536
SZ002594,2020-02-21T00:00:00.000000,67.00,68.27,65.68,67.50,45518916,3046191104
SZ002594,2020-02-24T00:00:00.000000,65.42,67.14,64.96,66.20,35796879,2351741696
SZ002594,2020-02-25T00:00:00.000000,64.40,72.19,64.17,70.85,40743409,2786635264
SZ002594,2020-02-26T00:00:00.000000,69.78,75.80,69.00,71.70,52276832,3774510848
SZ002594,2020-02-27T00:00:00.000000,71.68,73.15,68.08,70.05,27269996,1912686976
SZ002594,2020-02-28T00:00:00.000000,66.66,68.99,64.95,65.37,33825352,2251947776
SZ002594,2020-03-02T00:00:00.000000,65.60,67.23,64.00,66.85,22564321,1492112256
SZ002594,2020-03-03T00:00:00.000000,69.80,70.20,67.46,67.87,27425292,1880749824
SZ002594,2020-03-04T00:00:00.000000,66.95,67.80,64.72,66.58,18093253,1198529280
SZ002594,2020-03-05T00:00:00.000000,67.02,67.62,65.50,66.81,17000367,1128290432
SZ002594,2020-03-06T00:00:00.000000,65.50,67.55,65.33,65.36,14720960,972612992
SZ002594,2020-03-09T00:00:00.000000,63.29,63.29,59.18,59.45,29247882,1789143808
SZ002594,2020-03-10T00:00:00.000000,57.60,61.50,57.33,60.17,26680523,1578089216
SZ002594,2020-03-11T00:00:00.000000,60.77,61.15,58.60,58.75,22221247,1327803136
SZ002594,2020-03-12T00:00:00.000000,57.31,57.66,55.90,57.03,23238254,1319050368
SZ002594,2020-03-13T00:00:00.000000,53.80,56.50,52.35,55.66,21319807,1162290560
SZ002594,2020-03-16T00:00:00.000000,56.59,57.33,53.88,53.88,23877348,1326361216
SZ002594,2020-03-17T00:00:00.000000,53.88,54.96,51.88,53.04,18091852,961588992
SZ002594,2020-03-18T00:00:00.000000,53.59,54.67,52.02,52.09,17268432,925695040
SZ002594,2020-03-19T00:00:00.000000,52.11,52.52,49.88,51.36,19445000,993678528
SZ002594,2020-03-20T00:00:00.000000,52.30,52.79,51.40,52.52,14829620,772921088
SZ002594,2020-03-23T00:00:00.000000,50.25,50.80,47.89,48.15,24273976,1190535680
SZ002594,2020-03-24T00:00:00.000000,49.26,49.88,47.39,49.73,20502711,1002130048
SZ002594,2020-03-25T00:00:00.000000,51.55,52.80,51.04,52.25,28978742,1504804480
SZ002594,2020-03-26T00:00:00.000000,52.50,55.18,51.61,54.27,29662084,1588497024
SZ002594,2020-03-27T00:00:00.000000,55.40,56.05,54.44,54.78,22997249,1269534080
SZ002594,2020-03-30T00:00:00.000000,55.00,57.78,54.87,56.23,32893740,1855914368
SZ002594,2020-03-31T00:00:00.000000,56.76,59.99,55.45,59.97,35017444,2037070464
SZ002594,2020-04-01T00:00:00.000000,59.90,60.66,57.02,57.12,36556547,2139092096
SZ002594,2020-04-02T00:00:00.000000,56.70,56.70,54.80,56.59,23384169,1300691328
SZ002594,2020-04-03T00:00:00.000000,56.59,56.59,54.91,55.00,16918966,940495680
SZ002594,2020-04-07T00:00:00.000000,56.44,56.92,55.60,56.31,18911589,1061432576
SZ002594,2020-04-08T00:00:00.000000,55.80,55.80,55.04,55.32,12954327,717031936
SZ002594,2020-04-09T00:00:00.000000,55.81,56.54,55.55,55.65,13333832,746729536
SZ002594,2020-04-10T00:00:00.000000,56.28,56.28,54.15,54.57,13185472,727755072
SZ002594,2020-04-13T00:00:00.000000,54.73,55.94,54.73,55.80,10255956,569833088
SZ002594,2020-04-14T00:00:00.000000,55.80,58.00,55.38,57.92,23386305,1338857728
SZ002594,2020-04-15T00:00:00.000000,59.36,62.39,58.38,60.14,30622736,1847393280
SZ002594,2020-04-16T00:00:00.000000,60.10,61.30,59.05,60.01,16525891,992639168
SZ002594,2020-04-17T00:00:00.000000,60.60,60.98,58.68,58.80,15649005,931863488
SZ002594,2020-04-20T00:00:00.000000,59.40,59.40,58.16,58.86,10747360,630616704
SZ002594,2020-04-21T00:00:00.000000,58.50,59.68,57.80,59.37,14714834,864113088
SZ002594,2020-04-22T00:00:00.000000,58.40,60.00,57.88,59.43,12145802,715492480
SZ002594,2020-04-23T00:00:00.000000,59.99,60.55,58.04,58.25,11602798,686078400
SZ002594,2020-04-24T00:00:00.000000,58.67,60.49,58.50,58.73,13594893,806969216
SZ002594,2020-04-27T00:00:00.000000,59.02,59.09,56.88,56.98,13826532,799777344
SZ002594,2020-04-28T00:00:00.000000,57.00,57.59,54.76,56.98,12865794,725364992
SZ002594,2020-04-29T00:00:00.000000,58.20,59.45,57.56,58.00,16512556,964564480
SZ002594,2020-04-30T00:00:00.000000,58.82,60.58,58.51,59.96,21887625,1303496192
SZ002594,2020-05-06T00:00:00.000000,59.40,62.50,59.10,62.18,23190623,1420097920
SZ002594,2020-05-07T00:00:00.000000,62.17,62.17,59.98,60.09,22511802,1362997632
SZ002594,2020-05-08T00:00:00.000000,60.11,60.50,59.30,59.78,17147173,1025569472
SZ002594,2020-05-11T00:00:00.000000,59.29,59.66,58.11,58.88,19071621,1121805568
SZ002594,2020-05-12T00:00:00.000000,58.89,59.14,58.20,59.13,10401966,610124992
SZ002594,2020-05-13T00:00:00.000000,59.13,59.75,58.50,58.99,11111516,657744000
SZ002594,2020-05-14T00:00:00.000000,58.90,58.90,57.55,57.69,11836313,688315264
SZ002594,2020-05-15T00:00:00.000000,57.79,58.58,57.30,57.96,10277106,595823296
SZ002594,2020-05-18T00:00:00.000000,57.40,58.40,56.40,57.18,10474339,601110784
SZ002594,2020-05-19T00:00:00.000000,58.00,58.60,57.75,58.22,9404190,547143040
SZ002594,2020-05-20T00:00:00.000000,58.70,60.30,58.67,59.01,16470785,981282432
SZ002594,2020-05-21T00:00:00.000000,59.11,59.37,57.01,57.15,12096788,697047168
SZ002594,2020-05-22T00:00:00.000000,57.16,57.67,55.51,56.03,9234961,522767776
SZ002594,2020-05-25T00:00:00.000000,56.03,56.55,55.31,56.52,5969703,334368704
SZ002594,2020-05-26T00:00:00.000000,56.80,58.38,56.80,58.30,9854368,570419200
SZ002594,2020-05-27T00:00:00.000000,59.60,59.95,57.07,57.30,11361742,662802624
SZ002594,2020-05-28T00:00:00.000000,57.35,58.23,56.40,57.48,8630023,494679168
SZ002594,2020-05-29T00:00:00.000000,57.12,58.02,56.81,57.41,6803639,390882848
SZ002594,2020-06-01T00:00:00.000000,57.75,59.69,57.44,59.33,16106781,949983296
SZ002594,2020-06-02T00:00:00.000000,59.57,62.18,58.88,61.00,20479610,1235513472
SZ002594,2020-06-03T00:00:00.000000,60.79,61.05,59.48,59.93,14635695,882603776
SZ002594,2020-06-04T00:00:00.000000,60.48,61.20,59.71,60.11,10574332,637797440
SZ002594,2020-06-05T00:00:00.000000,61.00,63.28,60.33,63.20,26545122,1643855488
SZ002594,2020-06-08T00:00:00.000000,63.00,63.83,62.45,62.79,17244111,1087013120
SZ002594,2020-06-09T00:00:00.000000,63.00,64.41,61.69,61.98,20443053,1285542272
SZ002594,2020-06-10T00:00:00.000000,62.26,62.42,60.68,61.05,18619403,1140629376
SZ002594,2020-06-11T00:00:00.000000,61.87,64.20,61.51,62.84,28023252,1764678784
SZ002594,2020-06-12T00:00:00.000000,61.40,61.93,60.63,61.48,17549710,1075893120
SZ002594,2020-06-15T00:00:00.000000,62.50,63.88,61.25,62.50,19574028,1225432576
SZ002594,2020-06-16T00:00:00.000000,63.80,64.46,63.13,64.10,21411572,1367780352
SZ002594,2020-06-17T00:00:00.000000,64.00,64.11,62.36,64.11,14437818,912074304
SZ002594,2020-06-18T00:00:00.000000,63.80,66.76,62.94,66.74,27903336,1829902592
SZ002594,2020-06-19T00:00:00.000000,66.69,68.68,66.30,66.99,22061887,1487252992
SZ002594,2020-06-22T00:00:00.000000,66.60,68.78,66.29,68.00,19625480,1325805184
SZ002594,2020-06-23T00:00:00.000000,67.57,72.09,67.00,71.03,26037491,1812606848
SZ002594,2020-06-24T00:00:00.000000,71.10,73.06,70.76,71.70,19668098,1414432128
SZ002594,2020-06-29T00:00:00.000000,71.50,72.43,70.30,70.60,17337630,1233307776
SZ002594,2020-06-30T00:00:00.000000,71.41,72.85,70.87,71.80,16983101,1223207552
SZ002594,2020-07-01T00:00:00.000000,73.21,75.45,71.03,72.47,23509322,1726221312
SZ002594,2020-07-02T00:00:00.000000,72.63,74.61,71.80,72.14,21407418,1559734656
SZ002594,2020-07-03T00:00:00.000000,73.30,79.35,73.23,79.35,45538812,3497719552
SZ002594,2020-07-06T00:00:00.000000,79.33,81.59,77.41,80.90,46122416,3661516288
SZ002594,2020-07-07T00:00:00.000000,84.76,88.50,83.00,83.00,46670587,3978641408
SZ002594,2020-07-08T00:00:00.000000,81.94,84.28,81.86,82.75,31915588,2647763200
SZ002594,2020-07-09T00:00:00.000000,82.75,86.30,81.46,84.46,32797352,2764110592
SZ002594,2020-07-10T00:00:00.000000,84.47,92.36,83.05,89.00,39602931,3495161088
SZ002594,2020-07-13T00:00:00.000000,92.60,97.90,92.29,97.90,57987128,5536513024
SZ002594,2020-07-14T00:00:00.000000,97.90,97.91,90.58,96.55,53638869,5075817472
SZ002594,2020-07-15T00:00:00.000000,97.00,97.29,92.69,94.50,38869586,3699031040
SZ002594,2020-07-16T00:00:00.000000,94.40,95.50,85.05,85.05,56046663,4984540672
SZ002594,2020-07-17T00:00:00.000000,83.02,85.36,80.07,81.59,43096874,3549101568
SZ002594,2020-07-20T00:00:00.000000,83.70,89.30,81.61,87.17,43173031,3684539648
SZ002594,2020-07-21T00:00:00.000000,89.90,91.33,87.68,88.09,31722234,2834375680
SZ002594,2020-07-22T00:00:00.000000,86.00,89.48,85.50,87.19,26954483,2367987200
SZ002594,2020-07-23T00:00:00.000000,86.06,89.00,85.58,88.99,32728656,2869841152
SZ002594,2020-07-24T00:00:00.000000,87.78,88.14,82.50,83.00,38817374,3298033920
SZ002594,2020-07-27T00:00:00.000000,83.50,85.20,82.30,83.52,20882846,1753284480
SZ002594,2020-07-28T00:00:00.000000,85.98,86.66,83.00,83.91,21644067,1829407616
SZ002594,2020-07-29T00:00:00.000000,83.31,87.50,82.52,86.93,28797550,2464892416
SZ002594,2020-07-30T00:00:00.000000,87.02,87.63,84.30,85.00,22449269,1917850496
SZ002594,2020-07-31T00:00:00.000000,84.96,86.66,83.46,85.39,25812289,2201963264
SZ002594,2020-08-03T00:00:00.000000,85.41,86.50,84.40,86.17,28030360,2394349056
SZ002594,2020-08-04T00:00:00.000000,86.95,91.00,86.88,89.00,38395587,3414415360
SZ002594,2020-08-05T00:00:00.000000,89.00,89.00,86.58,88.15,19022684,1667411328
SZ002594,2020-08-06T00:00:00.000000,88.81,89.60,87.00,88.73,20533266,1815887488
SZ002594,2020-08-07T00:00:00.000000,87.60,88.76,83.81,85.38,24597416,2120266880
SZ002594,2020-08-10T00:00:00.000000,83.79,84.35,80.00,81.98,33653884,2752165120
SZ002594,2020-08-11T00:00:00.000000,81.90,83.20,80.95,81.00,19417260,1596334592
SZ002594,2020-08-12T00:00:00.000000,81.18,81.98,78.45,81.98,22097173,1768144512
SZ002594,2020-08-13T00:00:00.000000,83.50,83.80,81.65,81.80,13582779,1119875328
SZ002594,2020-08-14T00:00:00.000000,82.10,82.59,80.00,81.93,12062031,981262720
SZ002594,2020-08-17T00:00:00.000000,82.20,83.23,81.33,82.92,15103194,1246372736
SZ002594,2020-08-18T00:00:00.000000,84.01,84.51,81.80,82.18,16155250,1335564928
SZ002594,2020-08-19T00:00:00.000000,81.40,81.64,79.52,79.65,18735826,1504274048
SZ002594,2020-08-20T00:00:00.000000,79.64,80.00,78.10,78.55,12272430,967851072
SZ002594,2020-08-21T00:00:00.000000,80.00,80.64,78.90,79.58,11190548,893244032
SZ002594,2020-08-24T00:00:00.000000,79.90,82.28,79.69,81.44,17128061,1384872448
SZ002594,2020-08-25T00:00:00.000000,81.00,82.88,80.50,81.24,14510634,1182125952
SZ002594,2020-08-26T00:00:00.000000,82.00,85.31,81.68,83.42,32047153,2691953408
SZ002594,2020-08-27T00:00:00.000000,86.50,87.55,84.70,85.42,25203489,2168640256
SZ002594,2020-08-28T00:00:00.000000,85.00,86.06,83.02,85.39,18647043,1572760192
SZ002594,2020-08-31T00:00:00.000000,87.02,88.22,84.88,85.00,21534690,1864842752
SZ002594,2020-09-01T00:00:00.000000,86.99,93.50,86.31,93.50,39461265,3573272576
SZ002594,2020-09-02T00:00:00.000000,95.88,96.00,91.63,94.30,39704708,3719378688
SZ002594,2020-09-03T00:00:00.000000,92.88,95.16,92.15,92.59,22779495,2129704448
SZ002594,2020-09-04T00:00:00.000000,88.80,90.59,88.02,90.00,22202132,1979126656
SZ002594,2020-09-07T00:00:00.000000,89.48,97.50,89.40,94.74,40998653,3862436352
SZ002594,2020-09-08T00:00:00.000000,95.88,95.88,90.70,91.00,27908409,2590896640
SZ002594,2020-09-09T00:00:00.000000,88.01,88.70,84.85,85.99,26329156,2281813504
SZ002594,2020-09-10T00:00:00.000000,87.84,90.17,86.90,87.09,21706271,1923920256
SZ002594,2020-09-11T00:00:00.000000,87.85,91.20,87.22,91.20,20576370,1843068544
SZ002594,2020-09-14T00:00:00.000000,91.30,94.50,91.30,92.50,22383909,2078548992
SZ002594,2020-09-15T00:00:00.000000,94.01,101.75,93.50,101.30,57922128,5761285120
SZ002594,2020-09-16T00:00:00.000000,100.28,107.87,99.00,105.40,49378934,5154280960
SZ002594,2020-09-17T00:00:00.000000,105.51,115.94,105.15,115.94,60235110,6707262464
SZ002594,2020-09-18T00:00:00.000000,113.99,115.50,111.50,115.50,47375377,5363840000
SZ002594,2020-09-21T00:00:00.000000,116.00,119.32,104.34,105.77,58877087,6535043584
SZ002594,2020-09-22T00:00:00.000000,106.50,110.65,104.01,106.77,46288194,4971987456
SZ002594,2020-09-23T00:00:00.000000,109.00,111.01,106.30,110.40,38140914,4146613248
SZ002594,2020-09-24T00:00:00.000000,107.88,110.03,106.01,106.40,26612570,2864183040
SZ002594,2020-09-25T00:00:00.000000,108.20,109.79,103.80,105.09,32436317,3457966848
SZ002594,2020-09-28T00:00:00.000000,106.19,108.10,105.65,106.40,21188287,2260356096
SZ002594,2020-09-29T00:00:00.000000,108.59,109.51,104.25,107.89,27004576,2884124928
SZ002594,2020-09-30T00:00:00.000000,108.58,118.23,107.10,116.24,44420102,5073415168
SZ002594,2020-10-09T00:00:00.000000,123.10,126.14,119.20,120.35,55967807,6870685696
SZ002594,2020-10-12T00:00:00.000000,123.80,129.03,120.45,128.50,52808892,6521180672
SZ002594,2020-10-13T00:00:00.000000,128.00,131.88,125.00,129.29,46052746,5958598144
SZ002594,2020-10-14T00:00:00.000000,129.15,132.32,128.10,130.50,31047158,4041272320
SZ002594,2020-10-15T00:00:00.000000,134.60,137.73,131.33,131.55,40289307,5425288192
SZ002594,2020-10-16T00:00:00.000000,132.56,133.85,125.00,127.80,41353551,5301212672
SZ002594,2020-10-19T00:00:00.000000,128.00,129.81,126.30,128.08,22200611,2832538880
SZ002594,2020-10-20T00:00:00.000000,126.18,140.33,126.18,140.00,54167901,7240427520
SZ002594,2020-10-21T00:00:00.000000,137.99,139.70,134.17,137.50,38056707,5212917248
SZ002594,2020-10-22T00:00:00.000000,137.23,145.00,132.07,143.79,43438939,6061014016
SZ002594,2020-10-23T00:00:00.000000,142.02,145.78,136.50,138.67,40099412,5645291520
SZ002594,2020-10-26T00:00:00.000000,136.50,142.85,133.10,139.96,30979604,4319369728
SZ002594,2020-10-27T00:00:00.000000,137.42,141.50,135.83,140.28,29654540,4122784512
SZ002594,2020-10-28T00:00:00.000000,139.51,153.48,139.02,151.60,51797365,7669731328
SZ002594,2020-10-29T00:00:00.000000,147.91,166.76,147.91,158.38,63470495,10022999040
SZ002594,2020-10-30T00:00:00.000000,160.00,170.30,154.20,159.81,67329183,10882457600
SZ002594,2020-11-02T00:00:00.000000,160.91,168.75,160.50,167.98,52491093,8660252672
SZ002594,2020-11-03T00:00:00.000000,172.00,172.45,159.58,164.08,66161664,10960743424
SZ002594,2020-11-04T00:00:00.000000,167.00,170.33,163.00,168.03,46094823,7689440256
SZ002594,2020-11-05T00:00:00.000000,175.00,184.83,171.00,184.83,67409211,11951954944
SZ002594,2020-11-06T00:00:00.000000,189.50,198.85,179.89,190.44,80766685,15261972480
SZ002594,2020-11-09T00:00:00.000000,191.60,193.67,184.12,190.95,52501612,9934097408
SZ002594,2020-11-10T00:00:00.000000,186.86,186.88,176.88,182.58,63534950,11543486464
SZ002594,2020-11-11T00:00:00.000000,176.90,181.89,164.32,164.35,80567515,13840950272
SZ002594,2020-11-12T00:00:00.000000,168.00,173.30,165.78,169.33,58663961,9953359872
SZ002594,2020-11-13T00:00:00.000000,180.00,182.02,173.29,175.90,60919392,10790305792
SZ002594,2020-11-16T00:00:00.000000,171.03,171.50,163.50,170.02,54256539,9094656000
SZ002594,2020-11-17T00:00:00.000000,173.50,175.18,164.46,167.00,56840934,9641026560
SZ002594,2020-11-18T00:00:00.000000,165.88,169.18,162.25,167.00,41703316,6941379072
SZ002594,2020-11-19T00:00:00.000000,168.00,168.70,159.52,161.62,47005440,7652210688
SZ002594,2020-11-20T00:00:00.000000,164.65,177.24,163.22,176.06,70752694,12067220480
SZ002594,2020-11-23T00:00:00.000000,176.90,185.02,172.07,184.20,60402664,10841291776
SZ002594,2020-11-24T00:00:00.000000,191.77,194.99,180.71,184.19,64675209,12193378304
SZ002594,2020-11-25T00:00:00.000000,183.00,191.70,180.60,183.53,47385764,8798105600
SZ002594,2020-11-26T00:00:00.000000,183.61,184.80,171.23,175.82,49653819,8751195136
SZ002594,2020-11-27T00:00:00.000000,175.31,177.90,169.33,174.10,39747615,6868605952
SZ002594,2020-11-30T00:00:00.000000,171.50,176.74,166.01,172.15,37921283,6493584896
SZ002594,2020-12-01T00:00:00.000000,168.70,177.00,167.00,176.81,40156431,6983133696
SZ002594,2020-12-02T00:00:00.000000,171.10,172.50,168.00,169.75,49240138,8354836480
SZ002594,2020-12-03T00:00:00.000000,169.75,173.66,166.96,171.09,36558081,6251136000
SZ002594,2020-12-04T00:00:00.000000,171.60,178.80,170.40,171.86,39448988,6888910848
SZ002594,2020-12-07T00:00:00.000000,171.30,176.66,169.11,175.29,32218589,5617848320
SZ002594,2020-12-08T00:00:00.000000,178.10,182.00,176.70,177.97,44574324,7995315200
SZ002594,2020-12-09T00:00:00.000000,179.00,181.03,173.00,173.24,31571447,5563503616
SZ002594,2020-12-10T00:00:00.000000,168.00,171.66,166.02,169.52,37043628,6243808768
SZ002594,2020-12-11T00:00:00.000000,169.35,169.35,162.80,167.00,35487818,5902635008
SZ002594,2020-12-14T00:00:00.000000,166.80,170.88,163.00,170.20,30213225,5064250880
SZ002594,2020-12-15T00:00:00.000000,170.25,175.05,168.50,174.70,36221802,6234488320
SZ002594,2020-12-16T00:00:00.000000,176.00,176.70,170.90,171.87,23815385,4110951168
SZ002594,2020-12-17T00:00:00.000000,171.18,172.93,169.01,171.79,18977260,3245175552
SZ002594,2020-12-18T00:00:00.000000,172.50,180.09,171.22,176.00,48848510,8625943552
SZ002594,2020-12-21T00:00:00.000000,176.50,193.60,175.50,193.60,66779763,12342924288
SZ002594,2020-12-22T00:00:00.000000,192.98,192.98,183.66,184.00,58681041,11044848640
SZ002594,2020-12-23T00:00:00.000000,183.89,190.80,182.96,186.79,42707945,7982526976
SZ002594,2020-12-24T00:00:00.000000,185.00,185.00,180.00,183.00,26045354,4739171328
SZ002594,2020-12-25T00:00:00.000000,183.32,186.15,181.10,185.22,21133069,3892733184
SZ002594,2020-12-28T00:00:00.000000,184.30,190.37,182.60,187.93,30338431,5674752512
SZ002594,2020-12-29T00:00:00.000000,186.00,186.00,178.46,178.60,36117782,6530622464
SZ002594,2020-12-30T00:00:00.000000,180.66,191.95,180.66,186.00,51043108,9559070720
SZ002594,2020-12-31T00:00:00.000000,188.86,195.83,184.26,194.30,50511942,9665582080
SZ002594,2021-01-04T00:00:00.000000,189.00,211.16,187.09,206.76,58950161,11803190272
SZ002594,2021-01-05T00:00:00.000000,206.00,221.23,202.01,219.90,54530597,11642248192
SZ002594,2021-01-06T00:00:00.000000,219.72,222.18,212.00,216.30,43465214,9376648192
SZ002594,2021-01-07T00:00:00.000000,216.60,228.32,214.20,225.04,42860254,9516502016
SZ002594,2021-01-08T00:00:00.000000,233.00,234.32,220.70,227.51,42675836,9705879552
SZ002594,2021-01-11T00:00:00.000000,234.59,245.00,230.98,234.86,53425466,12681067520
SZ002594,2021-01-12T00:00:00.000000,231.80,239.75,220.00,236.99,43312458,9980651520
SZ002594,2021-01-13T00:00:00.000000,238.00,249.88,229.69,239.30,48034787,11590837248
SZ002594,2021-01-14T00:00:00.000000,232.00,235.45,222.34,223.95,44595502,10176086016
SZ002594,2021-01-15T00:00:00.000000,222.00,228.92,216.50,225.20,37705046,8420560896
SZ002594,2021-01-18T00:00:00.000000,220.00,224.00,216.26,221.69,26378933,5826658816
SZ002594,2021-01-19T00:00:00.000000,222.06,225.20,213.56,216.20,27625013,6035553280
SZ002594,2021-01-20T00:00:00.000000,219.90,226.30,218.01,222.00,38140108,8483028992
SZ002594,2021-01-21T00:00:00.000000,220.00,239.60,216.81,235.52,58570987,13384594432
SZ002594,2021-01-22T00:00:00.000000,235.72,243.66,231.51,242.92,42388678,10112061440
SZ002594,2021-01-25T00:00:00.000000,246.50,262.95,245.00,260.00,55938894,14213433344
SZ002594,2021-01-26T00:00:00.000000,257.00,262.59,250.99,254.22,39455544,10115831808
SZ002594,2021-01-27T00:00:00.000000,250.20,259.44,234.50,257.00,52135100,12813495296
SZ002594,2021-01-28T00:00:00.000000,245.97,252.50,242.98,244.36,32646175,8081858560
SZ002594,2021-01-29T00:00:00.000000,249.00,250.43,237.50,247.00,33598269,8182541824
SZ002594,2021-02-01T00:00:00.000000,245.00,250.13,239.00,246.89,26379450,6500021760
SZ002594,2021-02-02T00:00:00.000000,252.00,268.00,250.50,267.50,47109997,12220619776
SZ002594,2021-02-03T00:00:00.000000,268.10,273.37,260.30,263.00,38402952,10231620608
SZ002594,2021-02-04T00:00:00.000000,258.00,264.89,255.34,259.90,31035090,8061146624
SZ002594,2021-02-05T00:00:00.000000,262.00,268.28,247.50,249.00,48055051,12356334592
SZ002594,2021-02-08T00:00:00.000000,248.99,252.98,240.01,250.20,37246177,9210843136
SZ002594,2021-02-09T00:00:00.000000,253.10,259.02,247.50,257.00,37495428,9540423680
SZ002594,2021-02-10T00:00:00.000000,261.00,270.66,253.00,266.95,41893871,10995341312
SZ002594,2021-02-18T00:00:00.000000,268.86,268.86,255.33,258.99,47264558,12353076224
SZ002594,2021-02-19T00:00:00.000000,254.90,257.66,245.73,257.35,38258702,9607263232
SZ002594,2021-02-22T00:00:00.000000,256.60,256.66,239.45,239.52,42713093,10558143488
SZ002594,2021-02-23T00:00:00.000000,229.59,235.02,222.90,225.00,47651022,10877531136
SZ002594,2021-02-24T00:00:00.000000,225.00,228.59,203.60,208.99,67648518,14532205568
SZ002594,2021-02-25T00:00:00.000000,215.77,215.85,205.80,209.25,36953222,7788184064
SZ002594,2021-02-26T00:00:00.000000,196.50,204.00,194.00,197.27,50361602,9978745856
SZ002594,2021-03-01T00:00:00.000000,201.00,210.99,197.50,210.90,44429351,9087918080
SZ002594,2021-03-02T00:00:00.000000,214.65,215.80,205.22,211.40,38792835,8178911744
SZ002594,2021-03-03T00:00:00.000000,205.00,210.30,201.97,209.75,26306180,5431739392
SZ002594,2021-03-04T00:00:00.000000,205.00,205.10,197.30,198.50,34684991,6955695104
SZ002594,2021-03-05T00:00:00.000000,187.37,199.51,186.18,196.37,32531909,6313240576
SZ002594,2021-03-08T00:00:00.000000,196.37,197.33,176.73,176.73,59132823,10922889216
SZ002594,2021-03-09T00:00:00.000000,172.41,178.60,162.03,170.68,59920495,10247665664
SZ002594,2021-03-10T00:00:00.000000,180.00,181.88,175.78,177.19,43150717,7706833408
SZ002594,2021-03-11T00:00:00.000000,176.95,185.00,174.10,182.97,36782790,6671343104
SZ002594,2021-03-12T00:00:00.000000,186.17,187.99,178.90,181.68,30184822,5517620736
SZ002594,2021-03-15T00:00:00.000000,178.55,181.00,172.00,174.26,29560239,5187723264
SZ002594,2021-03-16T00:00:00.000000,177.58,179.10,173.37,176.47,19705640,3474844928
SZ002594,2021-03-17T00:00:00.000000,174.02,179.97,171.48,176.88,21370528,3770679552
SZ002594,2021-03-18T00:00:00.000000,178.79,180.63,177.28,178.55,20106437,3593541120
SZ002594,2021-03-19T00:00:00.000000,173.00,175.37,169.66,171.15,25822722,4438616064
SZ002594,2021-03-22T00:00:00.000000,172.33,175.48,170.01,173.80,18568291,3221954816
SZ002594,2021-03-23T00:00:00.000000,175.80,176.18,166.30,168.97,22664897,3844462848
SZ002594,2021-03-24T00:00:00.000000,167.99,169.24,162.00,162.74,24826930,4082242304
SZ002594,2021-03-25T00:00:00.000000,157.00,163.45,155.60,161.20,25619064,4082120960
SZ002594,2021-03-26T00:00:00.000000,163.01,172.00,162.90,170.99,32853032,5528686080
SZ002594,2021-03-29T00:00:00.000000,170.01,170.48,164.80,168.10,23472864,3941708800
SZ002594,2021-03-30T00:00:00.000000,161.00,169.00,159.10,169.00,33893090,5574391296
SZ002594,2021-03-31T00:00:00.000000,169.21,172.64,162.56,164.51,27015303,4488285696
SZ002594,2021-04-01T00:00:00.000000,168.00,171.90,167.01,169.07,29995780,5089544704
SZ002594,2021-04-02T00:00:00.000000,170.99,178.20,168.58,175.87,34953200,6083577344
SZ002594,2021-04-06T00:00:00.000000,176.80,179.24,172.80,176.09,25590985,4492985856
SZ002594,2021-04-07T00:00:00.000000,177.15,178.08,169.50,170.99,28170350,4848030208
SZ002594,2021-04-08T00:00:00.000000,169.00,171.50,167.12,170.48,16004306,2723993088
SZ002594,2021-04-09T00:00:00.000000,171.90,172.10,166.00,166.72,20499577,3436476672
SZ002594,2021-04-12T00:00:00.000000,166.73,169.39,162.60,163.46,20126800,3320602624
SZ002594,2021-04-13T00:00:00.000000,163.48,167.63,163.48,164.01,15857894,2617908992
SZ002594,2021-04-14T00:00:00.000000,167.00,171.00,167.00,170.95,29847317,5057752064
SZ002594,2021-04-15T00:00:00.000000,168.50,168.65,163.50,165.50,24991213,4136742912
SZ002594,2021-04-16T00:00:00.000000,165.40,166.40,160.33,165.30,23459944,3837152256
SZ002594,2021-04-19T00:00:00.000000,165.00,177.00,164.18,176.05,50735050,8764759040
SZ002594,2021-04-20T00:00:00.000000,175.00,175.00,169.78,171.24,37567703,6460740608
SZ002594,2021-04-21T00:00:00.000000,169.00,170.59,167.17,168.59,23048888,3880491520
SZ002594,2021-04-22T00:00:00.000000,170.00,171.78,167.22,168.71,19750844,3336754688
SZ002594,2021-04-23T00:00:00.000000,167.18,171.38,166.27,169.25,22882799,3878511104
SZ002594,2021-04-26T00:00:00.000000,170.00,173.00,167.25,167.50,31951410,5432612352
SZ002594,2021-04-27T00:00:00.000000,166.00,167.40,163.40,164.94,25563921,4211994624
SZ002594,2021-04-28T00:00:00.000000,164.86,168.54,162.96,165.50,21841198,3621682432
SZ002594,2021-04-29T00:00:00.000000,163.00,164.93,162.20,162.95,27585404,4496785408
SZ002594,2021-04-30T00:00:00.000000,161.49,162.20,156.71,158.57,35989914,5715463680
SZ002594,2021-05-06T00:00:00.000000,157.00,157.00,150.00,150.00,42315808,6423783424
SZ002594,2021-05-07T00:00:00.000000,148.12,149.96,143.39,143.95,37798038,5528741376
SZ002594,2021-05-10T00:00:00.000000,143.95,148.35,141.44,147.00,26073875,3802268928
SZ002594,2021-05-11T00:00:00.000000,143.70,148.76,140.97,146.56,26963996,3893703680
SZ002594,2021-05-12T00:00:00.000000,148.26,155.00,148.26,153.73,38465914,5872804352
SZ002594,2021-05-13T00:00:00.000000,150.75,151.00,148.56,148.99,21269609,3180710400
SZ002594,2021-05-14T00:00:00.000000,147.90,154.10,146.31,153.53,30027866,4532481536
SZ002594,2021-05-17T00:00:00.000000,155.43,160.88,154.45,159.78,36300256,5761021440
SZ002594,2021-05-18T00:00:00.000000,160.00,161.80,156.88,158.70,19495212,3094498304
SZ002594,2021-05-19T00:00:00.000000,159.90,174.00,159.88,172.78,59649087,10150054912
SZ002594,2021-05-20T00:00:00.000000,170.00,177.56,169.10,172.94,49988848,8686052352
SZ002594,2021-05-21T00:00:00.000000,174.01,177.99,170.10,173.20,33496551,5822862848
SZ002594,2021-05-24T00:00:00.000000,171.91,175.50,169.98,173.47,27172287,4685926912
SZ002594,2021-05-25T00:00:00.000000,175.00,178.00,172.70,176.52,33152287,5830353408
SZ002594,2021-05-26T00:00:00.000000,178.00,184.58,176.00,176.17,34557799,6206769664
SZ002594,2021-05-27T00:00:00.000000,179.00,179.68,174.50,177.45,23402610,4146048256
SZ002594,2021-05-28T00:00:00.000000,177.45,185.00,176.07,181.68,37119487,6754993664
SZ002594,2021-05-31T00:00:00.000000,175.26,179.11,170.18,178.70,43755316,7660152320
SZ002594,2021-06-01T00:00:00.000000,178.73,190.90,178.73,189.46,51360412,9530431488
SZ002594,2021-06-02T00:00:00.000000,190.00,191.85,185.20,186.50,29434964,5527643648
SZ002594,2021-06-03T00:00:00.000000,186.60,187.50,180.18,183.90,25080057,4608194560
SZ002594,2021-06-04T00:00:00.000000,181.61,192.00,180.52,189.40,31984839,6004827136
SZ002594,2021-06-07T00:00:00.000000,191.00,192.87,187.00,190.35,25451802,4842637824
SZ002594,2021-06-08T00:00:00.000000,194.00,205.60,193.25,202.81,55923856,11191285760
SZ002594,2021-06-09T00:00:00.000000,202.90,203.50,197.02,202.00,31655582,6342951424
SZ002594,2021-06-10T00:00:00.000000,202.05,216.05,201.00,214.11,44100032,9339299840
SZ002594,2021-06-11T00:00:00.000000,214.30,229.95,212.08,227.02,54008511,11985829888
SZ002594,2021-06-15T00:00:00.000000,231.54,237.80,224.87,232.32,51810075,12090497024
SZ002594,2021-06-16T00:00:00.000000,226.00,231.66,210.66,211.00,61817590,13579273216
SZ002594,2021-06-17T00:00:00.000000,210.96,232.10,210.83,232.10,51997758,11627217920
SZ002594,2021-06-18T00:00:00.000000,236.00,252.32,234.65,245.00,57189601,13931101184
SZ002594,2021-06-21T00:00:00.000000,243.88,249.56,232.13,242.58,43052635,10400538624
SZ002594,2021-06-22T00:00:00.000000,243.00,247.00,236.00,237.88,31642808,7571777536
SZ002594,2021-06-23T00:00:00.000000,233.00,249.80,232.50,243.30,39450060,9605892096
SZ002594,2021-06-24T00:00:00.000000,244.00,251.87,240.18,244.89,31228504,7696250368
SZ002594,2021-06-25T00:00:00.000000,247.00,248.66,238.00,244.99,29650236,7205571072
SZ002594,2021-06-28T00:00:00.000000,244.99,255.00,243.52,253.63,34727198,8732380160
SZ002594,2021-06-29T00:00:00.000000,257.40,259.60,250.00,253.30,30625754,7778037760
SZ002594,2021-06-30T00:00:00.000000,250.00,256.50,246.00,251.00,28540731,7146112512
SZ002594,2021-07-01T00:00:00.000000,251.00,252.50,235.60,236.60,42260287,10182009856
SZ002594,2021-07-02T00:00:00.000000,233.00,243.50,228.89,239.04,37426013,8897623040
SZ002594,2021-07-05T00:00:00.000000,236.04,250.00,235.57,249.55,32490116,7984671232
SZ002594,2021-07-06T00:00:00.000000,255.00,261.02,241.00,250.50,51791670,13098185728
SZ002594,2021-07-07T00:00:00.000000,244.00,258.60,240.88,255.09,38638656,9711794176
SZ002594,2021-07-08T00:00:00.000000,253.00,261.54,251.12,251.96,39390995,10127586304
SZ002594,2021-07-09T00:00:00.000000,250.88,254.99,241.88,248.82,36494699,9057948672
SZ002594,2021-07-12T00:00:00.000000,253.30,272.91,251.50,266.48,56005708,14759940096
SZ002594,2021-07-13T00:00:00.000000,266.49,269.73,260.22,265.10,27731391,7330680832
SZ002594,2021-07-14T00:00:00.000000,261.00,261.00,245.00,245.29,61271686,15300069376
SZ002594,2021-07-15T00:00:00.000000,239.00,243.55,230.00,236.40,55189867,13026880512
SZ002594,2021-07-16T00:00:00.000000,235.75,235.75,221.03,222.92,56274148,12801309696
SZ002594,2021-07-19T00:00:00.000000,220.00,231.99,214.30,223.97,37218723,8367318528
SZ002594,2021-07-20T00:00:00.000000,220.00,229.46,219.11,227.50,24674966,5582671872
SZ002594,2021-07-21T00:00:00.000000,231.20,244.99,230.01,241.23,47151119,11232168960
SZ002594,2021-07-22T00:00:00.000000,246.30,249.44,240.17,248.96,37477327,9242618880
SZ002594,2021-07-23T00:00:00.000000,247.44,262.00,245.08,258.68,46056227,11846110208
SZ002594,2021-07-26T00:00:00.000000,250.58,259.74,241.01,248.55,40442824,10130660352
SZ002594,2021-07-27T00:00:00.000000,246.00,257.88,237.20,238.71,37770720,9406137344
SZ002594,2021-07-28T00:00:00.000000,229.99,241.10,223.99,236.50,33219863,7758094336
SZ002594,2021-07-29T00:00:00.000000,246.94,257.30,242.82,257.20,42885105,10764228608
SZ002594,2021-07-30T00:00:00.000000,257.19,268.30,252.13,264.71,45799399,11995908096
SZ002594,2021-08-02T00:00:00.000000,276.00,291.18,273.30,291.18,62225903,17648920576
SZ002594,2021-08-03T00:00:00.000000,299.00,299.00,275.01,280.08,48934853,13975748608
SZ002594,2021-08-04T00:00:00.000000,283.01,308.09,282.00,308.09,53430639,16003136512
SZ002594,2021-08-05T00:00:00.000000,301.00,306.25,294.87,299.46,36882291,11063465984
SZ002594,2021-08-06T00:00:00.000000,313.00,317.30,298.50,303.48,45362627,13945125888
SZ002594,2021-08-09T00:00:00.000000,295.00,297.40,283.00,293.55,34162079,9914944512
SZ002594,2021-08-10T00:00:00.000000,293.56,302.31,282.00,292.00,33103516,9604456448
SZ002594,2021-08-11T00:00:00.000000,289.00,298.83,286.16,294.99,26399395,7742097408
SZ002594,2021-08-12T00:00:00.000000,293.00,313.38,289.37,308.98,38277898,11687504896
SZ002594,2021-08-13T00:00:00.000000,303.00,312.50,297.99,300.02,24690646,7475335680
SZ002594,2021-08-16T00:00:00.000000,297.00,297.00,285.00,285.40,30506701,8815873024
SZ002594,2021-08-17T00:00:00.000000,283.45,290.50,278.00,280.31,27205840,7713091584
SZ002594,2021-08-18T00:00:00.000000,285.41,288.09,278.19,283.66,22172302,6281190912
SZ002594,2021-08-19T00:00:00.000000,283.66,298.68,278.57,293.72,36167179,10474777600
SZ002594,2021-08-20T00:00:00.000000,289.00,293.60,282.00,285.09,24717320,7084185600
SZ002594,2021-08-23T00:00:00.000000,281.50,294.44,275.55,289.80,29582687,8526533120
SZ002594,2021-08-24T00:00:00.000000,292.79,302.00,290.05,298.25,27439906,8152952320
SZ002594,2021-08-25T00:00:00.000000,297.80,299.80,291.00,296.20,17914538,5272706560
SZ002594,2021-08-26T00:00:00.000000,297.00,298.77,282.50,282.50,26368159,7570972672
SZ002594,2021-08-27T00:00:00.000000,280.99,296.03,280.00,288.15,26288930,7628216320
SZ002594,2021-08-30T00:00:00.000000,277.44,288.00,273.96,281.97,41909234,11735714816
SZ002594,2021-08-31T00:00:00.000000,286.88,286.88,266.55,277.00,32966834,9041075200
SZ002594,2021-09-01T00:00:00.000000,277.00,277.97,257.60,266.30,28767422,7678475264
SZ002594,2021-09-02T00:00:00.000000,267.01,271.99,262.70,267.00,16524443,4421950976
SZ002594,2021-09-03T00:00:00.000000,267.01,271.00,250.40,254.11,28796413,7420408832
SZ002594,2021-09-06T00:00:00.000000,259.99,279.00,259.00,277.60,39778881,10725519360
SZ002594,2021-09-07T00:00:00.000000,277.60,281.11,273.27,275.95,20763353,5743962112
SZ002594,2021-09-08T00:00:00.000000,277.90,279.28,268.61,269.59,18257806,4971116544
SZ002594,2021-09-09T00:00:00.000000,272.00,279.58,265.80,271.71,21625641,5891876352
SZ002594,2021-09-10T00:00:00.000000,271.71,272.53,262.64,265.61,23875736,6341377536
SZ002594,2021-09-13T00:00:00.000000,268.33,271.98,259.18,261.36,21349179,5623333376
SZ002594,2021-09-14T00:00:00.000000,261.39,276.00,257.06,269.23,35469000,9581432832
SZ002594,2021-09-15T00:00:00.000000,267.89,270.00,260.00,261.15,21880911,5742276608
SZ002594,2021-09-16T00:00:00.000000,261.15,264.77,250.53,251.00,22080971,5613770240
SZ002594,2021-09-17T00:00:00.000000,253.00,257.00,250.49,255.12,13942107,3544731136
SZ002594,2021-09-22T00:00:00.000000,248.00,251.44,244.03,247.20,16341286,4037944320
SZ002594,2021-09-23T00:00:00.000000,253.83,257.52,248.88,249.92,14978418,3773864448
SZ002594,2021-09-24T00:00:00.000000,250.96,257.50,247.00,251.77,15826700,4002973184
SZ002594,2021-09-27T00:00:00.000000,254.00,257.49,246.80,252.50,17999094,4548951040
SZ002594,2021-09-28T00:00:00.000000,251.90,253.82,246.29,246.86,16244438,4060118528
SZ002594,2021-09-29T00:00:00.000000,243.00,244.88,235.00,236.00,24555481,5859195904
SZ002594,2021-09-30T00:00:00.000000,238.20,249.70,237.20,249.51,22503801,5528259584
SZ002594,2021-10-08T00:00:00.000000,257.98,259.98,250.00,253.00,19410395,4939109376
SZ002594,2021-10-11T00:00:00.000000,253.10,263.10,248.00,255.75,21197273,5448306688
SZ002594,2021-10-12T00:00:00.000000,255.00,262.90,253.01,257.01,21165134,5464868352
SZ002594,2021-10-13T00:00:00.000000,257.01,273.60,254.33,271.20,32197810,8631471104
SZ002594,2021-10-14T00:00:00.000000,271.00,275.99,268.14,272.94,17779932,4844828160
SZ002594,2021-10-15T00:00:00.000000,275.00,287.50,271.00,283.33,28784505,8089636864
SZ002594,2021-10-18T00:00:00.000000,284.25,288.63,280.04,285.92,21621378,6155819008
SZ002594,2021-10-19T00:00:00.000000,288.00,294.91,284.00,284.79,19385785,5581983744
SZ002594,2021-10-20T00:00:00.000000,286.00,295.00,285.24,290.60,21704509,6300646912
SZ002594,2021-10-21T00:00:00.000000,291.00,292.60,284.01,287.01,18062575,5184267776
SZ002594,2021-10-22T00:00:00.000000,292.20,301.00,289.00,300.00,33654868,10022899712
SZ002594,2021-10-25T00:00:00.000000,303.11,318.65,302.23,317.35,33518976,10469605376
SZ002594,2021-10-26T00:00:00.000000,330.50,333.33,317.76,319.01,31324434,10148404224
SZ002594,2021-10-27T00:00:00.000000,313.00,326.73,311.28,321.74,21906777,7024365568
SZ002594,2021-10-28T00:00:00.000000,319.61,323.80,305.40,307.98,29826714,9334453248
SZ002594,2021-10-29T00:00:00.000000,305.13,313.76,293.77,311.31,34715958,10585996288
SZ002594,2021-11-01T00:00:00.000000,301.41,308.41,293.82,302.00,28478587,8570609664
SZ002594,2021-11-02T00:00:00.000000,310.00,319.80,307.64,313.88,29008740,9102548992
SZ002594,2021-11-03T00:00:00.000000,313.13,313.85,299.86,303.01,19724814,6017080320
SZ002594,2021-11-04T00:00:00.000000,311.13,329.00,309.03,325.00,34996434,11223981056
SZ002594,2021-11-05T00:00:00.000000,324.00,327.00,313.01,314.00,19418326,6178126336
SZ002594,2021-11-08T00:00:00.000000,308.09,319.61,307.00,315.00,16984947,5344230912
SZ002594,2021-11-09T00:00:00.000000,315.05,329.97,315.05,320.69,20330504,6580787712
SZ002594,2021-11-10T00:00:00.000000,314.00,315.60,301.58,310.26,27487850,8480095744
SZ002594,2021-11-11T00:00:00.000000,313.00,316.99,308.05,311.99,13885150,4327235584
SZ002594,2021-11-12T00:00:00.000000,315.80,316.74,305.50,306.78,14888382,4590558720
SZ002594,2021-11-15T00:00:00.000000,306.78,306.78,290.44,294.94,22537224,6667950080
SZ002594,2021-11-16T00:00:00.000000,294.00,297.69,288.00,293.51,15180848,4462067712
SZ002594,2021-11-17T00:00:00.000000,300.00,303.24,294.00,296.85,16337775,4875748864
SZ002594,2021-11-18T00:00:00.000000,294.80,298.88,290.00,295.40,12909722,3802420992
SZ002594,2021-11-19T00:00:00.000000,295.72,300.00,288.00,296.82,17515864,5144669184
SZ002594,2021-11-22T00:00:00.000000,298.40,311.51,298.20,311.00,28702045,8785850368
SZ002594,2021-11-23T00:00:00.000000,307.88,309.73,303.98,308.48,15036257,4609989120
SZ002594,2021-11-24T00:00:00.000000,305.43,309.60,301.00,303.20,14193817,4319711232
SZ002594,2021-11-25T00:00:00.000000,303.20,304.49,291.30,298.00,17097144,5070667776
SZ002594,2021-11-26T00:00:00.000000,295.00,304.77,294.05,297.66,12249393,3671367424
SZ002594,2021-11-29T00:00:00.000000,291.80,307.07,289.93,304.46,20015675,6053231104
SZ002594,2021-11-30T00:00:00.000000,307.00,308.00,303.00,304.70,13178826,4023809792
SZ002594,2021-12-01T00:00:00.000000,305.20,307.50,300.38,305.32,10827864,3295906048
SZ002594,2021-12-02T00:00:00.000000,305.00,314.06,303.10,308.80,18007211,5567674880
SZ002594,2021-12-03T00:00:00.000000,306.99,309.80,298.86,306.90,21032715,6367075328
SZ002594,2021-12-06T00:00:00.000000,301.00,311.51,300.86,301.75,17880086,5465317888
SZ002594,2021-12-07T00:00:00.000000,306.01,306.35,291.08,294.80,22767860,6727286784
SZ002594,2021-12-08T00:00:00.000000,296.01,301.00,294.50,300.79,15438176,4606774784
SZ002594,2021-12-09T00:00:00.000000,300.00,300.63,297.03,299.50,11295711,3375316224
SZ002594,2021-12-10T00:00:00.000000,295.99,302.03,292.80,301.42,14487273,4325990912
SZ002594,2021-12-13T00:00:00.000000,302.99,303.00,298.00,298.40,14294124,4278869504
SZ002594,2021-12-14T00:00:00.000000,295.50,297.07,291.69,293.40,15711128,4609509888
SZ002594,2021-12-15T00:00:00.000000,293.41,295.50,291.71,293.35,9815036,2877856000
SZ002594,2021-12-16T00:00:00.000000,293.00,293.49,279.00,286.20,27866516,7928142336
SZ002594,2021-12-17T00:00:00.000000,284.00,285.88,278.61,278.98,15111815,4240478208
SZ002594,2021-12-20T00:00:00.000000,279.23,281.47,268.28,270.50,21784503,5964658176
SZ002594,2021-12-21T00:00:00.000000,270.50,276.78,269.41,276.21,14965305,4098708736
SZ002594,2021-12-22T00:00:00.000000,280.01,285.18,277.01,279.22,14444230,4061024256
SZ002594,2021-12-23T00:00:00.000000,282.03,284.90,277.16,279.99,12302134,3451820032
SZ002594,2021-12-24T00:00:00.000000,281.98,282.00,264.96,270.00,20996881,5675961344
SZ002594,2021-12-27T00:00:00.000000,269.00,271.54,266.00,267.03,10718995,2874395648
SZ002594,2021-12-28T00:00:00.000000,268.15,271.00,266.21,270.85,11854284,3183321088
SZ002594,2021-12-29T00:00:00.000000,272.15,272.22,263.00,269.00,14160304,3783958016
SZ002594,2021-12-30T00:00:00.000000,268.00,272.98,266.00,267.13,11732673,3158736128
SZ002594,2021-12-31T00:00:00.000000,273.00,274.19,267.00,268.12,11629197,3136714752
SZ002594,2022-01-04T00:00:00.000000,276.00,279.45,265.22,271.00,24466089,6673692672
SZ002594,2022-01-05T00:00:00.000000,264.55,266.48,251.72,253.26,30170891,7725244416
SZ002594,2022-01-06T00:00:00.000000,250.00,254.53,247.89,250.02,17590784,4396413440
SZ002594,2022-01-07T00:00:00.000000,251.80,252.96,245.00,246.50,16193355,4009535488
SZ002594,2022-01-10T00:00:00.000000,245.00,249.47,239.03,246.30,16214182,3964485376
SZ002594,2022-01-11T00:00:00.000000,246.28,246.28,237.80,239.09,21244147,5100240896
SZ002594,2022-01-12T00:00:00.000000,246.00,256.00,244.31,256.00,32360224,8103335936
SZ002594,2022-01-13T00:00:00.000000,257.74,258.56,248.61,255.31,21710390,5516666368
SZ002594,2022-01-14T00:00:00.000000,250.80,257.30,250.00,253.14,14954815,3798549504
SZ002594,2022-01-17T00:00:00.000000,253.02,267.49,253.02,266.49,24114466,6349271040
SZ002594,2022-01-18T00:00:00.000000,266.41,268.96,262.30,266.08,12505443,3325099776
SZ002594,2022-01-19T00:00:00.000000,265.95,267.88,250.31,252.97,23188180,5960665088
SZ002594,2022-01-20T00:00:00.000000,252.10,253.71,247.00,251.07,14998647,3759819264
SZ002594,2022-01-21T00:00:00.000000,251.08,255.74,246.33,250.40,11239432,2822719744
SZ002594,2022-01-24T00:00:00.000000,246.08,252.88,244.27,251.40,10837686,2706367232
SZ002594,2022-01-25T00:00:00.000000,248.00,251.00,240.00,240.31,17277223,4222849024
SZ002594,2022-01-26T00:00:00.000000,245.00,251.38,242.31,249.49,17444584,4321964032
SZ002594,2022-01-27T00:00:00.000000,247.00,249.30,241.00,241.27,13264963,3242987776
SZ002594,2022-01-28T00:00:00.000000,239.98,242.00,219.76,226.80,32437311,7392709632
SZ002594,2022-02-07T00:00:00.000000,240.79,249.28,238.01,244.40,25112453,6117950464
SZ002594,2022-02-08T00:00:00.000000,243.00,243.00,230.64,236.97,19903953,4669048832
SZ002594,2022-02-09T00:00:00.000000,239.05,246.40,235.03,245.18,19992864,4854529024
SZ002594,2022-02-10T00:00:00.000000,246.77,248.00,238.10,240.12,14628460,3521519872
SZ002594,2022-02-11T00:00:00.000000,236.05,240.12,228.50,230.19,19943926,4646312960
SZ002594,2022-02-14T00:00:00.000000,230.20,235.00,225.00,231.98,13319949,3079221504
SZ002594,2022-02-15T00:00:00.000000,232.18,239.96,232.18,238.31,15852428,3757722112
SZ002594,2022-02-16T00:00:00.000000,242.00,244.99,240.39,240.60,12872491,3117890816
SZ002594,2022-02-17T00:00:00.000000,242.24,248.74,239.00,245.41,19106386,4670631936
SZ002594,2022-02-18T00:00:00.000000,241.00,245.39,240.00,242.96,9910466,2407158528
SZ002594,2022-02-21T00:00:00.000000,241.00,245.80,239.64,241.89,10953804,2657588992
SZ002594,2022-02-22T00:00:00.000000,239.00,239.00,234.30,237.45,12545211,2966441472
SZ002594,2022-02-23T00:00:00.000000,241.90,252.52,239.01,252.00,29114890,7232161792
SZ002594,2022-02-24T00:00:00.000000,248.11,251.78,241.58,244.86,23821988,5865805824
SZ002594,2022-02-25T00:00:00.000000,249.90,252.38,247.83,247.84,14601353,3646918912
SZ002594,2022-02-28T00:00:00.000000,246.90,250.19,246.00,249.60,11829090,2936223744
SZ002594,2022-03-01T00:00:00.000000,255.00,256.61,249.25,251.78,17651958,4476715008
SZ002594,2022-03-02T00:00:00.000000,249.00,249.36,243.96,248.60,12124247,2998567680
SZ002594,2022-03-03T00:00:00.000000,249.52,250.86,244.00,245.21,9963340,2449485312
SZ002594,2022-03-04T00:00:00.000000,237.31,241.86,230.00,233.80,29170634,6857430528
SZ002594,2022-03-07T00:00:00.000000,226.89,227.69,220.02,223.61,23612920,5286035968
SZ002594,2022-03-08T00:00:00.000000,221.08,225.49,210.00,216.19,29149934,6317187584
SZ002594,2022-03-09T00:00:00.000000,217.00,223.60,210.00,223.59,25113522,5484773888
SZ002594,2022-03-10T00:00:00.000000,232.91,233.43,229.00,229.10,24834283,5744788992
SZ002594,2022-03-11T00:00:00.000000,222.00,231.79,220.02,229.85,18611604,4186646016
SZ002594,2022-03-14T00:00:00.000000,225.00,225.00,219.00,219.00,15084061,3336922880
SZ002594,2022-03-15T00:00:00.000000,211.13,222.00,209.43,212.80,19820362,4269341952
SZ002594,2022-03-16T00:00:00.000000,221.00,230.00,214.20,229.43,33376627,7432043520
SZ002594,2022-03-17T00:00:00.000000,240.38,240.88,234.66,234.90,31584430,7518685184
SZ002594,2022-03-18T00:00:00.000000,234.90,238.87,232.05,234.50,15054856,3530653184
SZ002594,2022-03-21T00:00:00.000000,240.00,248.87,238.17,245.38,27917768,6829415424
SZ002594,2022-03-22T00:00:00.000000,245.00,247.40,242.02,244.80,11507907,2815900928
SZ002594,2022-03-23T00:00:00.000000,250.00,251.00,246.27,247.17,14850096,3696654336
SZ002594,2022-03-24T00:00:00.000000,243.70,250.00,242.40,247.08,11368127,2794432768
SZ002594,2022-03-25T00:00:00.000000,247.10,248.96,234.01,235.31,20802373,4984988672
SZ002594,2022-03-28T00:00:00.000000,234.90,234.90,228.88,230.40,14310354,3306510592
SZ002594,2022-03-29T00:00:00.000000,232.92,236.50,228.80,231.00,13858731,3224438272
SZ002594,2022-03-30T00:00:00.000000,227.00,237.02,222.22,237.02,25125996,5807876608
SZ002594,2022-03-31T00:00:00.000000,234.21,235.00,226.89,229.80,16173143,3721363200
SZ002594,2022-04-01T00:00:00.000000,226.79,239.56,226.60,235.96,18294805,4301758464
SZ002594,2022-04-06T00:00:00.000000,245.00,246.00,239.61,241.90,20529330,4976485376
SZ002594,2022-04-07T00:00:00.000000,240.00,245.30,239.01,240.00,12269953,2964659968
SZ002594,2022-04-08T00:00:00.000000,240.01,246.50,239.10,243.98,17171897,4185742848
SZ002594,2022-04-11T00:00:00.000000,240.00,241.48,229.50,233.00,19307007,4519392768
SZ002594,2022-04-12T00:00:00.000000,232.00,238.56,231.20,238.16,12888867,3034073600
SZ002594,2022-04-13T00:00:00.000000,235.02,241.95,233.01,237.00,10967251,2614119680
SZ002594,2022-04-14T00:00:00.000000,242.00,244.99,240.87,241.29,13163750,3198011136
SZ002594,2022-04-15T00:00:00.000000,238.50,240.00,232.75,236.20,12923931,3049510912
SZ002594,2022-04-18T00:00:00.000000,234.79,241.00,230.00,239.10,11059238,2613800704
SZ002594,2022-04-19T00:00:00.000000,243.16,250.90,243.13,244.86,20778154,5140377600
SZ002594,2022-04-20T00:00:00.000000,247.66,248.33,240.86,241.78,13078093,3187144192
SZ002594,2022-04-21T00:00:00.000000,237.77,240.77,232.10,234.04,15404876,3625535232
SZ002594,2022-04-22T00:00:00.000000,230.01,235.66,229.06,235.40,10816219,2522974976
SZ002594,2022-04-25T00:00:00.000000,230.00,236.44,226.62,227.50,16188917,3741670656
SZ002594,2022-04-26T00:00:00.000000,228.99,235.85,228.43,231.81,15817620,3670084864
SZ002594,2022-04-27T00:00:00.000000,226.61,235.81,218.81,235.01,25434167,5794106368
SZ002594,2022-04-28T00:00:00.000000,234.60,235.50,230.00,231.98,14637213,3405250048
SZ002594,2022-04-29T00:00:00.000000,233.80,243.83,230.75,243.00,24816310,5912448512
SZ002594,2022-05-05T00:00:00.000000,246.20,252.39,241.77,248.80,25325879,6282897408
SZ002594,2022-05-06T00:00:00.000000,241.02,246.00,240.10,242.08,14548866,3530097152
SZ002594,2022-05-09T00:00:00.000000,231.00,236.89,231.00,232.73,17511635,4086614016
SZ002594,2022-05-10T00:00:00.000000,224.10,233.66,222.28,233.33,20969664,4792958464
SZ002594,2022-05-11T00:00:00.000000,232.00,256.66,231.50,252.70,45952571,11482476544
SZ002594,2022-05-12T00:00:00.000000,249.99,257.70,248.71,254.09,24115606,6107994624
SZ002594,2022-05-13T00:00:00.000000,259.80,271.50,255.91,270.08,36712061,9733352448
SZ002594,2022-05-16T00:00:00.000000,271.11,273.00,265.30,267.12,20236880,5441551360
SZ002594,2022-05-17T00:00:00.000000,268.98,285.00,268.50,282.50,29348903,8193618944
SZ002594,2022-05-18T00:00:00.000000,282.50,288.00,279.00,281.42,20530270,5812000768
SZ002594,2022-05-19T00:00:00.000000,275.31,285.35,274.30,284.51,17363651,4879756288
SZ002594,2022-05-20T00:00:00.000000,287.01,291.61,281.20,287.70,17868336,5125699584
SZ002594,2022-05-23T00:00:00.000000,292.70,298.00,287.81,295.20,25558816,7496178176
SZ002594,2022-05-24T00:00:00.000000,290.00,292.96,281.00,281.00,29049653,8303003648
SZ002594,2022-05-25T00:00:00.000000,281.26,288.65,278.03,287.20,23085773,6563211776
SZ002594,2022-05-26T00:00:00.000000,287.37,291.22,282.50,286.64,14309499,4106312192
SZ002594,2022-05-27T00:00:00.000000,292.95,297.61,286.65,288.88,15318685,4467796480
SZ002594,2022-05-30T00:00:00.000000,292.00,299.70,291.08,298.12,21852350,6485731840
SZ002594,2022-05-31T00:00:00.000000,300.00,300.96,293.51,295.91,17701119,5242211328
SZ002594,2022-06-01T00:00:00.000000,298.00,304.80,293.12,299.98,21691175,6501902336
SZ002594,2022-06-02T00:00:00.000000,296.00,305.00,295.22,301.02,17772777,5355773440
SZ002594,2022-06-06T00:00:00.000000,304.00,320.47,302.55,318.23,29475729,9260502016
SZ002594,2022-06-07T00:00:00.000000,318.00,319.87,311.11,314.89,20022089,6296538112
SZ002594,2022-06-08T00:00:00.000000,318.60,328.06,313.01,327.41,29051340,9321932800
SZ002594,2022-06-09T00:00:00.000000,334.03,334.80,321.00,322.41,30754172,10050640896
SZ002594,2022-06-10T00:00:00.000000,321.50,350.00,321.06,348.80,43824900,14790622208
SZ002594,2022-06-13T00:00:00.000000,346.00,358.86,340.60,348.80,36068132,12573534208
SZ002594,2022-06-14T00:00:00.000000,342.00,344.79,327.23,343.59,40478934,13634616320
SZ002594,2022-06-15T00:00:00.000000,343.97,346.23,332.52,335.00,30394787,10285857792
SZ002594,2022-06-16T00:00:00.000000,335.50,342.70,333.41,336.00,19017245,6410739712
SZ002594,2022-06-17T00:00:00.000000,330.10,341.20,327.07,338.00,26214759,8830738432
SZ002594,2022-06-20T00:00:00.000000,338.08,348.66,335.02,342.18,24541557,8405361664
SZ002594,2022-06-21T00:00:00.000000,339.76,341.80,332.20,341.00,19782739,6666969600
SZ002594,2022-06-22T00:00:00.000000,342.42,347.63,338.00,339.88,18678783,6412051968
SZ002594,2022-06-23T00:00:00.000000,344.70,354.05,338.00,353.50,32314226,11251775488
SZ002594,2022-06-24T00:00:00.000000,352.99,356.28,346.01,351.05,23598355,8273168384
SZ002594,2022-06-27T00:00:00.000000,352.07,357.00,348.33,349.69,21715524,7630684672
SZ002594,2022-06-28T00:00:00.000000,347.00,358.80,342.71,352.90,26963471,9447959552
SZ002594,2022-06-29T00:00:00.000000,349.99,350.00,331.49,331.61,36114602,12246017024
SZ002594,2022-06-30T00:00:00.000000,331.00,339.35,330.00,333.49,22014478,7372602880
SZ002594,2022-07-01T00:00:00.000000,332.18,333.00,320.10,329.20,23411263,7658689536
SZ002594,2022-07-04T00:00:00.000000,332.00,338.21,330.20,336.16,20951206,7020823552
SZ002594,2022-07-05T00:00:00.000000,337.00,340.60,329.59,333.89,17375703,5819208192
SZ002594,2022-07-06T00:00:00.000000,333.80,340.60,331.99,336.10,18343420,6179119616
SZ002594,2022-07-07T00:00:00.000000,337.70,351.95,333.37,349.38,30464874,10511816704
SZ002594,2022-07-08T00:00:00.000000,349.38,351.88,338.00,338.00,19047757,6547699200
SZ002594,2022-07-11T00:00:00.000000,335.88,335.88,318.88,324.30,25431744,8284856832
SZ002594,2022-07-12T00:00:00.000000,320.00,321.00,300.08,309.00,45051469,13935271936
SZ002594,2022-07-13T00:00:00.000000,309.00,313.84,296.77,309.88,34106695,10439433216
SZ002594,2022-07-14T00:00:00.000000,308.91,323.00,307.00,323.00,27248936,8631732224
SZ002594,2022-07-15T00:00:00.000000,335.00,349.89,333.00,338.19,44450784,15284698112
SZ002594,2022-07-18T00:00:00.000000,345.00,346.00,328.00,337.10,23891156,8007559680
SZ002594,2022-07-19T00:00:00.000000,337.10,337.10,327.62,331.10,15818025,5239778304
SZ002594,2022-07-20T00:00:00.000000,332.98,333.86,329.08,331.70,10326348,3425067008
SZ002594,2022-07-21T00:00:00.000000,329.00,331.00,322.94,324.50,13200328,4303073792
SZ002594,2022-07-22T00:00:00.000000,326.01,334.66,326.00,329.62,14177374,4687025152
SZ002594,2022-07-25T00:00:00.000000,326.00,327.00,320.00,322.95,11501710,3705167360
SZ002594,2022-07-26T00:00:00.000000,322.48,327.68,320.00,325.00,10765616,3493834496
SZ002594,2022-07-27T00:00:00.000000,324.00,329.80,321.01,325.80,9105572,2961812224
SZ002594,2022-07-28T00:00:00.000000,329.02,331.45,324.00,325.43,10906517,3572559104
SZ002594,2022-07-29T00:00:00.000000,323.00,327.80,317.96,320.36,11485364,3695131392
SZ002594,2022-08-01T00:00:00.000000,317.98,332.08,316.32,330.54,18758376,6141512192
SZ002594,2022-08-02T00:00:00.000000,324.90,330.48,321.30,326.60,15664266,5110091264
SZ002594,2022-08-03T00:00:00.000000,326.70,334.85,318.89,321.99,18872311,6197191168
SZ002594,2022-08-04T00:00:00.000000,328.00,331.47,322.10,326.80,18663677,6098859008
SZ002594,2022-08-05T00:00:00.000000,330.00,331.89,318.28,324.49,15756385,5115620352
SZ002594,2022-08-08T00:00:00.000000,322.11,324.90,319.00,321.35,12948786,4158491904
SZ002594,2022-08-09T00:00:00.000000,321.18,323.80,318.15,319.72,11610661,3719885568
SZ002594,2022-08-10T00:00:00.000000,319.70,319.70,305.00,308.35,25849901,7998810624
SZ002594,2022-08-11T00:00:00.000000,311.43,315.89,305.60,315.02,16544481,5159742976
SZ002594,2022-08-12T00:00:00.000000,315.02,316.28,310.00,311.93,10133763,3165436416
SZ002594,2022-08-15T00:00:00.000000,312.20,319.23,311.22,315.21,13511926,4265356032
SZ002594,2022-08-16T00:00:00.000000,315.80,321.89,315.50,318.92,15724331,5029761536
SZ002594,2022-08-17T00:00:00.000000,319.99,329.60,316.72,327.93,21087113,6808620032
SZ002594,2022-08-18T00:00:00.000000,327.00,330.00,323.84,326.04,14279044,4659424768
SZ002594,2022-08-19T00:00:00.000000,325.03,327.44,317.00,319.39,12428923,3993178368
SZ002594,2022-08-22T00:00:00.000000,316.00,326.09,312.22,323.09,14766765,4747212800
SZ002594,2022-08-23T00:00:00.000000,324.00,325.55,318.98,321.61,9299975,2989844224
SZ002594,2022-08-24T00:00:00.000000,321.68,322.96,309.30,309.50,18678283,5854016000
SZ002594,2022-08-25T00:00:00.000000,309.56,311.08,302.66,309.58,14022073,4308297728
SZ002594,2022-08-26T00:00:00.000000,312.99,317.93,310.00,315.73,12212655,3849213696
SZ002594,2022-08-29T00:00:00.000000,313.67,316.87,311.49,313.55,8591166,2696123136
SZ002594,2022-08-30T00:00:00.000000,315.50,318.50,310.00,310.85,11024737,3454778624
SZ002594,2022-08-31T00:00:00.000000,291.00,296.60,284.00,287.98,40805974,11841918976
SZ002594,2022-09-01T00:00:00.000000,285.00,294.60,284.03,286.70,19258233,5566419968
SZ002594,2022-09-02T00:00:00.000000,288.70,289.60,278.10,282.00,16166192,4561284608
SZ002594,2022-09-05T00:00:00.000000,269.00,270.88,261.10,268.76,35120827,9364600832
SZ002594,2022-09-06T00:00:00.000000,268.77,274.45,267.21,272.94,18990284,5154529280
SZ002594,2022-09-07T00:00:00.000000,272.00,285.05,270.60,282.70,19087317,5345728000
SZ002594,2022-09-08T00:00:00.000000,283.00,284.99,277.00,278.26,11642911,3267426048
SZ002594,2022-09-09T00:00:00.000000,280.99,281.49,276.99,279.70,7609826,2125233664
SZ002594,2022-09-13T00:00:00.000000,282.00,286.69,279.37,284.80,11152411,3162351104
SZ002594,2022-09-14T00:00:00.000000,282.00,283.80,276.26,278.33,10515106,2935617024
SZ002594,2022-09-15T00:00:00.000000,280.00,280.50,266.91,269.50,15239523,4126260480
SZ002594,2022-09-16T00:00:00.000000,268.00,271.45,264.36,265.98,10447636,2797971968
SZ002594,2022-09-19T00:00:00.000000,268.00,273.90,266.68,270.35,11094999,3006108160
SZ002594,2022-09-20T00:00:00.000000,273.80,277.49,272.01,274.21,11124502,3058894080
SZ002594,2022-09-21T00:00:00.000000,271.80,272.61,267.00,270.00,8375363,2258898432
SZ002594,2022-09-22T00:00:00.000000,267.49,269.38,261.30,268.55,9279950,2468839424
SZ002594,2022-09-23T00:00:00.000000,267.09,269.77,264.28,266.40,7964412,2125444096
SZ002594,2022-09-26T00:00:00.000000,266.40,276.00,263.58,272.95,14360640,3911414016
SZ002594,2022-09-27T00:00:00.000000,272.96,274.83,270.06,273.96,8309593,2262822656
SZ002594,2022-09-28T00:00:00.000000,273.00,273.00,265.50,265.62,8562018,2293531392
SZ002594,2022-09-29T00:00:00.000000,270.00,271.80,264.00,264.57,8835668,2355802880
SZ002594,2022-09-30T00:00:00.000000,263.00,263.55,249.00,252.01,21403588,5421385216
SZ002594,2022-10-10T00:00:00.000000,252.27,256.40,249.44,251.20,11747850,2967008000
SZ002594,2022-10-11T00:00:00.000000,252.00,257.38,249.33,255.01,13282039,3370370048
SZ002594,2022-10-12T00:00:00.000000,254.00,263.25,249.95,262.34,14487143,3708582144
SZ002594,2022-10-13T00:00:00.000000,260.00,263.00,258.08,258.18,9618660,2497933056
SZ002594,2022-10-14T00:00:00.000000,262.08,269.10,259.95,264.54,14569451,3854443008
SZ002594,2022-10-17T00:00:00.000000,263.00,263.00,256.69,260.66,10967836,2842978560
SZ002594,2022-10-18T00:00:00.000000,279.00,279.00,272.50,273.67,24414179,6717206528
SZ002594,2022-10-19T00:00:00.000000,273.67,276.44,266.88,267.50,13400403,3642369280
SZ002594,2022-10-20T00:00:00.000000,264.00,265.58,257.40,263.51,12841678,3355270144
SZ002594,2022-10-21T00:00:00.000000,263.52,270.88,262.01,266.30,10478554,2794657536
SZ002594,2022-10-24T00:00:00.000000,264.90,266.31,253.57,255.57,16741256,4324097536
SZ002594,2022-10-25T00:00:00.000000,253.00,260.59,250.03,257.91,11324267,2897739520
SZ002594,2022-10-26T00:00:00.000000,260.00,264.04,255.29,257.87,12641527,3279130624
SZ002594,2022-10-27T00:00:00.000000,258.99,260.72,255.00,255.00,9776582,2516239104
SZ002594,2022-10-28T00:00:00.000000,253.00,253.00,235.81,239.89,26316393,6372054016
SZ002594,2022-10-31T00:00:00.000000,237.50,251.00,237.11,246.67,18794233,4625511424
SZ002594,2022-11-01T00:00:00.000000,247.11,262.20,247.00,261.82,21928271,5620272128
SZ002594,2022-11-02T00:00:00.000000,261.00,271.60,258.36,267.56,18731929,4980989952
SZ002594,2022-11-03T00:00:00.000000,265.02,271.76,264.10,267.98,10238397,2747240704
SZ002594,2022-11-04T00:00:00.000000,268.98,283.02,268.00,280.20,22488689,6270505472
SZ002594,2022-11-07T00:00:00.000000,275.00,282.03,272.99,278.88,13584206,3781158400
SZ002594,2022-11-08T00:00:00.000000,279.45,282.60,273.50,276.41,10563449,2925766912
SZ002594,2022-11-09T00:00:00.000000,278.15,278.88,268.64,269.63,11194636,3038705664
SZ002594,2022-11-10T00:00:00.000000,264.63,264.97,255.80,260.26,15549677,4039239936
SZ002594,2022-11-11T00:00:00.000000,270.50,272.97,265.16,268.80,16609959,4467701248
SZ002594,2022-11-14T00:00:00.000000,269.23,272.54,262.76,263.79,11523697,3071390464
SZ002594,2022-11-15T00:00:00.000000,263.99,268.30,260.10,267.00,11284835,2985500672
SZ002594,2022-11-16T00:00:00.000000,265.78,266.60,260.10,261.08,10354941,2719934720
SZ002594,2022-11-17T00:00:00.000000,259.91,259.91,253.58,257.00,11126057,2842104576
SZ002594,2022-11-18T00:00:00.000000,257.77,259.56,253.50,254.68,10118376,2595461632
SZ002594,2022-11-21T00:00:00.000000,252.84,254.60,248.51,254.20,8251507,2082807808
SZ002594,2022-11-22T00:00:00.000000,255.00,255.25,250.00,250.49,8014551,2013576320
SZ002594,2022-11-23T00:00:00.000000,250.49,251.50,247.20,251.50,8846881,2209509376
SZ002594,2022-11-24T00:00:00.000000,253.35,255.00,248.28,249.39,8531406,2137710336
SZ002594,2022-11-25T00:00:00.000000,249.00,249.00,245.00,245.05,8782164,2160628992
SZ002594,2022-11-28T00:00:00.000000,240.00,245.13,237.22,245.11,9910928,2387430912
SZ002594,2022-11-29T00:00:00.000000,246.28,249.68,243.00,248.30,12358078,3051509248
SZ002594,2022-11-30T00:00:00.000000,248.36,260.00,246.48,259.52,21287338,5434244608
SZ002594,2022-12-01T00:00:00.000000,268.00,270.95,264.92,266.66,25798585,6927128576
SZ002594,2022-12-02T00:00:00.000000,264.92,267.57,260.48,262.08,11607538,3062453760
SZ002594,2022-12-05T00:00:00.000000,265.95,267.59,261.90,263.36,10523309,2776465920
SZ002594,2022-12-06T00:00:00.000000,260.55,271.63,260.01,267.60,12300679,3283672576
SZ002594,2022-12-07T00:00:00.000000,267.65,278.28,267.65,273.74,19266593,5284876800
SZ002594,2022-12-08T00:00:00.000000,273.75,275.00,270.87,274.29,9458065,2587392512
SZ002594,2022-12-09T00:00:00.000000,275.48,277.70,271.45,274.70,10099232,2768392960
SZ002594,2022-12-12T00:00:00.000000,271.96,273.47,268.00,269.88,8012821,2168695296
SZ002594,2022-12-13T00:00:00.000000,272.00,275.00,269.50,269.80,6138433,1667300864
SZ002594,2022-12-14T00:00:00.000000,269.41,269.44,263.60,266.40,9436462,2507895808
SZ002594,2022-12-15T00:00:00.000000,266.33,272.28,263.51,271.46,9712345,2610706432
SZ002594,2022-12-16T00:00:00.000000,270.07,271.37,267.55,270.51,5619664,1512400640
SZ002594,2022-12-19T00:00:00.000000,268.99,275.00,265.61,266.50,8403891,2264390144
SZ002594,2022-12-20T00:00:00.000000,265.90,265.90,258.68,261.60,8490821,2218820864
SZ002594,2022-12-21T00:00:00.000000,261.58,262.85,259.60,260.80,4196630,1095313280
SZ002594,2022-12-22T00:00:00.000000,263.00,263.50,258.51,259.19,5920995,1543323264
SZ002594,2022-12-23T00:00:00.000000,256.10,256.40,250.50,252.18,9081868,2294100992
SZ002594,2022-12-26T00:00:00.000000,252.20,263.50,252.19,262.42,9354753,2430254848
SZ002594,2022-12-27T00:00:00.000000,263.46,263.98,259.80,262.12,5553654,1453872000
SZ002594,2022-12-28T00:00:00.000000,257.50,259.20,253.00,254.62,10256378,2612261120
SZ002594,2022-12-29T00:00:00.000000,253.99,258.86,252.13,254.76,7225577,1841122304
SZ002594,2022-12-30T00:00:00.000000,258.50,260.37,256.51,256.97,7488973,1931977344
SZ002594,2023-01-03T00:00:00.000000,256.41,261.92,250.00,260.48,12137430,3108609024
SZ002594,2023-01-04T00:00:00.000000,260.00,260.48,256.50,259.10,7267459,1881537664
SZ002594,2023-01-05T00:00:00.000000,262.52,267.59,261.06,265.08,11893600,3143084288
SZ002594,2023-01-06T00:00:00.000000,267.91,271.20,265.10,266.20,13885523,3726792704
SZ002594,2023-01-09T00:00:00.000000,268.00,268.00,262.29,263.38,11416882,3020383488
SZ002594,2023-01-10T00:00:00.000000,262.05,269.58,257.31,266.59,17351254,4568518656
SZ002594,2023-01-11T00:00:00.000000,264.90,271.00,261.41,268.99,12836375,3429408768
SZ002594,2023-01-12T00:00:00.000000,271.51,284.45,270.70,277.30,22347919,6213489664
SZ002594,2023-01-13T00:00:00.000000,277.41,279.93,275.00,278.58,12841101,3556565504
SZ002594,2023-01-16T00:00:00.000000,278.58,278.77,272.00,273.80,16499989,4536354816
SZ002594,2023-01-17T00:00:00.000000,273.81,274.50,268.93,269.99,11166571,3020382976
SZ002594,2023-01-18T00:00:00.000000,269.85,272.50,266.49,269.00,8610817,2315435008
SZ002594,2023-01-19T00:00:00.000000,267.88,270.85,266.52,270.50,8123863,2185520128
SZ002594,2023-01-20T00:00:00.000000,271.00,271.88,267.02,270.07,10464935,2819530240
SZ002594,2023-01-30T00:00:00.000000,285.00,288.00,281.00,281.99,28185441,8014418432
SZ002594,2023-01-31T00:00:00.000000,285.00,288.80,280.39,285.80,18711017,5339962368
SZ002594,2023-02-01T00:00:00.000000,287.98,304.33,286.14,304.33,27298697,8144001024
SZ002594,2023-02-02T00:00:00.000000,305.87,306.13,299.96,302.62,14802993,4485490176
SZ002594,2023-02-03T00:00:00.000000,299.95,299.95,292.80,295.00,15294828,4517779968
SZ002594,2023-02-06T00:00:00.000000,291.69,291.69,287.61,289.98,10044660,2906251520
SZ002594,2023-02-07T00:00:00.000000,291.99,292.48,287.60,289.00,7683474,2223584256
SZ002594,2023-02-08T00:00:00.000000,289.00,289.00,282.80,285.66,9290144,2653105152
SZ002594,2023-02-09T00:00:00.000000,284.00,288.82,282.30,288.33,9064889,2602093568
SZ002594,2023-02-10T00:00:00.000000,285.88,285.90,280.00,281.86,12970811,3659502336
SZ002594,2023-02-13T00:00:00.000000,279.01,283.29,277.06,282.32,9346144,2628940288
SZ002594,2023-02-14T00:00:00.000000,284.00,284.50,279.10,281.97,7364368,2068766592
SZ002594,2023-02-15T00:00:00.000000,283.00,283.90,278.56,279.00,9083216,2549250816
SZ002594,2023-02-16T00:00:00.000000,280.00,281.79,274.85,277.02,10334815,2883947520
SZ002594,2023-02-17T00:00:00.000000,276.49,278.10,271.28,271.66,10099650,2764372480
SZ002594,2023-02-20T00:00:00.000000,271.59,273.30,267.00,272.80,13070148,3524868352
SZ002594,2023-02-21T00:00:00.000000,272.00,276.56,270.28,274.75,11369006,3115649024
SZ002594,2023-02-22T00:00:00.000000,271.90,272.62,268.90,270.42,8508796,2301668352
SZ002594,2023-02-23T00:00:00.000000,269.90,271.67,268.50,270.44,10035821,2705234176
SZ002594,2023-02-24T00:00:00.000000,269.02,269.88,267.00,267.58,6686761,1790064896
SZ002594,2023-02-27T00:00:00.000000,265.00,265.89,258.00,259.81,16970381,4428435968
SZ002594,2023-02-28T00:00:00.000000,261.00,262.00,257.57,260.80,12033003,3122819328
SZ002594,2023-03-01T00:00:00.000000,260.75,266.54,257.76,265.50,14365761,3781044992
SZ002594,2023-03-02T00:00:00.000000,266.12,268.13,262.00,263.71,11490496,3043464704
SZ002594,2023-03-03T00:00:00.000000,264.99,265.23,262.08,263.79,6398161,1686348672
SZ002594,2023-03-06T00:00:00.000000,264.00,264.63,258.00,264.27,11212447,2932174848
SZ002594,2023-03-07T00:00:00.000000,264.18,266.99,260.50,260.68,10593288,2789608704
SZ002594,2023-03-08T00:00:00.000000,258.50,259.79,255.00,256.99,12089760,3104294400
SZ002594,2023-03-09T00:00:00.000000,256.50,259.83,254.01,256.07,9673143,2481897984
SZ002594,2023-03-10T00:00:00.000000,252.00,253.00,242.30,243.14,28346408,6951755776
SZ002594,2023-03-13T00:00:00.000000,241.72,242.95,237.00,240.49,16734341,4010230528
SZ002594,2023-03-14T00:00:00.000000,240.00,242.50,233.03,239.98,19856816,4715842048
SZ002594,2023-03-15T00:00:00.000000,241.50,242.48,237.41,238.62,12071459,2895736064
SZ002594,2023-03-16T00:00:00.000000,235.00,239.62,234.00,234.79,11837025,2793057536
SZ002594,2023-03-17T00:00:00.000000,236.78,240.98,235.53,237.91,13500262,3213068032
SZ002594,2023-03-20T00:00:00.000000,237.91,239.36,234.60,235.57,8632333,2041533824
SZ002594,2023-03-21T00:00:00.000000,236.89,239.51,234.79,239.51,10887269,2585297152
SZ002594,2023-03-22T00:00:00.000000,242.20,247.58,242.08,243.20,15533932,3800940800
SZ002594,2023-03-23T00:00:00.000000,242.99,245.50,239.50,245.49,9746104,2374450176
SZ002594,2023-03-24T00:00:00.000000,245.50,247.63,243.49,246.02,8101826,1990565376
SZ002594,2023-03-27T00:00:00.000000,245.99,245.99,240.30,243.65,9249536,2246213120
SZ002594,2023-03-28T00:00:00.000000,244.50,245.67,242.40,245.01,8184504,1998797312
SZ002594,2023-03-29T00:00:00.000000,246.55,250.25,246.55,247.70,14430262,3588758272
SZ002594,2023-03-30T00:00:00.000000,250.00,257.20,250.00,257.20,20926722,5317797888
SZ002594,2023-03-31T00:00:00.000000,258.97,260.86,255.00,256.02,16700761,4304295424
SZ002594,2023-04-03T00:00:00.000000,256.00,258.24,252.26,255.92,13369125,3412119552
SZ002594,2023-04-04T00:00:00.000000,255.81,255.81,247.99,250.92,13774433,3448254976
SZ002594,2023-04-06T00:00:00.000000,248.00,250.88,245.68,250.00,8194227,2036216960
SZ002594,2023-04-07T00:00:00.000000,250.05,252.13,248.33,249.28,6872291,1718631424
SZ002594,2023-04-10T00:00:00.000000,249.28,251.20,246.00,251.00,9805791,2436804864
SZ002594,2023-04-11T00:00:00.000000,252.15,254.49,248.60,249.83,8745512,2194591744
SZ002594,2023-04-12T00:00:00.000000,248.80,248.80,243.33,243.40,11232970,2751446272
SZ002594,2023-04-13T00:00:00.000000,240.58,243.00,237.77,242.82,8096464,1952037248
SZ002594,2023-04-14T00:00:00.000000,243.40,247.47,242.99,246.06,10550644,2589957888
SZ002594,2023-04-17T00:00:00.000000,245.00,249.68,244.21,249.44,9039385,2244153600
SZ002594,2023-04-18T00:00:00.000000,250.40,252.18,248.44,249.00,7843220,1961474816
SZ002594,2023-04-19T00:00:00.000000,249.00,253.20,246.09,250.85,11192747,2793037824
SZ002594,2023-04-20T00:00:00.000000,249.93,249.93,245.00,245.02,10030830,2470721536
SZ002594,2023-04-21T00:00:00.000000,244.50,248.95,243.00,243.00,10405248,2553937664
SZ002594,2023-04-24T00:00:00.000000,244.10,258.60,243.18,253.49,26701734,6747607040
SZ002594,2023-04-25T00:00:00.000000,251.00,251.80,242.20,244.30,18741873,4589549568
SZ002594,2023-04-26T00:00:00.000000,243.00,254.54,241.00,251.00,17449204,4353221120
SZ002594,2023-04-27T00:00:00.000000,250.00,258.99,249.55,258.92,24246438,6228404736
SZ002594,2023-04-28T00:00:00.000000,261.47,262.97,254.00,255.86,19194480,4933613056
SZ002594,2023-05-04T00:00:00.000000,255.00,257.61,251.40,252.52,11812427,3002183936
SZ002594,2023-05-05T00:00:00.000000,252.55,253.80,247.95,250.07,10243959,2560075776
SZ002594,2023-05-08T00:00:00.000000,253.00,259.10,252.52,254.03,12162620,3104234496
SZ002594,2023-05-09T00:00:00.000000,250.04,253.36,249.00,250.11,8988483,2253697792
SZ002594,2023-05-10T00:00:00.000000,251.00,262.18,249.20,259.79,25369089,6542224384
SZ002594,2023-05-11T00:00:00.000000,260.77,269.80,258.68,263.75,21423687,5669565952
SZ002594,2023-05-12T00:00:00.000000,266.00,268.25,259.52,260.10,10457353,2750523136
SZ002594,2023-05-15T00:00:00.000000,260.10,266.55,258.70,264.90,13692627,3615695872
SZ002594,2023-05-16T00:00:00.000000,264.39,267.42,263.20,265.13,8163931,2162966784
SZ002594,2023-05-17T00:00:00.000000,264.99,265.80,259.01,261.00,8955605,2336687616
SZ002594,2023-05-18T00:00:00.000000,262.30,263.88,256.56,259.08,10069665,2610927872
SZ002594,2023-05-19T00:00:00.000000,258.18,260.92,256.30,259.18,6010582,1557739648
SZ002594,2023-05-22T00:00:00.000000,260.92,266.00,257.08,265.10,12016521,3160916480
SZ002594,2023-05-23T00:00:00.000000,265.04,266.88,262.93,262.93,9061940,2401159936
SZ002594,2023-05-24T00:00:00.000000,261.60,265.00,259.52,261.91,6809295,1787131264
SZ002594,2023-05-25T00:00:00.000000,261.96,263.85,255.14,255.60,13207895,3413072384
SZ002594,2023-05-26T00:00:00.000000,253.00,253.00,242.80,246.99,18581340,4583194112
SZ002594,2023-05-29T00:00:00.000000,250.00,250.55,242.00,244.93,12472291,3051361280
SZ002594,2023-05-30T00:00:00.000000,245.95,255.00,245.83,252.20,16688058,4201064960
SZ002594,2023-05-31T00:00:00.000000,252.20,254.90,249.65,253.66,11838117,2995495168
SZ002594,2023-06-01T00:00:00.000000,253.66,257.88,253.23,255.45,8673571,2217698816
SZ002594,2023-06-02T00:00:00.000000,257.88,259.59,255.60,259.06,11067975,2854068992
SZ002594,2023-06-05T00:00:00.000000,259.00,259.06,251.67,258.32,10479452,2682476800
SZ002594,2023-06-06T00:00:00.000000,257.95,265.00,256.18,260.88,12898111,3371155456
SZ002594,2023-06-07T00:00:00.000000,262.00,263.44,255.50,256.55,10049028,2598158592
SZ002594,2023-06-08T00:00:00.000000,256.19,258.84,254.47,255.00,6445426,1650438528
SZ002594,2023-06-09T00:00:00.000000,258.80,259.10,252.50,258.00,10748401,2753073920
SZ002594,2023-06-12T00:00:00.000000,256.50,263.00,255.50,260.51,10289121,2682484224
SZ002594,2023-06-13T00:00:00.000000,260.50,262.00,257.13,261.22,8151147,2117925888
SZ002594,2023-06-14T00:00:00.000000,262.68,265.39,261.50,263.00,12577600,3318766848
SZ002594,2023-06-15T00:00:00.000000,263.50,275.01,263.29,271.88,24396107,6622886912
SZ002594,2023-06-16T00:00:00.000000,273.86,275.86,270.00,271.08,15229682,4146755840
SZ002594,2023-06-19T00:00:00.000000,271.08,274.99,267.88,269.21,12356475,3342857472
SZ002594,2023-06-20T00:00:00.000000,269.01,269.20,264.90,268.25,10236616,2734001920
SZ002594,2023-06-21T00:00:00.000000,267.01,273.28,266.25,267.78,10781176,2906861056
SZ002594,2023-06-26T00:00:00.000000,262.43,268.69,262.30,262.89,10151222,2681452544
SZ002594,2023-06-27T00:00:00.000000,262.02,263.85,257.08,260.05,9902865,2570404864
SZ002594,2023-06-28T00:00:00.000000,260.00,262.50,258.10,260.25,5726951,1489543296
SZ002594,2023-06-29T00:00:00.000000,260.25,260.78,255.23,255.70,8348505,2148587008
SZ002594,2023-06-30T00:00:00.000000,254.13,260.00,253.70,258.27,7572436,1952424832
SZ002594,2023-07-03T00:00:00.000000,258.88,269.27,258.88,267.48,16256506,4313305088
SZ002594,2023-07-04T00:00:00.000000,268.50,275.00,266.51,271.50,15712002,4271284224
SZ002594,2023-07-05T00:00:00.000000,271.51,272.48,265.69,267.00,9303313,2493339648
SZ002594,2023-07-06T00:00:00.000000,267.00,272.00,266.80,268.10,8371185,2249759232
SZ002594,2023-07-07T00:00:00.000000,267.00,267.66,264.11,264.40,6219150,1650354304
SZ002594,2023-07-10T00:00:00.000000,267.00,269.50,262.75,263.55,6887762,1824432512
SZ002594,2023-07-11T00:00:00.000000,265.00,270.69,263.80,269.33,10240520,2744333056
SZ002594,2023-07-12T00:00:00.000000,270.50,271.15,264.66,265.61,8703195,2328017152
SZ002594,2023-07-13T00:00:00.000000,267.50,269.50,265.01,267.83,8275301,2213414400
SZ002594,2023-07-14T00:00:00.000000,267.80,267.80,263.50,264.41,10272203,2718639360
SZ002594,2023-07-17T00:00:00.000000,267.00,267.00,262.35,264.49,7892663,2086663808
SZ002594,2023-07-18T00:00:00.000000,265.25,267.57,260.50,265.48,9845648,2603934464
SZ002594,2023-07-19T00:00:00.000000,265.49,265.90,262.74,264.83,5025000,1328126208
SZ002594,2023-07-20T00:00:00.000000,265.50,269.50,264.00,264.95,9127051,2434017280
SZ002594,2023-07-21T00:00:00.000000,264.00,264.80,261.55,264.32,7528703,1979318656
SZ002594,2023-07-24T00:00:00.000000,261.01,262.77,257.49,257.50,9595037,2491708416
SZ002594,2023-07-25T00:00:00.000000,262.68,266.99,262.65,264.59,17388284,4604657664
SZ002594,2023-07-26T00:00:00.000000,263.76,263.76,260.60,262.09,6586488,1723363584
SZ002594,2023-07-27T00:00:00.000000,264.50,265.77,260.80,261.63,11265069,2962230528
SZ002594,2023-07-28T00:00:00.000000,260.00,267.65,258.22,267.00,17330825,4584230912
SZ002594,2023-07-31T00:00:00.000000,270.00,276.58,269.88,272.00,21506016,5874722816
SZ002594,2023-08-01T00:00:00.000000,271.76,272.76,266.50,268.50,12033993,3239067648
SZ002594,2023-08-02T00:00:00.000000,270.70,272.00,266.36,268.00,8739351,2346829312
SZ002594,2023-08-03T00:00:00.000000,267.28,268.48,265.51,268.23,6616988,1766952960
SZ002594,2023-08-04T00:00:00.000000,268.99,270.07,266.65,268.30,8805315,2358257664
SZ002594,2023-08-07T00:00:00.000000,267.93,267.93,265.19,266.99,6420380,1710317696
SZ002594,2023-08-08T00:00:00.000000,265.20,266.50,262.51,263.30,9171188,2419517184
SZ002594,2023-08-09T00:00:00.000000,262.00,263.50,260.23,262.90,7249937,1897124736
SZ002594,2023-08-10T00:00:00.000000,263.00,264.87,260.74,262.70,6001610,1575799680
SZ002594,2023-08-11T00:00:00.000000,262.69,262.70,259.01,259.25,8612528,2242256384
SZ002594,2023-08-14T00:00:00.000000,255.00,256.99,243.49,245.82,25289035,6237439488
SZ002594,2023-08-15T00:00:00.000000,245.82,246.13,241.90,244.54,11502129,2804377856
SZ002594,2023-08-16T00:00:00.000000,243.28,245.50,242.21,244.20,7997936,1953463808
SZ002594,2023-08-17T00:00:00.000000,243.37,246.34,240.40,246.01,8683555,2118628480
SZ002594,2023-08-18T00:00:00.000000,245.56,245.56,240.00,240.29,9846650,2385483776
SZ002594,2023-08-21T00:00:00.000000,239.80,239.88,234.05,234.41,12787920,3022536192
SZ002594,2023-08-22T00:00:00.000000,237.97,238.50,230.90,234.54,11211589,2620973056
SZ002594,2023-08-23T00:00:00.000000,234.54,234.54,230.03,230.09,8123755,1882332032
SZ002594,2023-08-24T00:00:00.000000,231.01,237.00,231.01,234.90,10681059,2501734144
SZ002594,2023-08-25T00:00:00.000000,233.28,234.33,231.50,232.60,6677526,1554436992
SZ002594,2023-08-28T00:00:00.000000,248.00,248.00,234.25,235.53,13352736,3189524736
SZ002594,2023-08-29T00:00:00.000000,236.81,247.50,236.81,246.71,21322346,5201525760
SZ002594,2023-08-30T00:00:00.000000,249.33,251.47,247.84,249.80,15218735,3798606848
SZ002594,2023-08-31T00:00:00.000000,250.51,250.99,248.00,249.40,8873396,2214558976
SZ002594,2023-09-01T00:00:00.000000,253.00,254.47,248.00,249.12,7777183,1949444096
SZ002594,2023-09-04T00:00:00.000000,251.60,253.00,248.88,252.45,9651160,2427791360
SZ002594,2023-09-05T00:00:00.000000,252.20,252.20,248.69,249.03,7457050,1864915968
SZ002594,2023-09-06T00:00:00.000000,250.00,252.30,249.30,250.45,6592856,1653726080
SZ002594,2023-09-07T00:00:00.000000,250.42,250.42,248.11,248.40,6091302,1517662848
SZ002594,2023-09-08T00:00:00.000000,247.01,247.01,242.69,244.05,6763440,1651599232
SZ002594,2023-09-11T00:00:00.000000,243.70,248.50,242.20,247.01,7651344,1876707072
SZ002594,2023-09-12T00:00:00.000000,248.70,253.37,247.10,251.99,11953240,3004363264
SZ002594,2023-09-13T00:00:00.000000,252.00,254.28,250.40,251.55,9147897,2305292032
SZ002594,2023-09-14T00:00:00.000000,246.80,246.95,242.00,243.63,15258025,3722930944
SZ002594,2023-09-15T00:00:00.000000,244.00,246.84,241.51,244.29,8225595,2010812288
SZ002594,2023-09-18T00:00:00.000000,244.50,251.20,244.29,247.38,9640522,2395846400
SZ002594,2023-09-19T00:00:00.000000,246.00,248.28,243.80,247.17,6239693,1533948928
SZ002594,2023-09-20T00:00:00.000000,245.00,246.28,244.00,244.00,5449710,1332673920
SZ002594,2023-09-21T00:00:00.000000,243.00,243.87,238.55,239.68,9296462,2232606208
SZ002594,2023-09-22T00:00:00.000000,239.52,245.66,238.50,245.05,9676396,2356419328
SZ002594,2023-09-25T00:00:00.000000,246.83,246.98,244.35,245.80,6478680,1592828416
SZ002594,2023-09-26T00:00:00.000000,245.00,245.00,238.30,238.50,11846263,2846103808
SZ002594,2023-09-27T00:00:00.000000,239.11,242.22,237.79,237.83,7573367,1808518912
SZ002594,2023-09-28T00:00:00.000000,238.80,239.50,236.05,236.70,8525768,2022931200
SZ002594,2023-10-09T00:00:00.000000,236.70,238.51,229.66,237.97,9179071,2162900224
SZ002594,2023-10-10T00:00:00.000000,237.96,240.02,237.00,237.91,6393661,1524841088
SZ002594,2023-10-11T00:00:00.000000,241.96,242.50,238.00,238.59,7668373,1838353024
SZ002594,2023-10-12T00:00:00.000000,240.40,245.50,239.00,244.45,13934094,3391600128
SZ002594,2023-10-13T00:00:00.000000,241.90,242.77,239.80,240.36,6644523,1598611968
SZ002594,2023-10-16T00:00:00.000000,240.40,241.08,236.50,237.51,6602221,1573224704
SZ002594,2023-10-17T00:00:00.000000,237.52,239.99,236.50,238.00,4916359,1169236096
SZ002594,2023-10-18T00:00:00.000000,245.60,251.00,244.00,249.07,30786284,7646061568
SZ002594,2023-10-19T00:00:00.000000,246.95,247.97,240.34,240.60,14775328,3595894528
SZ002594,2023-10-20T00:00:00.000000,240.00,241.80,238.21,239.20,8565861,2050294912
SZ002594,2023-10-23T00:00:00.000000,240.00,240.00,236.20,238.65,7353683,1747793920
SZ002594,2023-10-24T00:00:00.000000,239.30,240.50,234.67,235.55,11077892,2614866688
SZ002594,2023-10-25T00:00:00.000000,237.97,240.01,236.22,237.40,8367573,1993861888
SZ002594,2023-10-26T00:00:00.000000,236.06,238.80,235.70,238.61,7319935,1738279552
SZ002594,2023-10-27T00:00:00.000000,238.00,243.50,237.52,241.95,10320556,2490630400
SZ002594,2023-10-30T00:00:00.000000,239.51,244.99,238.70,244.60,11729547,2849732864
SZ002594,2023-10-31T00:00:00.000000,243.50,243.99,237.50,238.54,12720475,3044814848
SZ002594,2023-11-01T00:00:00.000000,238.00,238.00,235.42,236.20,9339042,2206820608
SZ002594,2023-11-02T00:00:00.000000,237.86,237.88,234.80,234.80,8541416,2015702272
SZ002594,2023-11-03T00:00:00.000000,235.51,239.15,234.88,238.65,9067942,2154652416
SZ002594,2023-11-06T00:00:00.000000,240.51,243.43,240.00,242.90,14354786,3472633600
SZ002594,2023-11-07T00:00:00.000000,243.00,244.30,240.51,240.97,9451293,2287202304
SZ002594,2023-11-08T00:00:00.000000,240.36,240.86,239.18,240.00,8012814,1921682176
SZ002594,2023-11-09T00:00:00.000000,240.00,240.75,238.34,239.30,7318274,1750698752
SZ002594,2023-11-10T00:00:00.000000,239.00,239.00,235.66,236.96,8190190,1940054016
SZ002594,2023-11-13T00:00:00.000000,237.88,238.18,235.10,237.12,6973846,1649216000
SZ002594,2023-11-14T00:00:00.000000,237.30,238.20,236.60,237.63,5521655,1310694912
SZ002594,2023-11-15T00:00:00.000000,239.90,240.00,238.30,238.64,7869167,1881360640
SZ002594,2023-11-16T00:00:00.000000,239.80,239.80,237.22,238.30,6169007,1471253120
SZ002594,2023-11-17T00:00:00.000000,237.00,238.59,236.00,236.76,5946229,1408060160
SZ002594,2023-11-20T00:00:00.000000,235.80,236.50,234.58,235.00,7677094,1804923904
SZ002594,2023-11-21T00:00:00.000000,235.69,236.68,233.66,234.20,8238634,1937039104
SZ002594,2023-11-22T00:00:00.000000,233.50,233.50,229.88,230.00,10557108,2440478720
SZ002594,2023-11-23T00:00:00.000000,230.50,231.28,227.12,228.83,10576394,2425947648
SZ002594,2023-11-24T00:00:00.000000,228.80,228.80,215.40,216.85,28065948,6162803712
SZ002594,2023-11-27T00:00:00.000000,212.00,212.00,205.00,208.90,21548087,4487132160
SZ002594,2023-11-28T00:00:00.000000,208.92,211.77,207.01,209.91,12221143,2562912256
SZ002594,2023-11-29T00:00:00.000000,209.88,209.90,201.39,201.98,21924630,4464902144
SZ002594,2023-11-30T00:00:00.000000,201.60,202.73,198.45,199.15,18724215,3745049088
SZ002594,2023-12-01T00:00:00.000000,200.48,200.82,192.81,197.05,19418985,3799477760
SZ002594,2023-12-04T00:00:00.000000,197.05,199.29,193.60,196.39,11761315,2317283584
SZ002594,2023-12-05T00:00:00.000000,197.00,199.96,195.61,196.34,15237247,3021632256
SZ002594,2023-12-06T00:00:00.000000,196.35,201.24,196.00,201.19,17634737,3523669760
SZ002594,2023-12-07T00:00:00.000000,201.19,201.20,197.30,199.45,10316924,2051259520
SZ002594,2023-12-08T00:00:00.000000,199.03,200.36,198.32,198.55,7770019,1547061888
SZ002594,2023-12-11T00:00:00.000000,196.75,199.58,194.64,199.19,10108635,1989856384
SZ002594,2023-12-12T00:00:00.000000,198.18,198.73,196.12,196.33,7979721,1572793728
SZ002594,2023-12-13T00:00:00.000000,195.82,195.82,191.72,191.80,11753492,2270646784
SZ002594,2023-12-14T00:00:00.000000,193.00,196.18,191.11,191.18,9249670,1787086976
SZ002594,2023-12-15T00:00:00.000000,193.08,194.39,191.08,193.28,10184134,1966549120
SZ002594,2023-12-18T00:00:00.000000,191.06,192.50,188.31,189.06,10051147,1906643072
SZ002594,2023-12-19T00:00:00.000000,188.53,188.68,186.16,188.00,7936972,1487629696
SZ002594,2023-12-20T00:00:00.000000,188.33,189.33,184.87,184.88,8492482,1585187712
SZ002594,2023-12-21T00:00:00.000000,183.33,189.98,182.85,189.68,13314943,2494209024
SZ002594,2023-12-22T00:00:00.000000,189.90,195.38,188.04,192.25,11799766,2267509760
SZ002594,2023-12-25T00:00:00.000000,193.00,194.20,190.21,192.18,5376986,1032287296
SZ002594,2023-12-26T00:00:00.000000,192.16,192.16,190.00,191.75,4138033,790091008
SZ002594,2023-12-27T00:00:00.000000,193.00,193.50,190.70,191.45,6136402,1174486144
SZ002594,2023-12-28T00:00:00.000000,191.03,198.66,190.66,198.05,13877780,2722971136
SZ002594,2023-12-29T00:00:00.000000,198.97,199.80,197.15,198.00,8036729,1591969792
SZ002594,2024-01-02T00:00:00.000000,199.61,199.62,192.37,192.60,11392832,2212162304
SZ002594,2024-01-03T00:00:00.000000,192.50,193.87,190.70,193.17,8448596,1624093056
SZ002594,2024-01-04T00:00:00.000000,194.34,194.65,191.10,193.02,8987036,1731882112
SZ002594,2024-01-05T00:00:00.000000,192.47,197.50,191.13,192.68,11240188,2187835648
SZ002594,2024-01-08T00:00:00.000000,192.80,193.66,189.15,189.40,8107839,1543893888
SZ002594,2024-01-09T00:00:00.000000,191.00,196.00,190.20,192.86,11218651,2167747840
SZ002594,2024-01-10T00:00:00.000000,191.70,193.30,189.60,190.29,7141623,1364589184
SZ002594,2024-01-11T00:00:00.000000,190.20,198.70,188.81,196.78,15986174,3120354816
SZ002594,2024-01-12T00:00:00.000000,196.78,198.25,195.29,195.87,8702264,1711086592
SZ002594,2024-01-15T00:00:00.000000,194.72,197.00,192.42,194.61,7021993,1364639744
SZ002594,2024-01-16T00:00:00.000000,193.90,196.55,193.07,195.30,8380860,1633959552
SZ002594,2024-01-17T00:00:00.000000,194.20,194.55,186.80,186.80,16079471,3050944512
SZ002594,2024-01-18T00:00:00.000000,185.65,191.00,184.91,190.48,11459165,2150839552
SZ002594,2024-01-19T00:00:00.000000,189.49,192.96,188.70,189.34,8090516,1540978176
SZ002594,2024-01-22T00:00:00.000000,188.87,191.30,184.56,185.34,13223973,2487370752
SZ002594,2024-01-23T00:00:00.000000,185.00,188.96,184.30,187.85,11072562,2072060544
SZ002594,2024-01-24T00:00:00.000000,189.28,189.85,184.08,188.70,9664121,1805379328
SZ002594,2024-01-25T00:00:00.000000,188.88,190.90,185.66,189.90,13076908,2470818560
SZ002594,2024-01-26T00:00:00.000000,189.00,189.00,185.50,185.86,11585464,2160578304
SZ002594,2024-01-29T00:00:00.000000,185.90,186.00,178.31,178.44,14604252,2647388160
SZ002594,2024-01-30T00:00:00.000000,173.08,175.48,170.30,171.97,19076118,3296016896
SZ002594,2024-01-31T00:00:00.000000,171.09,175.28,170.32,170.73,12536841,2155163648
SZ002594,2024-02-01T00:00:00.000000,170.00,173.00,168.36,170.89,11665074,1996429696
SZ002594,2024-02-02T00:00:00.000000,170.96,171.88,163.01,167.00,14799171,2485326336
SZ002594,2024-02-05T00:00:00.000000,165.00,171.78,162.77,168.00,18621620,3122618368
SZ002594,2024-02-06T00:00:00.000000,166.00,176.11,165.50,175.87,17618975,3054635520
SZ002594,2024-02-07T00:00:00.000000,177.25,183.00,176.10,179.56,16009370,2880398848
SZ002594,2024-02-08T00:00:00.000000,181.49,183.35,180.70,181.17,11924566,2168509184
SZ002594,2024-02-19T00:00:00.000000,183.88,185.35,181.84,183.50,11968707,2192419584
SZ002594,2024-02-20T00:00:00.000000,183.50,183.68,177.00,179.02,11335736,2023820032
SZ002594,2024-02-21T00:00:00.000000,177.10,185.60,176.66,183.00,14769298,2700340992
SZ002594,2024-02-22T00:00:00.000000,182.90,183.64,181.26,182.99,8090613,1476863360
SZ002594,2024-02-23T00:00:00.000000,182.99,183.99,180.83,182.68,9117490,1660682368
SZ002594,2024-02-26T00:00:00.000000,186.00,190.13,185.55,186.00,15546076,2912982272
SZ002594,2024-02-27T00:00:00.000000,187.45,193.93,187.20,193.70,20634265,3958101760
SZ002594,2024-02-28T00:00:00.000000,196.00,196.52,188.00,188.00,16829153,3223632128
SZ002594,2024-02-29T00:00:00.000000,187.01,191.61,186.19,191.20,12236289,2323915776
SZ002594,2024-03-01T00:00:00.000000,190.90,192.98,188.77,192.18,12215828,2336111360
SZ002594,2024-03-04T00:00:00.000000,190.00,191.70,188.10,189.27,12686510,2401200128
SZ002594,2024-03-05T00:00:00.000000,187.50,191.65,185.50,190.82,14962443,2826124032
SZ002594,2024-03-06T00:00:00.000000,190.00,192.98,189.00,191.65,10010040,1914828160
SZ002594,2024-03-07T00:00:00.000000,192.06,193.96,188.80,188.89,10132688,1935953152
SZ002594,2024-03-08T00:00:00.000000,188.30,190.15,187.25,188.09,6714968,1263993344
SZ002594,2024-03-11T00:00:00.000000,188.00,199.90,188.00,198.74,27808046,5440726528
SZ002594,2024-03-12T00:00:00.000000,201.00,206.66,197.77,205.10,24502892,4958824448
SZ002594,2024-03-13T00:00:00.000000,206.92,210.40,205.83,206.36,17781291,3691839488
SZ002594,2024-03-14T00:00:00.000000,208.42,215.36,208.42,212.08,21135219,4497085952
SZ002594,2024-03-15T00:00:00.000000,210.00,211.38,206.18,209.47,14662802,3057950720
SZ002594,2024-03-18T00:00:00.000000,211.85,218.25,211.61,218.03,19698182,4250885888
SZ002594,2024-03-19T00:00:00.000000,218.03,219.85,214.39,216.80,14697268,3194716160
SZ002594,2024-03-20T00:00:00.000000,217.01,220.78,217.01,218.48,9680523,2118610304
SZ002594,2024-03-21T00:00:00.000000,218.92,219.80,217.00,218.95,8866709,1938901120
SZ002594,2024-03-22T00:00:00.000000,218.95,218.97,215.20,216.95,10467161,2266796544
SZ002594,2024-03-25T00:00:00.000000,216.37,217.79,212.85,214.20,9910940,2133902464
SZ002594,2024-03-26T00:00:00.000000,216.00,219.99,215.27,219.60,13134627,2864082688
SZ002594,2024-03-27T00:00:00.000000,219.61,219.70,210.01,211.98,18884898,4058093312
SZ002594,2024-03-28T00:00:00.000000,209.85,211.84,206.01,208.38,15943531,3327175168
SZ002594,2024-03-29T00:00:00.000000,208.43,208.52,201.17,203.06,14138108,2873380608
SZ002594,2024-04-01T00:00:00.000000,203.06,212.98,203.06,212.01,14290927,2995671808
SZ002594,2024-04-02T00:00:00.000000,212.01,217.30,211.80,212.34,10758479,2301699072
SZ002594,2024-04-03T00:00:00.000000,210.50,211.11,207.55,208.16,8363379,1747159168
SZ002594,2024-04-08T00:00:00.000000,207.00,215.00,206.39,212.00,12822718,2722271488
SZ002594,2024-04-09T00:00:00.000000,211.75,214.99,211.35,212.08,8420846,1791256320
SZ002594,2024-04-10T00:00:00.000000,214.30,214.50,210.00,211.84,7241085,1537375488
SZ002594,2024-04-11T00:00:00.000000,209.00,215.44,207.80,212.98,10085395,2130444800
SZ002594,2024-04-12T00:00:00.000000,212.00,217.19,209.54,210.60,11491789,2453371136
SZ002594,2024-04-15T00:00:00.000000,210.00,215.50,209.09,213.62,11333192,2418635264
SZ002594,2024-04-16T00:00:00.000000,212.40,215.35,210.71,211.63,9832304,2090984704
SZ002594,2024-04-17T00:00:00.000000,211.00,213.18,209.60,213.00,9692162,2046775936
SZ002594,2024-04-18T00:00:00.000000,212.00,216.50,209.40,213.60,13399756,2863779584
SZ002594,2024-04-19T00:00:00.000000,212.19,212.87,207.06,210.13,11177043,2342512384
SZ002594,2024-04-22T00:00:00.000000,210.00,211.53,208.10,208.56,6469478,1353616000
SZ002594,2024-04-23T00:00:00.000000,208.55,208.56,203.99,205.04,8729994,1793533824
SZ002594,2024-04-24T00:00:00.000000,206.89,208.80,204.50,207.42,7497892,1546983936
SZ002594,2024-04-25T00:00:00.000000,207.40,211.51,206.62,208.94,9468384,1980120704
SZ002594,2024-04-26T00:00:00.000000,210.00,219.76,210.00,219.37,25345378,5502292480
SZ002594,2024-04-29T00:00:00.000000,221.08,225.40,218.73,221.38,19167593,4256800000
SZ002594,2024-04-30T00:00:00.000000,223.50,224.38,218.50,218.50,11555966,2542063104
SZ002594,2024-05-06T00:00:00.000000,225.00,228.39,223.50,226.30,18677887,4226418432
SZ002594,2024-05-07T00:00:00.000000,226.30,231.99,224.04,229.88,14419048,3301364224
SZ002594,2024-05-08T00:00:00.000000,228.54,228.88,226.00,226.23,9113178,2070673792
SZ002594,2024-05-09T00:00:00.000000,226.30,228.40,226.15,228.15,7900735,1796491136
SZ002594,2024-05-10T00:00:00.000000,227.00,229.52,226.00,227.80,8061330,1833828096
SZ002594,2024-05-13T00:00:00.000000,225.20,227.36,222.58,225.70,8248116,1857506944
SZ002594,2024-05-14T00:00:00.000000,225.71,227.57,224.11,224.91,6261853,1414943488
SZ002594,2024-05-15T00:00:00.000000,224.50,226.00,218.30,219.14,9973351,2204936704
SZ002594,2024-05-16T00:00:00.000000,219.15,219.96,216.61,218.31,8715722,1901165696
SZ002594,2024-05-17T00:00:00.000000,219.39,220.33,217.66,219.59,7148666,1564639104
SZ002594,2024-05-20T00:00:00.000000,218.48,224.00,218.48,222.87,7595857,1688534400
SZ002594,2024-05-21T00:00:00.000000,221.98,221.99,217.42,218.78,8408043,1838619392
SZ002594,2024-05-22T00:00:00.000000,218.19,219.50,215.16,216.92,8839817,1916325760
SZ002594,2024-05-23T00:00:00.000000,215.85,215.85,213.51,214.95,6228723,1336506240
SZ002594,2024-05-24T00:00:00.000000,213.98,214.00,208.80,209.30,10287552,2166851328
SZ002594,2024-05-27T00:00:00.000000,210.00,210.80,206.60,208.35,7604551,1580461952
SZ002594,2024-05-28T00:00:00.000000,208.80,208.91,206.58,207.38,6094646,1265112448
SZ002594,2024-05-29T00:00:00.000000,211.00,226.00,210.99,224.70,30264777,6633165312
SZ002594,2024-05-30T00:00:00.000000,224.42,229.38,223.90,227.86,22379181,5070762496
SZ002594,2024-05-31T00:00:00.000000,228.80,231.60,226.99,229.02,18542984,4264400640
SZ002594,2024-06-03T00:00:00.000000,229.01,240.48,225.99,237.10,27014589,6370453504
SZ002594,2024-06-04T00:00:00.000000,236.90,239.80,235.95,238.15,15742916,3744672000
SZ002594,2024-06-05T00:00:00.000000,238.48,246.30,238.48,240.79,19443395,4732184064
SZ002594,2024-06-06T00:00:00.000000,241.20,243.80,237.50,238.50,17586542,4227834880
SZ002594,2024-06-07T00:00:00.000000,239.03,241.39,232.13,235.50,18259398,4304211456
SZ002594,2024-06-11T00:00:00.000000,234.63,246.00,234.33,244.63,22159693,5386277888
SZ002594,2024-06-12T00:00:00.000000,241.63,247.55,241.63,242.90,18733197,4573252096
SZ002594,2024-06-13T00:00:00.000000,248.80,258.28,248.11,252.99,29251928,7423395328
SZ002594,2024-06-14T00:00:00.000000,251.48,253.93,246.53,253.05,20260976,5066108928
SZ002594,2024-06-17T00:00:00.000000,252.00,259.87,250.87,257.21,20864880,5371512832
SZ002594,2024-06-18T00:00:00.000000,255.60,257.30,253.00,255.64,12878911,3282495488
SZ002594,2024-06-19T00:00:00.000000,256.00,258.00,253.41,254.00,9910811,2529117440
SZ002594,2024-06-20T00:00:00.000000,252.88,253.77,249.30,251.50,11619994,2921099008
SZ002594,2024-06-21T00:00:00.000000,251.99,254.37,247.81,250.67,11633012,2916085504
SZ002594,2024-06-24T00:00:00.000000,250.00,253.98,247.78,249.94,10842302,2719528704
SZ002594,2024-06-25T00:00:00.000000,252.00,258.74,250.36,254.01,19574643,4998561792
SZ002594,2024-06-26T00:00:00.000000,252.00,254.30,249.38,252.72,11191676,2814435328
SZ002594,2024-06-27T00:00:00.000000,251.02,252.36,248.42,249.50,8291084,2074271488
SZ002594,2024-06-28T00:00:00.000000,248.00,252.13,246.88,250.25,9298207,2324520960
SZ002594,2024-07-01T00:00:00.000000,250.25,251.85,242.50,246.80,12927332,3179627776
SZ002594,2024-07-02T00:00:00.000000,246.87,247.70,243.05,243.97,10262737,2515326208
SZ002594,2024-07-03T00:00:00.000000,243.96,245.38,240.00,243.10,9657403,2340645376
SZ002594,2024-07-04T00:00:00.000000,245.00,249.69,244.50,244.63,9919634,2449191936
SZ002594,2024-07-05T00:00:00.000000,243.17,244.50,238.88,242.03,9566478,2308221440
SZ002594,2024-07-08T00:00:00.000000,241.80,248.22,241.18,244.99,10537466,2591239936
SZ002594,2024-07-09T00:00:00.000000,245.20,253.51,241.51,252.60,14076255,3506898688
SZ002594,2024-07-10T00:00:00.000000,252.49,256.53,251.50,252.50,10928256,2767913728
SZ002594,2024-07-11T00:00:00.000000,255.00,256.26,251.68,253.06,10035945,2546645248
SZ002594,2024-07-12T00:00:00.000000,253.52,264.00,251.89,262.62,18886322,4891988480
SZ002594,2024-07-15T00:00:00.000000,262.30,264.80,260.61,261.71,9871552,2590423552
SZ002594,2024-07-16T00:00:00.000000,260.61,262.20,256.35,258.99,11758768,3043326208
SZ002594,2024-07-17T00:00:00.000000,259.00,261.52,256.62,259.51,10519171,2726321408
SZ002594,2024-07-18T00:00:00.000000,257.90,262.90,257.51,261.43,9532204,2487441664
SZ002594,2024-07-19T00:00:00.000000,260.50,266.00,259.74,264.06,13621379,3593320448
SZ002594,2024-07-22T00:00:00.000000,264.10,270.10,264.10,265.61,10074955,2688874240
SZ002594,2024-07-23T00:00:00.000000,264.99,265.41,253.00,253.23,16741049,4318283776
SZ002594,2024-07-24T00:00:00.000000,253.23,255.15,248.49,249.99,11864005,2976544512
SZ002594,2024-07-25T00:00:00.000000,249.97,254.54,247.50,250.39,10110420,2533958400
SZ002594,2024-07-26T00:00:00.000000,252.97,257.63,251.15,254.95,12484165,3180235008
SZ002594,2024-07-29T00:00:00.000000,252.93,253.00,246.58,249.10,7885932,1960649984
SZ002594,2024-07-30T00:00:00.000000,247.59,247.80,241.62,243.91,11039339,2686057472
SZ002594,2024-07-31T00:00:00.000000,242.61,248.02,242.57,247.05,8749003,2153504512
SZ002594,2024-08-01T00:00:00.000000,248.00,248.74,240.00,244.20,10363488,2519341312
SZ002594,2024-08-02T00:00:00.000000,241.99,242.26,234.60,234.78,14567117,3453944576
SZ002594,2024-08-05T00:00:00.000000,230.84,236.67,230.01,231.18,10526835,2457359616
SZ002594,2024-08-06T00:00:00.000000,234.00,234.62,225.98,228.94,12910151,2955783936
SZ002594,2024-08-07T00:00:00.000000,229.04,231.00,226.47,228.95,8202186,1882919936
SZ002594,2024-08-08T00:00:00.000000,227.80,227.80,223.50,226.45,8535741,1925911424
SZ002594,2024-08-09T00:00:00.000000,228.06,235.88,228.04,231.62,11985218,2790790656
SZ002594,2024-08-12T00:00:00.000000,232.01,233.49,229.50,230.40,5377901,1242071552
SZ002594,2024-08-13T00:00:00.000000,230.36,230.39,226.00,228.73,6043650,1378452608
SZ002594,2024-08-14T00:00:00.000000,228.60,228.60,225.20,226.60,5632985,1276584704
SZ002594,2024-08-15T00:00:00.000000,226.57,232.50,224.88,231.49,8854538,2039684352
SZ002594,2024-08-16T00:00:00.000000,232.11,238.32,230.50,235.11,10221858,2406276096
SZ002594,2024-08-19T00:00:00.000000,235.25,238.98,235.01,235.42,7018242,1662452480
SZ002594,2024-08-20T00:00:00.000000,236.00,237.33,233.43,236.48,6248422,1475807616
SZ002594,2024-08-21T00:00:00.000000,234.66,243.13,232.00,241.00,11104338,2658947584
SZ002594,2024-08-22T00:00:00.000000,241.00,242.77,239.62,240.52,6248845,1506260864
SZ002594,2024-08-23T00:00:00.000000,239.80,241.30,238.15,239.34,4978602,1193437056
SZ002594,2024-08-26T00:00:00.000000,239.50,243.00,237.71,239.41,5651342,1354660352
SZ002594,2024-08-27T00:00:00.000000,237.51,241.28,236.50,240.80,5092646,1219257984
SZ002594,2024-08-28T00:00:00.000000,240.27,240.28,232.80,236.85,8904070,2098577152
SZ002594,2024-08-29T00:00:00.000000,233.33,236.50,231.30,234.85,7938487,1858678016
SZ002594,2024-08-30T00:00:00.000000,237.98,251.79,237.26,249.42,19302792,4764660224
SZ002594,2024-09-02T00:00:00.000000,248.02,250.42,241.00,241.10,10113482,2468600832
SZ002594,2024-09-03T00:00:00.000000,240.40,247.45,240.40,247.08,10181990,2497421824
SZ002594,2024-09-04T00:00:00.000000,245.50,251.90,245.44,250.32,10060596,2506778368
SZ002594,2024-09-05T00:00:00.000000,250.00,255.60,249.60,252.85,10012555,2542189312
SZ002594,2024-09-06T00:00:00.000000,252.86,255.10,251.42,251.60,7814152,1982244992
SZ002594,2024-09-09T00:00:00.000000,249.48,253.96,248.58,249.98,7085126,1774845184
SZ002594,2024-09-10T00:00:00.000000,250.00,252.80,248.62,249.65,6124829,1533462784
SZ002594,2024-09-11T00:00:00.000000,250.00,260.60,249.44,258.10,15536148,4001604096
SZ002594,2024-09-12T00:00:00.000000,258.70,260.00,257.00,257.01,7725108,1995755904
SZ002594,2024-09-13T00:00:00.000000,257.20,258.00,254.85,254.99,5699161,1458587904
SZ002594,2024-09-18T00:00:00.000000,255.02,259.33,254.10,258.43,6681981,1715595520
SZ002594,2024-09-19T00:00:00.000000,259.01,259.38,253.30,255.36,9104323,2326365440
SZ002594,2024-09-20T00:00:00.000000,255.38,258.80,252.88,256.10,8989793,2292829696
SZ002594,2024-09-23T00:00:00.000000,255.95,256.96,248.79,250.00,10758273,2712153600
SZ002594,2024-09-24T00:00:00.000000,253.00,255.50,246.76,254.29,15649454,3949080832
SZ002594,2024-09-25T00:00:00.000000,258.00,269.66,257.66,262.80,20571034,5442652160
SZ002594,2024-09-26T00:00:00.000000,264.00,269.70,262.10,269.61,14906641,3960197888
SZ002594,2024-09-27T00:00:00.000000,273.00,291.99,271.50,283.99,30992240,8683448320
SZ002594,2024-09-30T00:00:00.000000,290.00,308.08,290.00,307.31,38880459,11640545280
SZ002594,2024-10-08T00:00:00.000000,338.04,338.04,307.31,327.38,44343939,14484952064
SZ002594,2024-10-09T00:00:00.000000,315.00,320.71,300.50,305.69,32591858,10166970368
SZ002594,2024-10-10T00:00:00.000000,310.00,322.00,309.98,315.89,25016687,7918647296
SZ002594,2024-10-11T00:00:00.000000,314.02,314.02,296.01,300.05,18641849,5671879168
SZ002594,2024-10-14T00:00:00.000000,300.99,309.98,300.20,307.00,17236482,5268100608
SZ002594,2024-10-15T00:00:00.000000,305.50,308.38,298.00,298.00,12214902,3695577344
SZ002594,2024-10-16T00:00:00.000000,293.00,295.98,287.00,289.79,15032187,4362898944
SZ002594,2024-10-17T00:00:00.000000,292.51,297.85,289.12,289.42,10245654,3005198848
SZ002594,2024-10-18T00:00:00.000000,289.45,306.20,288.08,300.30,19109242,5674148352
SZ002594,2024-10-21T00:00:00.000000,303.00,308.60,300.90,306.45,15781602,4819617280
SZ002594,2024-10-22T00:00:00.000000,305.00,310.12,303.00,304.75,10373266,3174859520
SZ002594,2024-10-23T00:00:00.000000,304.75,311.80,302.68,308.88,12669500,3911383552
SZ002594,2024-10-24T00:00:00.000000,308.88,309.97,302.58,303.68,9688514,2959755264
SZ002594,2024-10-25T00:00:00.000000,304.00,311.80,304.00,308.14,13982037,4306245120
SZ002594,2024-10-28T00:00:00.000000,309.00,309.00,301.75,305.10,10932439,3323177984
SZ002594,2024-10-29T00:00:00.000000,309.00,310.28,303.80,305.40,11854561,3635542272
SZ002594,2024-10-30T00:00:00.000000,303.00,307.51,301.50,305.55,10844820,3301164288
SZ002594,2024-10-31T00:00:00.000000,302.01,302.99,293.00,293.19,24085199,7127704576
SZ002594,2024-11-01T00:00:00.000000,293.20,295.60,290.10,290.31,14304086,4174457344
SZ002594,2024-11-04T00:00:00.000000,296.00,308.92,295.61,306.98,21731889,6600399872
SZ002594,2024-11-05T00:00:00.000000,304.06,308.44,300.50,307.50,16781998,5124245504
SZ002594,2024-11-06T00:00:00.000000,308.00,309.75,298.00,300.36,18486120,5611830784
SZ002594,2024-11-07T00:00:00.000000,295.03,301.88,294.00,301.78,15067592,4484369920
SZ002594,2024-11-08T00:00:00.000000,307.12,307.52,297.00,297.90,16671572,5022195712
SZ002594,2024-11-11T00:00:00.000000,295.00,299.47,292.60,299.29,18085930,5349191168
SZ002594,2024-11-12T00:00:00.000000,300.15,310.00,299.31,300.81,24655746,7520312832
SZ002594,2024-11-13T00:00:00.000000,298.00,301.33,295.30,300.57,14511579,4326957568
SZ002594,2024-11-14T00:00:00.000000,300.00,300.30,294.00,294.75,12458290,3690676736
SZ002594,2024-11-15T00:00:00.000000,294.79,295.79,288.02,290.00,15323594,4471450112
SZ002594,2024-11-18T00:00:00.000000,290.01,292.95,286.66,288.68,11620595,3364288768
SZ002594,2024-11-19T00:00:00.000000,288.68,291.48,282.02,287.99,13194669,3785016832
SZ002594,2024-11-20T00:00:00.000000,288.01,290.40,285.50,288.46,10601693,3049973760
SZ002594,2024-11-21T00:00:00.000000,288.47,288.49,284.00,286.00,9553294,2727229952
SZ002594,2024-11-22T00:00:00.000000,285.50,285.86,278.00,278.49,12514178,3529972992
SZ002594,2024-11-25T00:00:00.000000,283.00,289.36,280.89,283.00,17453315,4981714432
SZ002594,2024-11-26T00:00:00.000000,280.00,286.00,277.88,281.01,9520645,2686423296
SZ002594,2024-11-27T00:00:00.000000,279.28,281.00,277.00,281.00,11000281,3068303872
SZ002594,2024-11-28T00:00:00.000000,281.20,281.56,273.00,274.58,15858922,4365778944
SZ002594,2024-11-29T00:00:00.000000,273.00,277.88,272.05,274.83,12800460,3516186112
SZ002594,2024-12-02T00:00:00.000000,276.61,284.00,274.08,282.40,15135721,4255616768
SZ002594,2024-12-03T00:00:00.000000,284.80,285.88,280.58,282.65,9144971,2585319936
SZ002594,2024-12-04T00:00:00.000000,281.34,283.33,278.80,279.98,8501286,2389152000
SZ002594,2024-12-05T00:00:00.000000,277.19,278.48,274.31,275.26,9026771,2486214912
SZ002594,2024-12-06T00:00:00.000000,275.67,281.98,274.01,280.28,12469840,3469413120
SZ002594,2024-12-09T00:00:00.000000,279.23,283.99,277.68,280.49,9215268,2590143488
SZ002594,2024-12-10T00:00:00.000000,293.00,294.00,282.00,282.55,17592915,5057037312
SZ002594,2024-12-11T00:00:00.000000,282.03,283.87,279.40,280.77,9335988,2623997184
SZ002594,2024-12-12T00:00:00.000000,280.10,283.68,278.40,283.68,10013395,2816817920
SZ002594,2024-12-13T00:00:00.000000,281.33,281.62,276.42,276.51,11235863,3130392576
SZ002594,2024-12-16T00:00:00.000000,276.52,278.18,273.58,274.95,7149026,1967314560
SZ002594,2024-12-17T00:00:00.000000,274.92,285.66,273.98,282.80,17568207,4960329728
SZ002594,2024-12-18T00:00:00.000000,283.25,286.88,282.63,284.65,8410638,2397657856
SZ002594,2024-12-19T00:00:00.000000,281.81,286.94,280.00,285.40,8672852,2465377280
SZ002594,2024-12-20T00:00:00.000000,285.01,286.75,280.20,280.20,9670711,2730667008
SZ002594,2024-12-23T00:00:00.000000,280.50,283.29,278.88,280.70,8151596,2291275776
SZ002594,2024-12-24T00:00:00.000000,279.89,288.51,279.13,288.42,14228738,4072070400
SZ002594,2024-12-25T00:00:00.000000,288.73,291.36,285.70,285.92,8339103,2405517056
SZ002594,2024-12-26T00:00:00.000000,285.92,286.80,284.00,284.86,6760455,1928774400
SZ002594,2024-12-27T00:00:00.000000,286.80,287.55,283.00,286.28,7868319,2249658112
SZ002594,2024-12-30T00:00:00.000000,287.20,289.50,283.33,284.99,8294681,2371257344
SZ002594,2024-12-31T00:00:00.000000,285.00,286.50,282.00,282.66,7761976,2201903360
SZ002594,2025-01-02T00:00:00.000000,283.00,283.08,269.42,271.10,16878404,4624073728
SZ002594,2025-01-03T00:00:00.000000,271.50,274.59,268.24,270.73,9936476,2693072128
SZ002594,2025-01-06T00:00:00.000000,271.94,273.89,269.03,271.28,8244683,2236590080
SZ002594,2025-01-07T00:00:00.000000,271.28,277.73,267.50,274.03,9572218,2627167232
SZ002594,2025-01-08T00:00:00.000000,272.99,273.99,265.81,269.18,10908247,2933447168
SZ002594,2025-01-09T00:00:00.000000,269.00,271.70,266.66,269.39,6561288,1766873728
SZ002594,2025-01-10T00:00:00.000000,269.00,270.39,264.78,266.02,8054821,2147363072
SZ002594,2025-01-13T00:00:00.000000,263.00,268.47,262.21,266.00,6721375,1787448704
SZ002594,2025-01-14T00:00:00.000000,266.34,277.15,266.01,276.30,12578973,3438827520
SZ002594,2025-01-15T00:00:00.000000,276.20,277.31,274.50,274.69,6233583,1718769152
SZ002594,2025-01-16T00:00:00.000000,274.70,277.33,270.53,272.76,7257175,1984685696
SZ002594,2025-01-17T00:00:00.000000,273.52,279.20,272.48,276.60,8614153,2376770816
SZ002594,2025-01-20T00:00:00.000000,279.00,286.43,278.92,284.43,13579709,3863727360
SZ002594,2025-01-21T00:00:00.000000,285.00,287.43,283.00,286.05,7644144,2184132864
SZ002594,2025-01-22T00:00:00.000000,285.00,286.30,279.80,282.50,8105689,2287303680
SZ002594,2025-01-23T00:00:00.000000,284.98,285.00,277.00,277.11,9617392,2690601216
SZ002594,2025-01-24T00:00:00.000000,276.51,280.50,276.00,279.08,6814367,1898979200
SZ002594,2025-01-27T00:00:00.000000,279.09,280.12,274.50,274.50,6340768,1755529344
SZ002594,2025-02-05T00:00:00.000000,282.73,286.75,281.60,282.80,14535090,4128876800
SZ002594,2025-02-06T00:00:00.000000,282.81,311.08,282.45,311.08,38145868,11416508416
SZ002594,2025-02-07T00:00:00.000000,320.00,330.00,314.00,326.90,48707526,15691988992
SZ002594,2025-02-10T00:00:00.000000,326.91,332.00,321.58,330.13,27271140,8908518400
SZ002594,2025-02-11T00:00:00.000000,339.30,340.30,326.01,329.90,28036356,9315885056
SZ002594,2025-02-12T00:00:00.000000,327.50,346.94,322.65,345.05,27935722,9451048960
SZ002594,2025-02-13T00:00:00.000000,341.20,346.35,339.50,341.30,19983985,6859997696
SZ002594,2025-02-14T00:00:00.000000,341.52,359.60,341.52,356.05,24364461,8574633472
SZ002594,2025-02-17T00:00:00.000000,356.05,358.80,344.50,348.50,23201509,8111345664
SZ002594,2025-02-18T00:00:00.000000,351.40,363.48,348.84,356.22,25179738,8977762304
SZ002594,2025-02-19T00:00:00.000000,353.52,360.00,353.00,358.50,16191782,5784129536
SZ002594,2025-02-20T00:00:00.000000,363.48,367.66,358.20,362.78,15693717,5695876608
SZ002594,2025-02-21T00:00:00.000000,366.00,386.50,365.23,383.00,23929245,9089498112
SZ002594,2025-02-24T00:00:00.000000,385.00,388.66,373.48,376.28,19940747,7586289152
SZ002594,2025-02-25T00:00:00.000000,370.00,380.00,368.81,372.49,16110252,6008878592
SZ002594,2025-02-26T00:00:00.000000,372.49,375.80,365.00,372.10,13852896,5125594624
SZ002594,2025-02-27T00:00:00.000000,382.00,383.99,371.01,375.50,16844614,6350435840
SZ002594,2025-02-28T00:00:00.000000,371.10,374.77,359.01,361.82,23930429,8762214400
SZ002594,2025-03-03T00:00:00.000000,369.00,370.00,357.79,360.21,15207822,5524500480
SZ002594,2025-03-04T00:00:00.000000,340.03,348.00,338.03,344.84,26345330,9062925312
SZ002594,2025-03-05T00:00:00.000000,347.00,355.19,347.00,353.96,13906886,4885879808
SZ002594,2025-03-06T00:00:00.000000,360.18,362.17,357.00,358.93,11460099,4120637696
SZ002594,2025-03-07T00:00:00.000000,358.90,361.00,355.24,356.40,8758413,3131517696
SZ002594,2025-03-10T00:00:00.000000,355.90,357.39,349.00,351.00,9917660,3484350976
SZ002594,2025-03-11T00:00:00.000000,345.00,351.77,344.88,350.38,9536997,3314689280
SZ002594,2025-03-12T00:00:00.000000,354.45,359.88,351.00,351.00,12951056,4593312768
SZ002594,2025-03-13T00:00:00.000000,351.87,357.36,351.13,354.50,10221085,3624759040
SZ002594,2025-03-14T00:00:00.000000,357.00,377.18,355.62,375.94,22469718,8292987392
SZ002594,2025-03-17T00:00:00.000000,382.32,383.00,375.96,380.25,13306887,5060211712
SZ002594,2025-03-18T00:00:00.000000,388.55,390.00,380.01,384.57,17333878,6672881152
SZ002594,2025-03-19T00:00:00.000000,384.53,399.00,382.54,397.07,18835150,7404859904
SZ002594,2025-03-20T00:00:00.000000,400.00,403.40,395.99,399.99,15941284,6372989440
SZ002594,2025-03-21T00:00:00.000000,393.01,393.31,370.00,372.00,28210676,10685254656
SZ002594,2025-03-24T00:00:00.000000,377.00,378.50,367.86,375.36,14789405,5522974208
SZ002594,2025-03-25T00:00:00.000000,377.98,379.60,368.98,369.59,12308536,4595791872
SZ002594,2025-03-26T00:00:00.000000,369.59,379.00,368.00,376.01,12020484,4503762944
SZ002594,2025-03-27T00:00:00.000000,376.10,391.28,376.09,386.50,14439437,5554865152
SZ002594,2025-03-28T00:00:00.000000,386.50,390.80,381.50,382.50,11493982,4428715520
SZ002594,2025-03-31T00:00:00.000000,380.00,383.28,374.00,374.90,11578391,4370400256
SZ002594,2025-04-01T00:00:00.000000,377.77,377.87,364.36,365.50,15407199,5663385088
SZ002594,2025-04-02T00:00:00.000000,365.00,365.67,358.88,360.50,11710041,4226638848
SZ002594,2025-04-03T00:00:00.000000,355.50,361.53,354.26,357.51,10102322,3618676992
SZ002594,2025-04-07T00:00:00.000000,333.34,337.70,321.76,321.76,27349840,8911483904
SZ002594,2025-04-08T00:00:00.000000,321.76,335.88,318.00,327.51,27464351,8924529664
SZ002594,2025-04-09T00:00:00.000000,319.80,328.00,313.66,324.60,21193856,6822376448
SZ002594,2025-04-10T00:00:00.000000,334.50,347.06,334.00,336.40,21089578,7165511680
SZ002594,2025-04-11T00:00:00.000000,337.00,357.55,336.40,354.98,18994493,6621821952
SZ002594,2025-04-14T00:00:00.000000,363.20,363.70,355.60,359.00,14206917,5115484160
SZ002594,2025-04-15T00:00:00.000000,364.60,365.00,357.33,359.97,11651557,4195947008
SZ002594,2025-04-16T00:00:00.000000,356.62,357.00,348.10,352.15,13182793,4618462208
SZ002594,2025-04-17T00:00:00.000000,349.94,353.45,346.67,349.68,8528864,2985985280
SZ002594,2025-04-18T00:00:00.000000,347.90,347.90,344.00,346.00,7386013,2553879808
SZ002594,2025-04-21T00:00:00.000000,346.00,349.87,345.24,348.76,7495341,2609226240
SZ002594,2025-04-22T00:00:00.000000,348.76,356.93,346.78,354.84,11212206,3956085760
SZ002594,2025-04-23T00:00:00.000000,377.00,378.00,367.23,371.99,24792689,9216822272
SZ002594,2025-04-24T00:00:00.000000,372.48,374.60,363.35,366.00,15089211,5557113344
SZ002594,2025-04-25T00:00:00.000000,370.00,375.30,368.10,370.83,13386942,4975314944
SZ002594,2025-04-28T00:00:00.000000,367.13,367.13,356.56,360.00,17978320,6459136512
SZ002594,2025-04-29T00:00:00.000000,359.10,360.63,353.00,355.00,11898307,4237606400
SZ002594,2025-04-30T00:00:00.000000,354.90,354.93,349.30,353.09,13047947,4599074304
SZ002594,2025-05-06T00:00:00.000000,360.00,362.30,355.92,359.96,14829353,5326196224
SZ002594,2025-05-07T00:00:00.000000,365.00,365.68,358.14,359.20,10883990,3937980416
SZ002594,2025-05-08T00:00:00.000000,356.52,361.98,355.70,359.28,8338169,2994908416
SZ002594,2025-05-09T00:00:00.000000,360.75,366.00,359.30,363.22,14372616,5218995712
SZ002594,2025-05-12T00:00:00.000000,365.00,370.28,360.58,370.28,16137017,5890708992
SZ002594,2025-05-13T00:00:00.000000,376.00,376.58,366.03,366.50,13177107,4874657792
SZ002594,2025-05-14T00:00:00.000000,366.50,373.10,363.36,373.10,13569307,5012059648
SZ002594,2025-05-15T00:00:00.000000,373.00,385.00,369.28,376.80,20880137,7894571008
SZ002594,2025-05-16T00:00:00.000000,375.03,390.99,373.58,389.17,22932794,8858484736
SZ002594,2025-05-19T00:00:00.000000,388.00,388.00,377.00,382.81,16137281,6159126016
SZ002594,2025-05-20T00:00:00.000000,383.50,394.80,381.50,394.80,17209991,6705399808
SZ002594,2025-05-21T00:00:00.000000,393.94,404.00,391.01,400.00,19947886,7967115264
SZ002594,2025-05-22T00:00:00.000000,399.98,405.56,398.00,398.80,14636280,5868800000
SZ002594,2025-05-23T00:00:00.000000,399.00,416.98,398.13,405.00,23557418,9627525120
SZ002594,2025-05-26T00:00:00.000000,401.81,403.00,380.00,381.00,30955063,12014228480
SZ002594,2025-05-27T00:00:00.000000,375.88,381.00,368.88,372.41,23027544,8594833408
SZ002594,2025-05-28T00:00:00.000000,372.41,372.95,362.07,362.88,17775388,6513230336
SZ002594,2025-05-29T00:00:00.000000,359.59,366.00,355.08,361.13,19206113,6942900224
SZ002594,2025-05-30T00:00:00.000000,357.02,358.80,351.30,352.30,19055991,6733498368
SZ002594,2025-06-03T00:00:00.000000,351.25,357.99,349.00,356.00,18189270,6453885952
SZ002594,2025-06-04T00:00:00.000000,359.50,364.32,358.15,360.52,14690410,5311223808
SZ002594,2025-06-05T00:00:00.000000,362.39,362.74,356.03,360.75,10861275,3908084224
SZ002594,2025-06-06T00:00:00.000000,361.00,362.38,357.50,359.96,8969768,3228098048
SZ002594,2025-06-09T00:00:00.000000,356.12,356.41,345.11,348.14,25509134,8932441088
SZ002594,2025-06-10T00:00:00.000000,349.60,355.00,348.23,353.13,17178588,6042960384
SZ002594,2025-06-11T00:00:00.000000,354.01,365.98,354.01,361.99,20310674,7326544896
SZ002594,2025-06-12T00:00:00.000000,359.89,359.89,353.01,353.24,14404696,5117764608
SZ002594,2025-06-13T00:00:00.000000,349.50,349.91,341.49,346.00,21023987,7256548352
SZ002594,2025-06-16T00:00:00.000000,345.99,347.04,340.80,344.43,10228405,3508947712
SZ002594,2025-06-17T00:00:00.000000,344.00,346.40,342.40,343.74,7004530,2408912896
SZ002594,2025-06-18T00:00:00.000000,342.82,349.20,341.97,346.95,10289697,3565398016
SZ002594,2025-06-19T00:00:00.000000,344.03,345.29,340.35,340.50,10038121,3437688832
SZ002594,2025-06-20T00:00:00.000000,340.03,342.97,339.80,340.25,7353816,2507526400
SZ002594,2025-06-23T00:00:00.000000,336.85,339.71,333.60,338.20,9459334,3185477376
SZ002594,2025-06-24T00:00:00.000000,341.23,346.20,341.23,343.38,14471259,4979495424
SZ002594,2025-06-25T00:00:00.000000,345.99,349.73,343.02,349.27,12573827,4352301568
SZ002594,2025-06-26T00:00:00.000000,344.31,344.31,336.83,337.44,20493214,6967640576
SZ002594,2025-06-27T00:00:00.000000,334.00,336.72,333.44,334.24,13861749,4633461760
SZ002594,2025-06-30T00:00:00.000000,334.24,334.24,328.59,331.91,14400344,4768270336
SZ002594,2025-07-01T00:00:00.000000,330.30,333.35,328.79,331.34,8851804,2931303424
SZ002594,2025-07-02T00:00:00.000000,332.00,333.86,328.93,330.66,9327011,3083342592
SZ002594,2025-07-03T00:00:00.000000,330.98,335.25,330.67,334.56,12349781,4123732480
SZ002594,2025-07-04T00:00:00.000000,332.55,334.99,329.77,331.00,10410355,3454495488
SZ002594,2025-07-07T00:00:00.000000,329.20,330.49,328.44,328.59,8820772,2901015552
SZ002594,2025-07-08T00:00:00.000000,327.00,329.78,325.72,326.88,11691814,3825413632
SZ002594,2025-07-09T00:00:00.000000,326.90,328.21,325.78,325.80,12163311,3969384192
SZ002594,2025-07-10T00:00:00.000000,325.81,326.09,318.85,321.23,21002206,6741345280
SZ002594,2025-07-11T00:00:00.000000,319.90,326.85,319.02,323.91,16826983,5456832000
SZ002594,2025-07-14T00:00:00.000000,323.91,323.91,317.56,318.49,17230914,5502331904
SZ002594,2025-07-15T00:00:00.000000,318.20,325.00,318.00,323.05,16279094,5252631552
SZ002594,2025-07-16T00:00:00.000000,323.06,325.91,323.06,323.72,11075835,3594544128
SZ002594,2025-07-17T00:00:00.000000,325.00,328.72,324.10,328.02,15689135,5138611200
SZ002594,2025-07-18T00:00:00.000000,329.13,329.50,325.25,329.11,13686649,4482466816
SZ002594,2025-07-21T00:00:00.000000,327.99,334.12,327.26,334.12,15394503,5102459392
SZ002594,2025-07-22T00:00:00.000000,335.00,342.01,333.21,341.69,21416417,7227730944
SZ002594,2025-07-23T00:00:00.000000,342.09,343.00,337.00,338.07,15890735,5395840512
SZ002594,2025-07-24T00:00:00.000000,338.08,346.54,337.63,342.72,18906327,6489370112
SZ002594,2025-07-25T00:00:00.000000,341.00,341.40,335.00,337.93,15704076,5307866624
SZ002594,2025-07-28T00:00:00.000000,337.93,339.10,335.53,337.00,11705670,3947001088
SZ002594,2025-07-29T00:00:00.000000,112.01,112.50,109.77,111.42,38735984,4322741760
SZ002594,2025-07-30T00:00:00.000000,108.05,111.16,107.12,108.70,52483427,5743878656
SZ002594,2025-07-31T00:00:00.000000,108.20,108.20,105.00,105.24,59949943,6344900608
SZ002594,2025-08-01T00:00:00.000000,104.95,106.24,104.36,105.80,36233692,3816659456
SZ002594,2025-08-04T00:00:00.000000,104.00,105.14,102.57,104.88,41293694,4293903616
SZ002594,2025-08-05T00:00:00.000000,104.88,105.21,103.78,104.86,33834986,3539636736
SZ002594,2025-08-06T00:00:00.000000,104.86,105.00,103.90,104.35,30561960,3184784896
SZ002594,2025-08-07T00:00:00.000000,104.27,106.43,104.16,105.33,42876298,4526612992
SZ002594,2025-08-08T00:00:00.000000,105.00,105.03,103.91,103.93,32661461,3405317376
SZ002594,2025-08-11T00:00:00.000000,103.88,105.66,103.23,105.52,35669790,3741329664
SZ002594,2025-08-12T00:00:00.000000,105.40,106.43,104.70,105.67,31219504,3302639104
SZ002594,2025-08-13T00:00:00.000000,106.29,107.65,105.84,106.83,45983014,4908744704
SZ002594,2025-08-14T00:00:00.000000,107.37,107.50,105.79,106.37,41954793,4478118912
SZ002594,2025-08-15T00:00:00.000000,105.85,106.64,105.32,106.07,36135346,3831047168
SZ002594,2025-08-18T00:00:00.000000,105.66,109.49,105.66,108.37,61925173,6680761856
SZ002594,2025-08-19T00:00:00.000000,108.67,108.92,107.18,107.63,38973519,4205349376
SZ002594,2025-08-20T00:00:00.000000,107.18,108.26,106.01,108.25,38505345,4130459136
SZ002594,2025-08-21T00:00:00.000000,107.80,108.83,107.00,107.10,44946378,4843670016
SZ002594,2025-08-22T00:00:00.000000,107.11,110.97,107.11,110.66,76312005,8351469568
SZ002594,2025-08-25T00:00:00.000000,111.31,112.49,110.31,111.61,61162758,6803183104
SZ002594,2025-08-26T00:00:00.000000,111.75,114.69,110.71,113.75,69291585,7850510848
SZ002594,2025-08-27T00:00:00.000000,113.96,114.06,110.66,110.68,68974693,7761766912
SZ002594,2025-08-28T00:00:00.000000,109.39,110.19,107.11,109.32,76252199,8278466048
SZ002594,2025-08-29T00:00:00.000000,108.88,116.59,108.12,114.06,114490194,12973326336
SZ002594,2025-09-01T00:00:00.000000,108.50,111.48,108.50,109.70,132986738,14546890752
SZ002594,2025-09-02T00:00:00.000000,108.79,111.10,108.60,110.02,77322410,8495472640
SZ002594,2025-09-03T00:00:00.000000,110.50,110.73,107.01,107.21,73522327,7975948800
SZ002594,2025-09-04T00:00:00.000000,106.59,107.09,103.71,104.00,81574074,8588835840
SZ002594,2025-09-05T00:00:00.000000,103.86,107.50,103.11,107.26,78752385,8307908096
SZ002594,2025-09-08T00:00:00.000000,106.15,107.13,105.51,106.25,55592345,5910440448
SZ002594,2025-09-09T00:00:00.000000,106.00,107.20,105.27,105.49,38163622,4049249536
SZ002594,2025-09-10T00:00:00.000000,105.52,106.45,105.02,105.20,32236895,3401353984
SZ002594,2025-09-11T00:00:00.000000,105.25,106.60,104.89,106.59,53778149,5683446784
SZ002594,2025-09-12T00:00:00.000000,106.60,107.58,105.90,105.91,45591018,4859782656
SZ002594,2025-09-15T00:00:00.000000,106.00,110.85,106.00,108.70,97480407,10620465152
SZ002594,2025-09-16T00:00:00.000000,109.00,109.00,107.22,107.80,53316021,5753438208
SZ002594,2025-09-17T00:00:00.000000,108.20,112.00,108.20,110.99,98123971,10827682816
SZ002594,2025-09-18T00:00:00.000000,110.99,112.80,108.56,109.71,93401380,10362192896
SZ002594,2025-09-19T00:00:00.000000,109.80,110.80,109.00,109.09,47297748,5188176384
SZ002594,2025-09-22T00:00:00.000000,108.87,108.91,107.15,107.99,49155923,5293961728
SZ002594,2025-09-23T00:00:00.000000,107.45,107.69,104.64,105.60,65096262,6888231936
SZ002594,2025-09-24T00:00:00.000000,105.00,105.83,104.00,105.71,54816227,5758922240
SZ002594,2025-09-25T00:00:00.000000,105.34,108.80,104.87,107.50,69348204,7421942272
SZ002594,2025-09-26T00:00:00.000000,107.45,111.23,107.00,107.29,75661207,8250492928
SZ002594,2025-09-29T00:00:00.000000,107.00,109.14,106.39,108.61,61398368,6621874176
SZ002594,2025-09-30T00:00:00.000000,108.19,109.98,107.76,109.21,56775550,6200518656
SZ002594,2025-10-09T00:00:00.000000,108.67,112.48,108.07,110.60,100872197,11196004352
SZ002594,2025-10-10T00:00:00.000000,110.55,110.55,107.58,107.79,59010253,6420415488
SZ002594,2025-10-13T00:00:00.000000,105.00,105.98,104.10,105.69,74442980,7841774592
SZ002594,2025-10-14T00:00:00.000000,106.68,109.36,105.62,105.99,76778627,8244228608
SZ002594,2025-10-15T00:00:00.000000,106.45,107.51,105.50,107.10,47579133,5063179776
SZ002594,2025-10-16T00:00:00.000000,107.00,109.30,106.51,106.96,52309638,5628738560
SZ002594,2025-10-17T00:00:00.000000,106.60,106.63,104.26,104.43,62572494,6576614912
SZ002594,2025-10-20T00:00:00.000000,105.22,105.63,104.08,104.52,35561452,3721699840
SZ002594,2025-10-21T00:00:00.000000,104.69,105.07,104.24,104.76,29907419,3133789440
SZ002594,2025-10-22T00:00:00.000000,104.10,104.32,103.37,103.78,35787419,3715302144
SZ002594,2025-10-23T00:00:00.000000,103.30,103.73,102.00,103.69,37860342,3889661696
SZ002594,2025-10-24T00:00:00.000000,103.98,104.37,103.61,103.76,30554268,3173964288
SZ002594,2025-10-27T00:00:00.000000,104.00,104.97,103.88,104.01,34598784,3607756800
SZ002594,2025-10-28T00:00:00.000000,104.02,104.32,103.50,103.72,26541583,2755526144
SZ002594,2025-10-29T00:00:00.000000,103.73,105.18,103.00,104.52,39734040,4128608256
SZ002594,2025-10-30T00:00:00.000000,104.00,104.86,103.50,103.61,35898945,3733925632
SZ002594,2025-10-31T00:00:00.000000,101.00,101.32,100.00,100.79,63705259,6418551296
SZ002594,2025-11-03T00:00:00.000000,100.79,100.99,98.50,99.60,55167021,5472679424
SZ002594,2025-11-04T00:00:00.000000,99.00,99.54,97.71,97.80,43501704,4274197504
SZ002594,2025-11-05T00:00:00.000000,96.66,96.66,94.73,95.80,58721510,5617216000
SZ002594,2025-11-06T00:00:00.000000,95.58,97.75,95.40,97.52,40200367,3897723904
SZ002594,2025-11-07T00:00:00.000000,97.00,98.15,96.83,97.20,32256073,3145818112
SZ002594,2025-11-10T00:00:00.000000,97.35,100.35,97.35,99.39,55487690,5513239040
SZ002594,2025-11-11T00:00:00.000000,99.50,99.78,98.14,98.71,31985788,3161124096
SZ002594,2025-11-12T00:00:00.000000,98.80,98.99,97.54,97.77,26064335,2555847680
SZ002594,2025-11-13T00:00:00.000000,97.01,100.50,97.01,99.83,57999022,5759429120
SZ002594,2025-11-14T00:00:00.000000,99.00,100.50,98.33,98.37,34298466,3396134912
SZ002594,2025-11-17T00:00:00.000000,97.80,98.59,97.25,98.08,20724759,2029207808
SZ002594,2025-11-18T00:00:00.000000,97.54,97.85,96.02,96.49,30475645,2949162752
SZ002594,2025-11-19T00:00:00.000000,96.40,96.66,95.01,95.17,34829235,3327809280
SZ002594,2025-11-20T00:00:00.000000,95.17,95.50,93.50,93.61,39181087,3692348160
SZ002594,2025-11-21T00:00:00.000000,92.49,94.39,91.70,92.70,45171313,4182916608
SZ002594,2025-11-24T00:00:00.000000,93.10,94.41,92.20,93.93,32730213,3064736768
SZ002594,2025-11-25T00:00:00.000000,94.00,95.38,93.70,93.91,27748887,2620855808
SZ002594,2025-11-26T00:00:00.000000,94.75,95.44,94.45,95.09,30657697,2914626304
SZ002594,2025-11-27T00:00:00.000000,94.60,95.16,94.22,94.29,20227996,1915349504
SZ002594,2025-11-28T00:00:00.000000,94.60,95.23,94.20,95.17,21935062,2080615680
SZ002594,2025-12-01T00:00:00.000000,95.39,96.30,95.14,95.77,23371272,2237016320
SZ002594,2025-12-02T00:00:00.000000,96.42,97.80,96.25,96.62,35921746,3483571712
SZ002594,2025-12-03T00:00:00.000000,96.64,96.65,94.89,95.05,23157284,2207429376
SZ002594,2025-12-04T00:00:00.000000,94.92,95.29,94.20,95.24,16614164,1576759424
SZ002594,2025-12-05T00:00:00.000000,95.29,96.22,94.71,95.98,21161847,2021250176
SZ002594,2025-12-08T00:00:00.000000,96.21,97.15,96.21,96.53,24780498,2397261824
SZ002594,2025-12-09T00:00:00.000000,96.21,96.66,95.70,96.03,16322702,1568057344
SZ002594,2025-12-10T00:00:00.000000,95.60,96.65,94.90,96.47,19840224,1902988160
SZ002594,2025-12-11T00:00:00.000000,96.98,97.12,95.85,96.23,25090767,2422448128
SZ002594,2025-12-12T00:00:00.000000,96.20,97.70,95.65,97.00,55462088,5390456320
SZ002594,2025-12-15T00:00:00.000000,96.55,97.16,95.53,95.53,29330099,2824248320
SZ002594,2025-12-16T00:00:00.000000,95.50,95.70,94.14,94.25,25876771,2450336512
SZ002594,2025-12-17T00:00:00.000000,94.50,95.70,93.68,95.21,27282500,2584139264
SZ002594,2025-12-18T00:00:00.000000,94.39,94.60,93.50,93.53,25279734,2376126976
SZ002594,2025-12-19T00:00:00.000000,94.00,95.27,93.73,94.23,27206794,2573037824
SZ002594,2025-12-22T00:00:00.000000,94.70,95.36,94.25,94.37,20623482,1952361856
SZ002594,2025-12-23T00:00:00.000000,94.50,95.50,94.50,94.81,23661741,2247679744
SZ002594,2025-12-24T00:00:00.000000,94.80,94.80,94.05,94.42,19280995,1819358208
SZ002594,2025-12-25T00:00:00.000000,94.43,95.23,94.12,94.84,18220163,1725723904
SZ002594,2025-12-26T00:00:00.000000,95.28,101.45,95.25,100.01,102095895,10178557952
SZ002594,2025-12-29T00:00:00.000000,100.50,101.30,99.60,100.21,51916696,5209488384
SZ002594,2025-12-30T00:00:00.000000,99.26,100.15,98.74,99.75,31875638,3174697984
SZ002594,2025-12-31T00:00:00.000000,99.98,100.20,97.38,97.72,40285887,3955310336
SZ002594,2026-01-05T00:00:00.000000,98.40,99.48,97.90,98.11,38262521,3762797824
SZ002594,2026-01-06T00:00:00.000000,98.22,100.50,98.12,99.99,52178486,5185026048
SZ002594,2026-01-07T00:00:00.000000,99.96,99.96,97.06,97.60,56084881,5502570496
SZ002594,2026-01-08T00:00:00.000000,97.20,97.20,96.33,96.88,30065475,2908439552
SZ002594,2026-01-09T00:00:00.000000,97.05,97.95,96.90,97.01,35034058,3412630272
SZ002594,2026-01-12T00:00:00.000000,97.01,98.00,96.30,97.47,42525719,4125432576
SZ002594,2026-01-13T00:00:00.000000,99.00,99.60,96.88,97.19,49872272,4905229824
SZ002594,2026-01-14T00:00:00.000000,96.81,97.74,95.51,96.10,51474973,4975154688
SZ002594,2026-01-15T00:00:00.000000,96.08,96.64,95.60,95.67,29563546,2835803136
SZ002594,2026-01-16T00:00:00.000000,96.70,97.44,95.60,95.86,38458802,3705328896
SZ002594,2026-01-19T00:00:00.000000,96.81,97.30,95.77,96.19,33492715,3227653888
SZ002594,2026-01-20T00:00:00.000000,96.22,96.26,94.68,94.74,38914947,3699337472
SZ002594,2026-01-21T00:00:00.000000,94.01,94.94,94.00,94.10,30833393,2910327552
SZ002594,2026-01-22T00:00:00.000000,94.72,95.13,93.89,94.12,29101425,2741536512
SZ002594,2026-01-23T00:00:00.000000,94.24,94.36,93.51,93.65,38330272,3598066432
SZ002594,2026-01-26T00:00:00.000000,93.65,93.66,92.50,92.63,37545961,3485372672
SZ002594,2026-01-27T00:00:00.000000,92.67,92.99,91.80,91.81,36298092,3340755968
SZ002594,2026-01-28T00:00:00.000000,91.80,93.50,90.01,93.34,71556618,6553149952
SZ002594,2026-01-29T00:00:00.000000,92.66,92.92,91.61,92.31,37182481,3423462400
SZ002594,2026-01-30T00:00:00.000000,92.27,92.27,90.70,90.89,32917560,3001871104
SZ002594,2026-02-02T00:00:00.000000,88.00,89.09,86.97,87.05,64697385,5676850688
SZ002594,2026-02-03T00:00:00.000000,87.20,87.40,85.88,87.37,37782685,3275997184
SZ002594,2026-02-04T00:00:00.000000,86.99,89.33,86.45,89.14,37650471,3322530304
SZ002594,2026-02-05T00:00:00.000000,88.50,91.23,88.33,90.11,35424031,3184480256
SZ002594,2026-02-06T00:00:00.000000,89.39,90.66,89.00,89.82,24708779,2217096960
SZ002594,2026-02-09T00:00:00.000000,90.50,90.65,89.83,90.06,20817951,1875980032
SZ002594,2026-02-10T00:00:00.000000,90.00,91.57,89.84,90.81,26760481,2434220032
SZ002594,2026-02-11T00:00:00.000000,90.88,92.95,90.88,92.28,39694959,3662117888
SZ002594,2026-02-12T00:00:00.000000,92.29,92.35,91.08,91.16,23031332,2106032256
SZ002594,2026-02-13T00:00:00.000000,90.05,91.09,89.88,90.27,21733887,1963579392
SZ002594,2026-02-24T00:00:00.000000,91.98,91.99,90.61,90.87,20644458,1879888768
SZ002594,2026-02-25T00:00:00.000000,90.89,92.79,90.89,91.45,32478010,2985714688
SZ002594,2026-02-26T00:00:00.000000,91.40,91.40,89.61,89.85,29101894,2619922176
SZ002594,2026-02-27T00:00:00.000000,89.40,89.94,89.10,89.32,21934083,1962319104
SZ002594,2026-03-02T00:00:00.000000,88.00,97.25,87.72,96.79,143513688,13507227648
SZ002594,2026-03-03T00:00:00.000000,96.39,96.99,93.99,95.21,86574145,8272503808
SZ002594,2026-03-04T00:00:00.000000,95.20,96.80,93.70,95.99,70096892,6674964480
SZ002594,2026-03-05T00:00:00.000000,96.80,96.82,93.89,94.47,55243997,5235746304
SZ002594,2026-03-06T00:00:00.000000,96.00,96.00,93.25,93.62,50354036,4743654912
SZ002594,2026-03-09T00:00:00.000000,93.62,98.00,93.00,97.52,109340896,10562485248
SZ002594,2026-03-10T00:00:00.000000,97.18,97.49,96.08,96.60,50746244,4907397120
SZ002594,2026-03-11T00:00:00.000000,96.75,100.34,95.67,99.22,90374376,8925093888
SZ002594,2026-03-12T00:00:00.000000,99.23,100.69,98.70,99.10,50252356,4995016192
SZ002594,2026-03-13T00:00:00.000000,99.00,100.79,98.30,99.67,51976480,5199004672
SZ002594,2026-03-16T00:00:00.000000,99.67,105.00,98.79,104.62,108781424,11184164864
SZ002594,2026-03-17T00:00:00.000000,104.63,106.66,102.71,102.87,84138864,8793237504
SZ002594,2026-03-18T00:00:00.000000,102.82,102.82,100.05,101.69,61799648,6257459200
SZ002594,2026-03-19T00:00:00.000000,100.99,103.88,100.47,102.31,53105940,5450382336
SZ002594,2026-03-20T00:00:00.000000,102.00,104.45,101.56,103.03,62878324,6495105024
SZ002594,2026-03-23T00:00:00.000000,103.87,111.82,103.18,107.63,178244544,19284920320
SZ002594,2026-03-24T00:00:00.000000,108.40,108.40,104.93,106.64,92144616,9784806400
SZ002594,2026-03-25T00:00:00.000000,106.72,107.66,105.28,106.60,66266488,7061311488
SZ002594,2026-03-26T00:00:00.000000,106.62,107.68,102.70,103.14,82812064,8655663104
SZ002594,2026-03-27T00:00:00.000000,103.99,105.89,102.75,105.30,65845464,6893709824
SZ002594,2026-03-30T00:00:00.000000,103.51,108.00,103.25,106.05,72755720,7713482240
SZ002594,2026-03-31T00:00:00.000000,107.00,108.49,105.10,105.25,58865900,6283344896
SZ002594,2026-04-01T00:00:00.000000,105.90,106.50,102.37,102.65,71519808,7383168512
SZ002594,2026-04-02T00:00:00.000000,102.49,103.48,100.50,101.65,60434948,6153958400
SZ002594,2026-04-03T00:00:00.000000,101.80,102.30,99.00,99.01,49174516,4921224192
SZ002594,2026-04-07T00:00:00.000000,99.50,99.77,97.45,97.98,37969744,3731963136
SZ002594,2026-04-08T00:00:00.000000,98.50,101.28,98.11,101.22,56281840,5621410304
SZ002594,2026-04-09T00:00:00.000000,100.21,100.21,98.81,99.03,37906292,3764528128
SZ002594,2026-04-10T00:00:00.000000,99.39,102.20,99.03,101.67,60573136,6130392576
SZ002594,2026-04-13T00:00:00.000000,101.57,104.99,100.81,104.25,66313600,6887089152
SZ002594,2026-04-14T00:00:00.000000,103.00,104.19,102.50,103.82,54334284,5614541312
SZ002594,2026-04-15T00:00:00.000000,103.82,104.77,102.50,103.03,42871916,4431952384
SZ002594,2026-04-16T00:00:00.000000,103.28,105.97,103.28,105.54,64366144,6763623936
SZ002594,2026-04-17T00:00:00.000000,104.99,105.46,103.12,103.78,44204764,4595671552
SZ002594,2026-04-20T00:00:00.000000,103.78,103.95,102.62,102.91,38367696,3957212928
SZ002594,2026-04-21T00:00:00.000000,102.91,103.19,101.33,101.53,43225768,4398233600
SZ002594,2026-04-22T00:00:00.000000,101.11,102.38,100.60,101.62,34373336,3485648128
SZ002594,2026-04-23T00:00:00.000000,101.57,101.59,99.01,99.98,49216376,4915554304
SZ002594,2026-04-24T00:00:00.000000,99.91,99.91,98.70,99.46,33773880,3348015872
SZ002594,2026-04-27T00:00:00.000000,100.00,104.00,99.88,102.34,60167020,6169037312
SZ002594,2026-04-28T00:00:00.000000,101.85,103.30,101.34,101.48,36155004,3687912704
SZ002594,2026-04-29T00:00:00.000000,101.47,105.64,101.00,105.40,105655784,11021927424
SZ002594,2026-04-30T00:00:00.000000,104.54,105.45,102.37,102.98,60097852,6206127104
SZ002594,2026-05-06T00:00:00.000000,101.70,101.89,100.20,100.75,67048712,6746578432
SZ002594,2026-05-07T00:00:00.000000,101.05,101.26,100.01,100.46,46884596,4708290048
SZ002594,2026-05-08T00:00:00.000000,100.47,101.00,99.80,100.02,38215752,3823822080
SZ002594,2026-05-11T00:00:00.000000,100.02,100.73,99.00,100.44,48281004,4812920832
SZ002594,2026-05-12T00:00:00.000000,99.97,100.10,99.10,99.23,35344128,3514548736
SZ002594,2026-05-13T00:00:00.000000,99.23,99.25,97.81,98.60,45619352,4481395712
SZ002594,2026-05-14T00:00:00.000000,99.00,100.00,98.45,98.73,33917988,3361151232
SZ002594,2026-05-15T00:00:00.000000,98.00,98.03,96.26,96.30,46621724,4507893760
SZ002594,2026-05-18T00:00:00.000000,95.34,95.94,94.30,94.51,35461316,3359745536
SZ002594,2026-05-19T00:00:00.000000,94.51,96.08,93.80,96.00,29618440,2822346496
SZ002594,2026-05-20T00:00:00.000000,95.30,95.49,93.30,93.36,41500992,3900216320
SZ002594,2026-05-21T00:00:00.000000,93.41,96.20,93.41,93.51,37394976,3540792320
SZ002594,2026-05-22T00:00:00.000000,93.55,94.19,92.61,93.75,26859176,2510616064
SZ002594,2026-05-25T00:00:00.000000,95.00,97.21,95.00,95.96,40599516,3900848640
SZ002594,2026-05-26T00:00:00.000000,95.80,96.92,94.51,96.55,38652436,3720039424
SZ002594,2026-05-27T00:00:00.000000,96.00,97.27,94.66,95.22,36237356,3467882752
SZ002594,2026-05-28T00:00:00.000000,95.22,95.99,94.03,95.88,31458976,2991315200
SZ002594,2026-05-29T00:00:00.000000,98.90,99.50,96.13,96.18,60629392,5901286400
SZ002594,2026-06-01T00:00:00.000000,96.18,96.22,93.60,93.65,44598076,4207350528
SZ002594,2026-06-02T00:00:00.000000,96.00,96.88,94.31,96.76,55496416,5321331200
SZ002594,2026-06-03T00:00:00.000000,96.00,96.00,94.50,94.82,37043376,3514157824
SZ002594,2026-06-04T00:00:00.000000,93.60,94.39,93.10,93.44,31871174,2982999552
SZ002594,2026-06-05T00:00:00.000000,93.52,94.00,92.30,93.01,33996896,3159266048
SZ002594,2026-06-08T00:00:00.000000,91.00,92.02,90.30,91.19,31684396,2885879296
SZ002594,2026-06-09T00:00:00.000000,91.22,91.92,90.03,91.89,28192696,2562233088
SZ002594,2026-06-10T00:00:00.000000,91.00,91.00,90.10,90.31,24128660,2182297088
SZ002594,2026-06-11T00:00:00.000000,90.10,90.80,88.88,89.80,31508734,2821436928
SZ002594,2026-06-12T00:00:00.000000,89.90,91.78,89.25,91.60,38535176,3497028608
SZ002594,2026-06-15T00:00:00.000000,91.61,91.90,90.40,90.82,31297908,2847656704
SZ002594,2026-06-16T00:00:00.000000,90.35,90.50,89.50,89.64,33601868,3017362688
SZ002594,2026-06-17T00:00:00.000000,89.00,89.30,87.00,87.47,49526712,4335318528
SZ002594,2026-06-18T00:00:00.000000,87.00,89.33,86.08,88.13,43578976,3820166912
SZ002594,2026-06-22T00:00:00.000000,87.00,87.90,84.60,87.59,63724220,5467321856
SZ002594,2026-06-23T00:00:00.000000,86.91,88.32,84.75,85.00,46621668,4016365824
SZ002594,2026-06-24T00:00:00.000000,84.50,84.70,82.78,83.30,45573528,3803649792
SZ002594,2026-06-25T00:00:00.000000,82.80,83.81,81.34,82.20,55643208,4579273216
SZ002594,2026-06-26T00:00:00.000000,81.51,81.80,78.20,78.20,66320800,5267490304
SZ002594,2026-06-29T00:00:00.000000,78.20,80.95,77.60,79.64,52370728,4160734976
SZ002594,2026-06-30T00:00:00.000000,79.58,80.55,78.58,79.70,38204308,3031865088
SZ002594,2026-07-01T00:00:00.000000,79.90,81.65,78.55,80.66,50317660,4035250944
SZ002594,2026-07-02T00:00:00.000000,81.90,85.67,81.90,83.57,82504624,6956784128
SZ002594,2026-07-03T00:00:00.000000,83.73,88.88,83.60,88.47,83898160,7298140160
SZ002594,2026-07-06T00:00:00.000000,88.52,88.95,86.61,87.54,48582828,4263991808
SZ002594,2026-07-07T00:00:00.000000,87.66,88.81,85.87,86.26,38946960,3378987264
SZ002594,2026-07-08T00:00:00.000000,86.01,88.34,85.28,87.80,40380908,3527472640
SZ002594,2026-07-09T00:00:00.000000,86.50,87.77,85.80,86.87,37739280,3270884096
SZ002594,2026-07-10T00:00:00.000000,86.84,90.83,84.88,90.00,70933248,6283278848
SZ002594,2026-07-13T00:00:00.000000,89.00,89.00,86.78,86.98,42458496,3714908416
SZ002594,2026-07-14T00:00:00.000000,86.89,90.68,86.50,90.18,54707492,4883296256
SZ002594,2026-07-15T00:00:00.000000,89.65,93.48,89.45,91.76,51415428,4733650432
SZ002594,2026-07-16T00:00:00.000000,91.74,94.76,91.15,94.14,60720396,5673387520
SZ002594,2026-07-17T00:00:00.000000,94.14,95.95,91.90,93.47,68734584,6442145792
SZ002594,2026-07-20T00:00:00.000000,93.49,95.28,92.77,93.92,43989032,4119522048
SZ002594,2026-07-21T00:00:00.000000,93.93,96.80,93.35,94.30,67159288,6390715392
SZ002594,2026-07-22T00:00:00.000000,92.63,93.00,90.51,91.57,60354972,5516076544
SZ002594,2026-07-23T00:00:00.000000,90.77,92.87,90.01,92.65,33801436,3104427264
SZ002594,2026-07-24T00:00:00.000000,91.53,93.08,91.31,91.89,24303384,2244617984
SZ002594,2026-07-27T00:00:00.000000,92.32,93.20,91.53,92.40,26533222,2448354048
SZ002594,2026-07-28T00:00:00.000000,92.02,94.61,92.02,93.35,36401500,3407827200
SZ002594,2026-07-29T00:00:00.000000,93.55,96.27,93.10,94.85,51445728,4891877888
SZ002594,2026-07-30T00:00:00.000000,94.92,96.66,94.75,96.20,48036112,4604080640
SZ002594,2026-07-31T00:00:00.000000,93.72,95.86,93.13,95.77,43613048,4139523584
SZ002594,2026-08-03T00:00:00.000000,96.03,96.59,94.10,94.45,36389712,3462874112
SZ002594,2026-08-04T00:00:00.000000,94.45,94.49,90.80,91.15,66771528,6134764032
SZ002594,2026-08-05T00:00:00.000000,91.08,91.18,89.15,90.82,51559760,4654040064
SZ002594,2026-08-06T00:00:00.000000,90.50,91.15,89.23,89.45,36737224,3299953408
SZ002594,2026-08-07T00:00:00.000000,89.77,90.28,88.55,90.04,40701576,3634152448
SZ002594,2026-08-10T00:00:00.000000,90.04,91.80,89.40,91.15,38573716,3510272512
SZ002594,2026-08-11T00:00:00.000000,91.18,91.66,89.93,90.12,24222760,2191435264
SZ002594,2026-08-12T00:00:00.000000,90.00,91.14,89.40,90.41,20818762,1881110784
SZ002594,2026-08-13T00:00:00.000000,90.37,90.70,89.70,89.71,22665356,2039695232
SZ002594,2026-08-14T00:00:00.000000,89.30,89.68,88.69,88.90,20585614,1832060416
SZ002594,2026-08-17T00:00:00.000000,88.90,90.44,88.61,89.88,24625400,2210303488
SZ002594,2026-08-18T00:00:00.000000,89.88,90.38,89.23,89.33,15150500,1361414400
SZ002594,2018-05-24T00:00:00.000000,54.50,54.99,53.80,54.15,5034905,273646240
SZ002594,2018-05-25T00:00:00.000000,54.20,55.23,54.20,54.22,5060632,276703136
SZ002594,2018-05-28T00:00:00.000000,54.29,54.98,52.72,52.78,6013217,322785120
SZ002594,2018-05-29T00:00:00.000000,52.53,54.28,52.42,53.50,7287745,391219744
SZ002594,2018-05-30T00:00:00.000000,53.00,53.02,50.01,50.40,10383038,531139584
SZ002594,2018-05-31T00:00:00.000000,50.42,51.25,50.42,51.15,5792853,295133216
SZ002594,2018-06-01T00:00:00.000000,51.36,51.37,50.02,50.91,4515916,229157936
SZ002594,2018-06-04T00:00:00.000000,50.72,51.20,50.05,50.20,5279613,265822592
SZ002594,2018-06-05T00:00:00.000000,50.20,51.24,49.80,51.22,5528592,279721408
SZ002594,2018-06-06T00:00:00.000000,50.85,51.80,50.60,51.12,6498378,331700736
SZ002594,2018-06-07T00:00:00.000000,51.50,51.57,50.90,50.92,4328999,221696048
SZ002594,2018-06-08T00:00:00.000000,50.92,50.99,49.90,50.13,5133867,257351120
SZ002594,2018-06-11T00:00:00.000000,50.12,50.13,49.30,49.42,4280618,212520368
SZ002594,2018-06-12T00:00:00.000000,49.69,50.20,49.00,50.03,4621218,229627056
SZ002594,2018-06-13T00:00:00.000000,50.10,50.12,48.91,49.06,4881987,240481696
SZ002594,2018-06-14T00:00:00.000000,48.68,49.44,48.60,49.05,3812559,186776448
SZ002594,2018-06-15T00:00:00.000000,49.09,49.28,48.13,48.18,4937586,239521344
SZ002594,2018-06-19T00:00:00.000000,47.60,47.60,43.45,44.98,11973944,544796160
SZ002594,2018-06-20T00:00:00.000000,44.44,46.22,44.44,45.39,5696299,257906368
SZ002594,2018-06-21T00:00:00.000000,45.77,47.36,45.40,45.77,7618262,353226560
SZ002594,2018-06-22T00:00:00.000000,45.82,47.25,45.52,46.85,6045474,280666464
SZ002594,2018-06-25T00:00:00.000000,47.70,47.70,45.92,46.06,5741805,267602976
SZ002594,2018-06-26T00:00:00.000000,45.99,47.12,45.22,46.38,6411604,297323008
SZ002594,2018-06-27T00:00:00.000000,46.59,48.10,46.50,47.10,9552488,453690784
SZ002594,2018-06-28T00:00:00.000000,47.10,47.44,45.81,46.01,6127316,285276160
SZ002594,2018-06-29T00:00:00.000000,46.12,47.77,45.99,47.68,7497605,351475136
SZ002594,2018-07-02T00:00:00.000000,47.67,47.67,45.85,45.98,6175749,288563456
SZ002594,2018-07-03T00:00:00.000000,46.46,46.72,44.06,45.35,9310313,421287424
SZ002594,2018-07-04T00:00:00.000000,45.35,46.13,45.00,45.79,6341935,289309696
SZ002594,2018-07-05T00:00:00.000000,45.79,46.89,45.40,45.58,5573749,257799360
SZ002594,2018-07-06T00:00:00.000000,46.27,46.76,45.52,46.03,6781212,314076544
SZ002594,2018-07-09T00:00:00.000000,46.39,46.95,45.91,46.52,7289341,337170016
SZ002594,2018-07-10T00:00:00.000000,46.55,46.88,46.31,46.63,4639056,216079248
SZ002594,2018-07-11T00:00:00.000000,45.62,46.03,44.73,45.46,5074254,230516240
SZ002594,2018-07-12T00:00:00.000000,45.80,47.00,45.68,46.52,6961729,322903040
SZ002594,2018-07-13T00:00:00.000000,46.62,46.62,45.80,45.95,5328370,246023440
SZ002594,2018-07-16T00:00:00.000000,44.80,44.80,42.80,43.95,12503328,549450624
SZ002594,2018-07-17T00:00:00.000000,43.46,43.90,42.78,43.55,6939540,300926784
SZ002594,2018-07-18T00:00:00.000000,43.55,44.24,43.22,43.30,4487454,196079168
SZ002594,2018-07-19T00:00:00.000000,43.58,43.58,41.98,42.15,6187697,263568672
SZ002594,2018-07-20T00:00:00.000000,42.50,43.16,42.16,42.91,5693464,243361984
SZ002594,2018-07-23T00:00:00.000000,42.69,43.85,42.51,43.50,5194110,225317616
SZ002594,2018-07-24T00:00:00.000000,43.70,44.43,43.41,44.29,5547984,244567200
SZ002594,2018-07-25T00:00:00.000000,44.54,44.54,43.70,44.05,6474865,285047296
SZ002594,2018-07-26T00:00:00.000000,44.05,44.23,42.88,43.00,5179019,224937888
SZ002594,2018-07-27T00:00:00.000000,43.02,43.34,42.72,42.99,3678962,158234192
SZ002594,2018-07-30T00:00:00.000000,42.95,43.10,41.85,42.50,5592982,236871680
SZ002594,2018-07-31T00:00:00.000000,42.54,42.54,42.04,42.24,3021163,127788056
SZ002594,2018-08-01T00:00:00.000000,42.82,42.97,41.88,41.98,4429180,187567712
SZ002594,2018-08-02T00:00:00.000000,41.95,41.98,39.50,40.10,10798045,434793696
SZ002594,2018-08-03T00:00:00.000000,40.28,40.48,38.20,38.33,9651578,378310912
SZ002594,2018-08-06T00:00:00.000000,38.33,38.65,36.88,37.29,7378820,279140192
SZ002594,2018-08-07T00:00:00.000000,37.68,38.00,36.73,38.00,6816475,255655376
SZ002594,2018-08-08T00:00:00.000000,38.02,39.49,38.02,38.29,7306954,282739392
SZ002594,2018-08-09T00:00:00.000000,37.89,39.55,37.83,39.25,7487555,292537440
SZ002594,2018-08-10T00:00:00.000000,39.40,41.77,39.40,41.69,10358365,422283648
SZ002594,2018-08-13T00:00:00.000000,41.10,43.55,40.88,43.17,13233097,562164160
SZ002594,2018-08-14T00:00:00.000000,43.17,43.95,42.61,43.15,8199057,354897696
SZ002594,2018-08-15T00:00:00.000000,43.00,43.90,41.78,42.13,9882281,422981152
SZ002594,2018-08-16T00:00:00.000000,41.45,43.20,41.24,42.26,7403766,313880320
SZ002594,2018-08-17T00:00:00.000000,42.95,43.00,42.01,42.45,5745969,244648240
SZ002594,2018-08-20T00:00:00.000000,42.97,45.35,42.90,45.24,14721713,652700928
SZ002594,2018-08-21T00:00:00.000000,45.25,45.58,44.40,44.90,9845957,442864992
SZ002594,2018-08-22T00:00:00.000000,45.55,45.81,44.16,44.79,9088071,408588416
SZ002594,2018-08-23T00:00:00.000000,44.82,45.40,43.62,44.32,8331691,370017536
SZ002594,2018-08-24T00:00:00.000000,44.35,44.35,42.82,43.45,7830950,339680032
SZ002594,2018-08-27T00:00:00.000000,43.44,45.25,43.38,45.01,8764104,392169184
SZ002594,2018-08-28T00:00:00.000000,45.05,46.15,44.92,45.59,8094281,368320448
SZ002594,2018-08-29T00:00:00.000000,45.41,46.82,45.41,46.30,9144833,423581632
SZ002594,2018-08-30T00:00:00.000000,45.50,46.42,44.64,45.00,9124095,413735712
SZ002594,2018-08-31T00:00:00.000000,44.42,44.88,43.90,44.46,6689826,296774496
SZ002594,2018-09-03T00:00:00.000000,44.39,44.39,43.13,43.67,5608026,244217936
SZ002594,2018-09-04T00:00:00.000000,43.89,44.58,43.61,44.52,5957430,263787456
SZ002594,2018-09-05T00:00:00.000000,44.08,44.51,42.50,42.50,8285524,358289760
SZ002594,2018-09-06T00:00:00.000000,42.50,43.20,42.05,42.60,4691589,200948432
SZ002594,2018-09-07T00:00:00.000000,43.29,44.08,42.65,42.82,6876474,298371264
SZ002594,2018-09-10T00:00:00.000000,42.98,43.44,41.15,41.73,5293319,222230736
SZ002594,2018-09-11T00:00:00.000000,41.55,41.86,40.91,41.52,3522314,145958368
SZ002594,2018-09-12T00:00:00.000000,41.01,42.50,40.71,42.04,5587593,233559552
SZ002594,2018-09-13T00:00:00.000000,42.71,43.05,42.09,42.92,5544831,235991200
SZ002594,2018-09-14T00:00:00.000000,44.21,45.45,44.21,44.81,10533703,470960352
SZ002594,2018-09-17T00:00:00.000000,44.00,45.46,43.50,44.81,8519487,380849824
SZ002594,2018-09-18T00:00:00.000000,44.17,45.34,44.05,45.08,6812547,305784416
SZ002594,2018-09-19T00:00:00.000000,45.10,47.38,44.70,46.96,13001123,605521152
SZ002594,2018-09-20T00:00:00.000000,46.96,47.50,45.95,45.95,8202530,384946496
SZ002594,2018-09-21T00:00:00.000000,47.50,48.75,46.60,47.01,16241236,771531264
SZ002594,2018-09-25T00:00:00.000000,47.30,48.65,47.30,48.20,10244705,493193088
SZ002594,2018-09-26T00:00:00.000000,48.66,48.95,47.78,48.26,9968182,481689824
SZ002594,2018-09-27T00:00:00.000000,48.50,48.60,47.50,47.80,6277425,301075040
SZ002594,2018-09-28T00:00:00.000000,48.00,49.28,47.90,49.10,7687114,375320288
SZ002594,2018-10-08T00:00:00.000000,47.00,47.95,46.42,46.55,11138904,525032416
SZ002594,2018-10-09T00:00:00.000000,46.61,47.60,46.61,47.09,4162304,196036928
SZ002594,2018-10-10T00:00:00.000000,47.35,47.56,45.45,45.91,8821547,406966976
SZ002594,2018-10-11T00:00:00.000000,44.41,45.18,42.67,42.82,11979539,525829632
SZ002594,2018-10-12T00:00:00.000000,43.21,46.80,43.21,46.42,12920513,582234048
SZ002594,2018-10-15T00:00:00.000000,46.58,47.85,46.30,46.93,9543135,449287104
SZ002594,2018-10-16T00:00:00.000000,46.95,47.46,45.28,45.96,6469709,298245824
SZ002594,2018-10-17T00:00:00.000000,46.70,47.66,45.88,47.31,11026262,517523040
SZ002594,2018-10-18T00:00:00.000000,47.00,47.30,45.71,46.18,8386495,389252608
SZ002594,2018-10-19T00:00:00.000000,45.08,47.27,44.00,47.02,11998553,548809984
SZ002594,2018-10-22T00:00:00.000000,47.61,50.20,47.56,50.01,16894490,830863872
SZ002594,2018-10-23T00:00:00.000000,49.85,49.99,47.30,48.46,11535817,561568000
SZ002594,2018-10-24T00:00:00.000000,48.30,49.74,48.01,48.77,10453687,511363104
SZ002594,2018-10-25T00:00:00.000000,47.35,49.75,46.89,49.60,11084735,534735616
SZ002594,2018-10-26T00:00:00.000000,49.99,50.14,47.98,48.62,7678049,375759904
SZ002594,2018-10-29T00:00:00.000000,48.63,48.98,46.90,47.38,6928376,330502208
SZ002594,2018-10-30T00:00:00.000000,47.45,47.74,44.88,46.53,9648676,446449792
SZ002594,2018-10-31T00:00:00.000000,46.44,47.45,46.10,46.79,6115922,286724576
SZ002594,2018-11-01T00:00:00.000000,47.23,47.50,44.98,45.70,10901961,506616960
SZ002594,2018-11-02T00:00:00.000000,46.45,48.15,45.70,48.02,13915635,653896192
SZ002594,2018-11-05T00:00:00.000000,48.00,49.12,47.20,48.25,11008811,530983616
SZ002594,2018-11-06T00:00:00.000000,48.17,48.18,46.90,47.63,5565795,263813776
SZ002594,2018-11-07T00:00:00.000000,46.60,48.05,46.59,47.25,6952911,328618528
SZ002594,2018-11-08T00:00:00.000000,47.68,49.55,47.68,48.98,14215855,691476032
SZ002594,2018-11-09T00:00:00.000000,48.80,50.89,48.33,50.00,14677306,733720320
SZ002594,2018-11-12T00:00:00.000000,49.98,52.10,49.70,51.61,13371184,686089536
SZ002594,2018-11-13T00:00:00.000000,50.62,52.45,50.50,51.00,10587544,544505088
SZ002594,2018-11-14T00:00:00.000000,50.93,52.80,50.88,51.90,10212868,532606592
SZ002594,2018-11-15T00:00:00.000000,51.66,52.29,51.36,51.81,6945786,359591456
SZ002594,2018-11-16T00:00:00.000000,52.00,52.70,50.89,51.55,11324088,586888000
SZ002594,2018-11-19T00:00:00.000000,51.72,55.30,51.58,54.70,16248777,875664704
SZ002594,2018-11-20T00:00:00.000000,54.00,56.98,53.40,55.40,17321080,959224896
SZ002594,2018-11-21T00:00:00.000000,54.76,56.00,54.10,55.00,9410096,516953984
SZ002594,2018-11-22T00:00:00.000000,54.65,56.96,54.65,55.30,10200186,570471552
SZ002594,2018-11-23T00:00:00.000000,55.30,55.67,53.31,54.00,9517096,515611648
SZ002594,2018-11-26T00:00:00.000000,53.91,55.30,53.48,54.16,8274626,449937024
SZ002594,2018-11-27T00:00:00.000000,54.55,57.40,54.55,57.25,15915610,898849536
SZ002594,2018-11-28T00:00:00.000000,57.25,58.68,56.31,57.65,12095946,695702144
SZ002594,2018-11-29T00:00:00.000000,57.85,59.10,57.10,57.65,10492041,609939072
SZ002594,2018-11-30T00:00:00.000000,57.43,58.40,56.42,57.00,8964839,514882208
SZ002594,2018-12-03T00:00:00.000000,58.35,58.92,55.58,56.08,19425836,1110534656
SZ002594,2018-12-04T00:00:00.000000,55.40,56.84,55.11,56.32,11827968,663603392
SZ002594,2018-12-05T00:00:00.000000,55.65,58.15,55.14,57.93,15624838,887736704
SZ002594,2018-12-06T00:00:00.000000,57.51,57.80,54.88,55.35,13582484,759428416
SZ002594,2018-12-07T00:00:00.000000,55.90,57.90,55.55,56.89,12635419,718653312
SZ002594,2018-12-10T00:00:00.000000,56.02,56.55,55.05,55.39,11549923,642323328
SZ002594,2018-12-11T00:00:00.000000,55.72,57.34,55.70,56.16,11147780,630306944
SZ002594,2018-12-12T00:00:00.000000,56.70,58.48,56.60,58.25,13120408,756590016
SZ002594,2018-12-13T00:00:00.000000,58.25,58.56,57.12,58.40,10106504,585047680
SZ002594,2018-12-14T00:00:00.000000,58.37,58.99,56.90,57.30,9291118,537878656
SZ002594,2018-12-17T00:00:00.000000,56.67,57.00,54.00,54.89,14295598,786141504
SZ002594,2018-12-18T00:00:00.000000,54.05,56.10,53.98,55.04,9136520,504509536
SZ002594,2018-12-19T00:00:00.000000,55.21,55.95,53.38,53.50,11336310,617053248
SZ002594,2018-12-20T00:00:00.000000,53.51,54.34,52.83,53.87,10432225,560669504
SZ002594,2018-12-21T00:00:00.000000,53.61,54.19,51.92,52.98,10320890,545598272
SZ002594,2018-12-24T00:00:00.000000,52.73,53.44,52.08,53.21,8160071,431280128
SZ002594,2018-12-25T00:00:00.000000,52.60,52.99,50.88,52.22,11245635,584096960
SZ002594,2018-12-26T00:00:00.000000,52.24,52.68,51.00,51.00,7739062,401148288
SZ002594,2018-12-27T00:00:00.000000,52.11,52.45,50.76,50.84,10076150,519075072
SZ002594,2018-12-28T00:00:00.000000,50.86,51.40,50.11,51.00,8250706,419993120
SZ002594,2019-01-02T00:00:00.000000,51.02,51.39,48.98,49.17,8555445,424670592
SZ002594,2019-01-03T00:00:00.000000,49.26,49.87,47.98,48.06,8347760,407386240
SZ002594,2019-01-04T00:00:00.000000,47.80,51.00,47.51,50.65,12653787,627892544
SZ002594,2019-01-07T00:00:00.000000,50.85,51.88,50.00,51.39,13604550,693197824
SZ002594,2019-01-08T00:00:00.000000,52.30,53.64,52.05,52.88,14705157,777381440
SZ002594,2019-01-09T00:00:00.000000,51.80,53.00,48.50,50.46,26220530,1327590656
SZ002594,2019-01-10T00:00:00.000000,49.90,50.19,48.64,48.85,15345590,757175104
SZ002594,2019-01-11T00:00:00.000000,48.50,49.29,48.38,49.02,9679955,472494720
SZ002594,2019-01-14T00:00:00.000000,49.20,49.21,47.31,48.80,10974634,527419456
SZ002594,2019-01-15T00:00:00.000000,48.39,48.96,47.85,48.80,8353065,405053056
SZ002594,2019-01-16T00:00:00.000000,48.80,49.12,48.32,48.93,6592379,321851872
SZ002594,2019-01-17T00:00:00.000000,48.90,48.91,47.33,47.49,9874378,471791904
SZ002594,2019-01-18T00:00:00.000000,47.49,47.49,46.04,46.82,12599591,587354368
SZ002594,2019-01-21T00:00:00.000000,46.76,48.26,46.12,48.21,13123326,623110336
SZ002594,2019-01-22T00:00:00.000000,48.06,48.80,47.60,47.70,8409377,405187168
SZ002594,2019-01-23T00:00:00.000000,47.42,48.88,47.33,48.80,9661967,468388896
SZ002594,2019-01-24T00:00:00.000000,48.93,48.97,47.66,48.52,7171159,346868864
SZ002594,2019-01-25T00:00:00.000000,48.55,49.64,48.19,49.18,10092916,495909184
SZ002594,2019-01-28T00:00:00.000000,49.20,49.85,48.28,48.46,8625359,421062144
SZ002594,2019-01-29T00:00:00.000000,48.45,48.45,47.03,48.00,6150317,294079264
SZ002594,2019-01-30T00:00:00.000000,47.95,48.27,46.90,47.15,8342614,395168896
SZ002594,2019-01-31T00:00:00.000000,47.10,47.49,46.27,46.42,7188509,336548864
SZ002594,2019-02-01T00:00:00.000000,46.75,48.31,46.51,48.27,9178000,437206880
SZ002594,2019-02-11T00:00:00.000000,48.80,50.33,48.80,50.20,12887065,643280512
SZ002594,2019-02-12T00:00:00.000000,50.21,51.15,49.88,50.58,10299151,520271552
SZ002594,2019-02-13T00:00:00.000000,50.58,52.09,50.32,51.57,12296482,631189952
SZ002594,2019-02-14T00:00:00.000000,51.85,54.06,51.85,53.72,16912415,900048064
SZ002594,2019-02-15T00:00:00.000000,53.40,53.40,51.52,51.67,15291589,798355776
SZ002594,2019-02-18T00:00:00.000000,51.93,52.79,51.64,52.45,16818485,878505536
SZ002594,2019-02-19T00:00:00.000000,52.50,52.66,50.99,51.74,14436453,746470464
SZ002594,2019-02-20T00:00:00.000000,51.80,52.80,51.54,52.36,12499899,653706176
SZ002594,2019-02-21T00:00:00.000000,52.30,53.01,51.56,51.94,12605557,659357696
SZ002594,2019-02-22T00:00:00.000000,51.80,51.88,50.90,51.88,11967784,614630400
SZ002594,2019-02-25T00:00:00.000000,51.88,55.13,51.50,55.06,25838209,1389427968
SZ002594,2019-02-26T00:00:00.000000,57.20,58.67,56.44,56.74,29199550,1676147840
SZ002594,2019-02-27T00:00:00.000000,56.20,56.25,54.15,54.96,22854262,1257964288
SZ002594,2019-02-28T00:00:00.000000,55.12,55.22,54.16,54.51,9423738,515781632
SZ002594,2019-03-01T00:00:00.000000,54.88,54.98,52.88,53.80,17456253,935733504
SZ002594,2019-03-04T00:00:00.000000,54.00,54.79,52.73,53.68,30225810,1617182208
SZ002594,2019-03-05T00:00:00.000000,53.66,54.23,53.00,54.08,19630591,1054132224
SZ002594,2019-03-06T00:00:00.000000,54.50,54.96,53.50,54.44,22052178,1195891968
SZ002594,2019-03-07T00:00:00.000000,54.10,54.10,53.01,53.38,18283943,976603648
SZ002594,2019-03-08T00:00:00.000000,53.00,53.00,51.05,51.12,18528150,962751232
SZ002594,2019-03-11T00:00:00.000000,51.10,52.48,51.10,52.37,12619650,654575680
SZ002594,2019-03-12T00:00:00.000000,52.40,52.88,51.71,51.99,13861548,725665664
SZ002594,2019-03-13T00:00:00.000000,51.78,52.77,51.30,52.00,12720968,662997504
SZ002594,2019-03-14T00:00:00.000000,52.01,55.15,52.01,54.57,35036743,1889955200
SZ002594,2019-03-15T00:00:00.000000,55.05,56.20,54.13,55.39,25542562,1416034176
SZ002594,2019-03-18T00:00:00.000000,55.50,56.44,55.39,55.66,15458909,863433536
SZ002594,2019-03-19T00:00:00.000000,56.15,56.66,55.51,55.99,12405988,695763520
SZ002594,2019-03-20T00:00:00.000000,56.25,56.67,54.85,55.40,12272270,685243136
SZ002594,2019-03-21T00:00:00.000000,55.40,55.98,54.64,55.05,10900192,603820544
SZ002594,2019-03-22T00:00:00.000000,55.15,57.58,54.99,57.00,17303254,982926464
SZ002594,2019-03-25T00:00:00.000000,56.00,57.97,55.72,56.50,12456202,709514816
SZ002594,2019-03-26T00:00:00.000000,57.00,57.55,55.08,55.25,10554904,594395008
SZ002594,2019-03-27T00:00:00.000000,54.77,56.55,53.70,54.71,14745006,804456192
SZ002594,2019-03-28T00:00:00.000000,55.65,55.66,52.50,52.77,16794728,895034560
SZ002594,2019-03-29T00:00:00.000000,52.86,53.56,52.16,53.49,12835396,680888768
SZ002594,2019-04-01T00:00:00.000000,53.54,54.79,53.30,54.45,16069815,870253120
SZ002594,2019-04-02T00:00:00.000000,54.61,54.98,54.00,54.68,12843660,697294592
SZ002594,2019-04-03T00:00:00.000000,54.71,54.90,54.17,54.39,10170257,554172096
SZ002594,2019-04-04T00:00:00.000000,54.54,55.64,54.42,55.19,14770621,814495104
SZ002594,2019-04-08T00:00:00.000000,55.48,55.62,52.90,53.44,16560019,896323904
SZ002594,2019-04-09T00:00:00.000000,53.55,55.30,53.55,54.93,13304870,724828864
SZ002594,2019-04-10T00:00:00.000000,54.95,56.30,53.67,55.52,17645457,976494656
SZ002594,2019-04-11T00:00:00.000000,55.78,57.40,54.73,54.93,18387302,1031866112
SZ002594,2019-04-12T00:00:00.000000,54.75,54.75,53.67,54.09,8946041,484592128
SZ002594,2019-04-15T00:00:00.000000,54.46,55.24,53.33,53.54,10020148,544377856
SZ002594,2019-04-16T00:00:00.000000,53.54,57.05,53.30,56.73,21009570,1165362432
SZ002594,2019-04-17T00:00:00.000000,58.10,62.40,58.10,62.40,49171414,2999382016
SZ002594,2019-04-18T00:00:00.000000,62.30,62.31,58.90,59.32,31469652,1902702592
SZ002594,2019-04-19T00:00:00.000000,59.01,61.80,58.51,60.13,17436429,1050880576
SZ002594,2019-04-22T00:00:00.000000,60.00,60.13,57.19,57.71,15252484,888126592
SZ002594,2019-04-23T00:00:00.000000,57.75,57.91,56.61,56.96,9968587,569865408
SZ002594,2019-04-24T00:00:00.000000,57.44,58.17,56.65,58.15,11292285,651607936
SZ002594,2019-04-25T00:00:00.000000,57.70,57.70,56.00,56.16,9292485,526376224
SZ002594,2019-04-26T00:00:00.000000,56.09,56.59,55.13,55.36,8208926,457693824
SZ002594,2019-04-29T00:00:00.000000,56.50,56.98,55.45,55.65,10512820,591529408
SZ002594,2019-04-30T00:00:00.000000,55.55,56.90,55.25,56.90,7927423,447723200
SZ002594,2019-05-06T00:00:00.000000,54.88,55.28,51.84,52.05,13554364,725208704
SZ002594,2019-05-07T00:00:00.000000,52.42,53.58,52.07,53.01,8574247,454013984
SZ002594,2019-05-08T00:00:00.000000,52.03,53.32,51.41,51.85,9814703,511300544
SZ002594,2019-05-09T00:00:00.000000,51.90,52.25,50.67,51.11,7426390,380777312
SZ002594,2019-05-10T00:00:00.000000,51.86,52.32,49.70,52.26,9046503,467950656
SZ002594,2019-05-13T00:00:00.000000,52.20,52.20,50.50,51.02,6496077,331705664
SZ002594,2019-05-14T00:00:00.000000,50.45,51.00,50.10,50.19,6297478,318067072
SZ002594,2019-05-15T00:00:00.000000,50.61,51.33,50.33,51.29,6802685,346688288
SZ002594,2019-05-16T00:00:00.000000,51.25,51.89,51.20,51.47,5837700,300715968
SZ002594,2019-05-17T00:00:00.000000,51.30,51.45,50.00,50.22,6750482,340767744
SZ002594,2019-05-20T00:00:00.000000,50.40,50.42,48.50,49.00,7829597,383243520
SZ002594,2019-05-21T00:00:00.000000,49.16,49.61,48.70,49.40,5986063,295136960
SZ002594,2019-05-22T00:00:00.000000,49.49,49.51,48.60,48.93,5262337,257348048
SZ002594,2019-05-23T00:00:00.000000,49.30,49.48,47.47,47.59,10705719,514288096
SZ002594,2019-05-24T00:00:00.000000,47.71,49.69,47.00,48.61,9376616,451740384
SZ002594,2019-05-27T00:00:00.000000,48.30,48.99,47.30,48.81,7956686,383543232
SZ002594,2019-05-28T00:00:00.000000,48.81,50.50,48.71,50.50,12252548,610836928
SZ002594,2019-05-29T00:00:00.000000,49.51,49.95,49.27,49.60,5665872,281063744
SZ002594,2019-05-30T00:00:00.000000,49.50,49.50,48.25,48.37,5540362,269187296
SZ002594,2019-05-31T00:00:00.000000,48.64,48.93,47.87,48.25,5359067,259382624
SZ002594,2019-06-03T00:00:00.000000,48.71,49.16,48.04,48.79,5396170,261923872
SZ002594,2019-06-04T00:00:00.000000,48.44,48.60,47.70,48.51,4933099,237326288
SZ002594,2019-06-05T00:00:00.000000,48.98,49.35,48.60,48.90,6727146,329419968
SZ002594,2019-06-06T00:00:00.000000,49.69,50.12,49.00,49.37,10634788,527701760
SZ002594,2019-06-10T00:00:00.000000,51.00,51.91,50.66,50.90,13108181,671025792
SZ002594,2019-06-11T00:00:00.000000,50.57,51.69,50.15,51.55,11968634,611970752
SZ002594,2019-06-12T00:00:00.000000,51.56,51.56,50.56,50.75,9379099,476661984
SZ002594,2019-06-13T00:00:00.000000,50.70,50.70,49.89,50.22,6805893,341679840
SZ002594,2019-06-14T00:00:00.000000,50.30,50.49,49.30,49.35,6255308,311449184
SZ002594,2019-06-17T00:00:00.000000,49.49,49.93,49.00,49.10,5300507,261630784
SZ002594,2019-06-18T00:00:00.000000,49.11,49.60,48.97,49.20,5472368,269093632
SZ002594,2019-06-19T00:00:00.000000,50.12,50.35,49.46,49.60,9254967,461559424
SZ002594,2019-06-20T00:00:00.000000,49.60,50.49,49.08,50.29,12116866,604664128
SZ002594,2019-06-21T00:00:00.000000,50.20,50.68,50.00,50.55,10652486,537052480
SZ002594,2019-06-24T00:00:00.000000,50.55,50.88,50.21,50.76,6540116,331224640
SZ002594,2019-06-25T00:00:00.000000,50.50,50.68,49.70,49.90,7874219,393724896
SZ002594,2019-06-26T00:00:00.000000,49.56,50.60,49.41,50.03,5713927,286425568
SZ002594,2019-06-27T00:00:00.000000,50.20,50.86,50.06,50.54,8118108,410302464
SZ002594,2019-06-28T00:00:00.000000,50.55,50.83,50.23,50.72,5517097,278912032
SZ002594,2019-07-01T00:00:00.000000,51.60,52.13,51.08,51.91,11436363,591468288
SZ002594,2019-07-02T00:00:00.000000,51.91,54.40,51.55,53.18,15855634,845974016
SZ002594,2019-07-03T00:00:00.000000,53.18,54.20,52.77,53.40,11872344,636771008
SZ002594,2019-07-04T00:00:00.000000,53.42,54.11,52.82,53.24,8147145,435697728
SZ002594,2019-07-05T00:00:00.000000,53.24,53.77,52.18,53.26,8251329,437855968
SZ002594,2019-07-08T00:00:00.000000,53.27,53.29,51.26,52.32,9730846,509579136
SZ002594,2019-07-09T00:00:00.000000,52.19,55.05,52.07,54.89,18105310,978273344
SZ002594,2019-07-10T00:00:00.000000,54.60,54.60,53.51,53.90,11979195,645839744
SZ002594,2019-07-11T00:00:00.000000,53.92,54.15,52.89,53.25,9230370,493283904
SZ002594,2019-07-12T00:00:00.000000,53.30,54.78,53.20,54.26,10375030,562711488
SZ002594,2019-07-15T00:00:00.000000,54.28,55.88,53.62,55.35,12220676,672943680
SZ002594,2019-07-16T00:00:00.000000,55.14,55.25,54.60,54.78,5394609,295764352
SZ002594,2019-07-17T00:00:00.000000,54.79,55.20,54.40,54.65,6212871,340228576
SZ002594,2019-07-18T00:00:00.000000,54.37,54.37,53.06,53.45,8958440,478991328
SZ002594,2019-07-19T00:00:00.000000,53.61,54.23,53.36,53.93,6007225,323902144
SZ002594,2019-07-22T00:00:00.000000,54.50,55.43,54.04,54.90,11534418,632700608
SZ002594,2019-07-23T00:00:00.000000,54.80,57.25,54.36,56.33,14107181,790276992
SZ002594,2019-07-24T00:00:00.000000,56.80,57.26,56.20,56.34,10612397,602258048
SZ002594,2019-07-25T00:00:00.000000,56.34,56.98,55.82,56.80,6902262,389643328
SZ002594,2019-07-26T00:00:00.000000,56.25,57.88,56.00,57.42,10588385,605449728
SZ002594,2019-07-29T00:00:00.000000,57.84,57.95,56.59,57.22,6343402,362394976
SZ002594,2019-07-30T00:00:00.000000,57.25,57.46,56.54,57.08,7548523,429968224
SZ002594,2019-07-31T00:00:00.000000,56.80,56.80,55.48,55.95,8971983,502687424
SZ002594,2019-08-01T00:00:00.000000,55.70,56.28,55.18,55.73,8866960,493036928
SZ002594,2019-08-02T00:00:00.000000,54.06,55.03,53.85,54.39,8417992,458483264
SZ002594,2019-08-05T00:00:00.000000,54.20,54.47,52.21,52.38,10457532,555556928
SZ002594,2019-08-06T00:00:00.000000,51.41,51.98,50.45,51.37,10836219,554889920
SZ002594,2019-08-07T00:00:00.000000,51.65,51.90,50.57,50.80,7113098,363369312
SZ002594,2019-08-08T00:00:00.000000,51.13,51.31,50.50,50.86,7145616,363707712
SZ002594,2019-08-09T00:00:00.000000,51.30,51.96,50.86,50.99,8577344,440459424
SZ002594,2019-08-12T00:00:00.000000,50.88,51.20,49.80,51.20,9073899,458849760
SZ002594,2019-08-13T00:00:00.000000,50.51,50.69,49.40,49.50,13533320,674159680
SZ002594,2019-08-14T00:00:00.000000,50.20,50.50,49.76,50.29,9268729,465589312
SZ002594,2019-08-15T00:00:00.000000,49.45,50.37,49.04,50.11,6644666,330083360
SZ002594,2019-08-16T00:00:00.000000,50.30,51.55,50.12,51.07,9030127,461801376
SZ002594,2019-08-19T00:00:00.000000,52.00,52.19,51.20,52.10,10680625,553165952
SZ002594,2019-08-20T00:00:00.000000,51.79,52.09,51.30,51.43,8799564,454068928
SZ002594,2019-08-21T00:00:00.000000,51.33,51.62,50.88,51.62,8567785,438446560
SZ002594,2019-08-22T00:00:00.000000,50.90,50.90,49.67,50.21,21108924,1057906176
SZ002594,2019-08-23T00:00:00.000000,50.00,50.01,48.24,48.89,24696939,1209219968
SZ002594,2019-08-26T00:00:00.000000,48.02,49.05,47.74,49.03,14227441,690592192
SZ002594,2019-08-27T00:00:00.000000,49.12,49.63,49.10,49.54,14479160,715147648
SZ002594,2019-08-28T00:00:00.000000,50.30,51.34,49.79,49.81,17650972,890016576
SZ002594,2019-08-29T00:00:00.000000,49.78,49.78,48.80,49.10,9740862,478134208
SZ002594,2019-08-30T00:00:00.000000,49.58,49.89,49.16,49.45,10182534,504256096
SZ002594,2019-09-02T00:00:00.000000,49.98,50.00,49.34,49.72,11833676,587224064
SZ002594,2019-09-03T00:00:00.000000,49.99,49.99,49.15,49.49,9567533,472364320
SZ002594,2019-09-04T00:00:00.000000,49.48,49.48,49.01,49.37,10703502,525959136
SZ002594,2019-09-05T00:00:00.000000,49.50,50.40,49.49,50.14,17490743,875402240
SZ002594,2019-09-06T00:00:00.000000,50.34,51.20,50.21,50.49,14657357,741340608
SZ002594,2019-09-09T00:00:00.000000,50.85,51.66,50.56,51.58,19482841,997120960
SZ002594,2019-09-10T00:00:00.000000,51.70,51.87,50.86,51.15,12837364,656697472
SZ002594,2019-09-11T00:00:00.000000,51.26,51.68,50.90,51.11,11635720,595551872
SZ002594,2019-09-12T00:00:00.000000,51.30,51.38,50.36,50.79,9914481,503285184
SZ002594,2019-09-16T00:00:00.000000,51.35,51.36,50.85,51.16,8378772,428267712
SZ002594,2019-09-17T00:00:00.000000,51.20,51.23,49.68,49.97,10559765,529991136
SZ002594,2019-09-18T00:00:00.000000,50.00,50.13,49.81,50.04,5328299,266325728
SZ002594,2019-09-19T00:00:00.000000,50.18,50.26,49.80,50.19,6170761,308751040
SZ002594,2019-09-20T00:00:00.000000,50.40,50.44,50.00,50.07,6876285,344745440
SZ002594,2019-09-23T00:00:00.000000,49.90,49.95,48.85,49.18,9593517,471134528
SZ002594,2019-09-24T00:00:00.000000,49.40,50.40,49.19,49.87,7983375,398163616
SZ002594,2019-09-25T00:00:00.000000,49.85,49.85,48.90,49.04,8075345,396537344
SZ002594,2019-09-26T00:00:00.000000,49.30,49.50,48.48,48.49,6952445,339274816
SZ002594,2019-09-27T00:00:00.000000,48.49,48.81,48.38,48.58,4068099,197703056
SZ002594,2019-09-30T00:00:00.000000,48.65,49.13,48.54,48.78,4914451,240165088
SZ002594,2019-10-08T00:00:00.000000,48.80,49.26,48.30,48.42,4861484,237568928
SZ002594,2019-10-09T00:00:00.000000,48.30,48.32,47.28,48.09,5047112,241379424
SZ002594,2019-10-10T00:00:00.000000,48.40,49.20,48.36,49.00,6255309,306006464
SZ002594,2019-10-11T00:00:00.000000,48.50,48.96,47.97,48.43,7574174,368013984
SZ002594,2019-10-14T00:00:00.000000,48.98,49.38,48.50,48.85,8388152,410269728
SZ002594,2019-10-15T00:00:00.000000,48.90,49.00,47.90,48.00,7661072,369180672
SZ002594,2019-10-16T00:00:00.000000,48.00,48.24,47.48,47.52,7150354,340699072
SZ002594,2019-10-17T00:00:00.000000,47.52,47.75,47.40,47.52,3851023,183173456
SZ002594,2019-10-18T00:00:00.000000,47.99,47.99,46.82,46.90,7500971,353826112
SZ002594,2019-10-21T00:00:00.000000,46.90,46.98,46.21,46.57,5282536,245221088
SZ002594,2019-10-22T00:00:00.000000,46.59,46.86,46.52,46.80,3322407,155146528
SZ002594,2019-10-23T00:00:00.000000,46.79,46.95,46.56,46.60,3036755,141635936
SZ002594,2019-10-24T00:00:00.000000,46.50,46.82,46.50,46.66,3156884,147314384
SZ002594,2019-10-25T00:00:00.000000,46.80,47.17,46.44,47.04,3707553,173422880
SZ002594,2019-10-28T00:00:00.000000,47.03,47.46,47.03,47.30,5259192,248669248
SZ002594,2019-10-29T00:00:00.000000,47.34,47.89,47.10,47.15,5510938,261660448
SZ002594,2019-10-30T00:00:00.000000,45.90,45.90,43.50,43.96,17241884,764931712
SZ002594,2019-10-31T00:00:00.000000,43.95,43.95,42.60,42.85,11068357,475701024
SZ002594,2019-11-01T00:00:00.000000,42.80,43.75,42.30,43.57,6730450,291051712
SZ002594,2019-11-04T00:00:00.000000,43.57,43.80,43.13,43.43,5411918,234941648
SZ002594,2019-11-05T00:00:00.000000,43.52,44.35,43.02,43.95,7699013,336061248
SZ002594,2019-11-06T00:00:00.000000,44.10,44.85,43.53,44.31,9671421,429240480
SZ002594,2019-11-07T00:00:00.000000,44.03,45.65,43.69,44.68,9683550,433523296
SZ002594,2019-11-08T00:00:00.000000,45.88,45.95,44.80,44.88,9137313,414639264
SZ002594,2019-11-11T00:00:00.000000,44.80,44.80,43.63,43.95,6167358,272426336
SZ002594,2019-11-12T00:00:00.000000,43.92,44.33,43.55,44.10,4456929,196281808
SZ002594,2019-11-13T00:00:00.000000,44.12,44.17,43.00,43.28,5797794,251998384
SZ002594,2019-11-14T00:00:00.000000,43.50,43.82,43.32,43.52,4039789,175929264
SZ002594,2019-11-15T00:00:00.000000,43.53,43.63,42.80,43.12,4614919,199139088
SZ002594,2019-11-18T00:00:00.000000,42.90,43.03,42.52,42.83,5368647,229761360
SZ002594,2019-11-19T00:00:00.000000,42.56,43.75,42.56,43.74,5346348,231949856
SZ002594,2019-11-20T00:00:00.000000,43.60,43.60,43.01,43.10,3938684,170528000
SZ002594,2019-11-21T00:00:00.000000,43.20,43.87,42.78,43.62,5699971,247633920
SZ002594,2019-11-22T00:00:00.000000,43.73,44.60,43.45,43.82,7026890,309191776
SZ002594,2019-11-25T00:00:00.000000,44.16,45.28,43.54,44.87,12172663,541772288
SZ002594,2019-11-26T00:00:00.000000,44.78,45.09,43.75,44.60,9956805,442825728
SZ002594,2019-11-27T00:00:00.000000,44.46,44.47,43.85,43.90,4833098,212902112
SZ002594,2019-11-28T00:00:00.000000,43.58,43.73,43.15,43.18,4812003,208644192
SZ002594,2019-11-29T00:00:00.000000,43.27,43.62,43.02,43.39,4410362,190926832
SZ002594,2019-12-02T00:00:00.000000,43.39,43.54,43.05,43.15,4331093,187308256
SZ002594,2019-12-03T00:00:00.000000,43.15,43.84,42.99,43.79,4704804,204097552
SZ002594,2019-12-04T00:00:00.000000,43.72,44.44,43.44,44.13,6895971,303525504
SZ002594,2019-12-05T00:00:00.000000,44.20,44.41,43.90,44.04,6286453,277165408
SZ002594,2019-12-06T00:00:00.000000,44.05,44.14,43.47,43.71,6814573,297440960
SZ002594,2019-12-09T00:00:00.000000,43.71,43.80,43.27,43.38,5825985,252881168
SZ002594,2019-12-10T00:00:00.000000,43.53,43.53,43.20,43.43,4217317,182927328
SZ002594,2019-12-11T00:00:00.000000,43.36,44.23,43.19,44.12,8887329,389740640
SZ002594,2019-12-12T00:00:00.000000,44.09,44.09,43.23,43.48,8092275,353467360
SZ002594,2019-12-13T00:00:00.000000,43.79,43.89,43.23,43.37,14160083,614076992
SZ002594,2019-12-16T00:00:00.000000,43.43,44.15,43.23,44.13,12526348,547285376
SZ002594,2019-12-17T00:00:00.000000,44.17,45.55,44.16,45.04,19047175,857264000
SZ002594,2019-12-18T00:00:00.000000,45.08,45.08,44.53,44.70,11322913,506519520
SZ002594,2019-12-19T00:00:00.000000,44.70,45.00,44.26,44.97,10116347,451499520
SZ002594,2019-12-20T00:00:00.000000,45.23,47.28,45.05,46.62,28983802,1344330880
SZ002594,2019-12-23T00:00:00.000000,46.32,46.42,45.47,45.54,13277509,608250688
SZ002594,2019-12-24T00:00:00.000000,45.75,46.85,45.75,46.78,15660222,725017600
SZ002594,2019-12-25T00:00:00.000000,47.05,48.14,46.51,46.85,19183257,906693888
SZ002594,2019-12-26T00:00:00.000000,46.21,47.25,46.14,46.41,11034572,513101984
SZ002594,2019-12-27T00:00:00.000000,46.20,46.85,46.00,46.00,10962127,507597024
SZ002594,2019-12-30T00:00:00.000000,46.35,47.80,46.02,47.64,19647712,925707968
SZ002594,2019-12-31T00:00:00.000000,47.51,48.10,46.90,47.67,13216616,626863872
SZ002594,2020-01-02T00:00:00.000000,47.69,48.47,47.51,48.17,15934570,765516480
SZ002594,2020-01-03T00:00:00.000000,48.20,48.99,47.68,48.04,12993607,628361984
SZ002594,2020-01-06T00:00:00.000000,47.39,49.19,47.19,48.28,16987138,822172480
SZ002594,2020-01-07T00:00:00.000000,48.31,48.50,47.77,48.05,9340058,449013440
SZ002594,2020-01-08T00:00:00.000000,47.55,48.35,47.15,47.28,11097445,529249408
SZ002594,2020-01-09T00:00:00.000000,47.75,48.20,47.38,47.65,8921700,425352448
SZ002594,2020-01-10T00:00:00.000000,47.66,47.66,46.61,46.92,10929463,512929728
SZ002594,2020-01-13T00:00:00.000000,51.61,51.61,50.51,51.61,51882759,2662873856
SZ002594,2020-01-14T00:00:00.000000,55.00,55.99,53.00,53.44,61497596,3356918784
SZ002594,2020-01-15T00:00:00.000000,54.01,54.75,52.28,53.31,29870523,1594534528
SZ002594,2020-01-16T00:00:00.000000,53.49,54.54,51.78,54.09,33573707,1778235648
SZ002594,2020-01-17T00:00:00.000000,53.86,59.50,53.20,57.95,53060038,3022542336
SZ002594,2020-01-20T00:00:00.000000,57.30,59.90,56.50,58.76,30077562,1742179840
SZ002594,2020-01-21T00:00:00.000000,57.72,57.73,56.55,56.72,20383657,1161444864
SZ002594,2020-01-22T00:00:00.000000,56.50,60.50,56.10,59.27,32797995,1927419392
SZ002594,2020-01-23T00:00:00.000000,57.99,61.88,57.51,59.83,29158496,1735366400
SZ002594,2020-02-03T00:00:00.000000,53.85,54.48,53.85,53.85,10039800,540735168
SZ002594,2020-02-04T00:00:00.000000,54.00,57.50,54.00,56.36,36777530,2057907712
SZ002594,2020-02-05T00:00:00.000000,57.70,62.00,56.99,60.81,44623025,2698234880
SZ002594,2020-02-06T00:00:00.000000,58.45,60.85,58.40,60.75,30113181,1792085760
SZ002594,2020-02-07T00:00:00.000000,60.74,60.74,56.66,57.90,32128159,1868897024
SZ002594,2020-02-10T00:00:00.000000,59.20,63.36,58.85,60.93,35279646,2143782528
SZ002594,2020-02-11T00:00:00.000000,60.00,60.12,58.28,59.04,19617574,1162310528
SZ002594,2020-02-12T00:00:00.000000,59.04,60.60,58.35,59.19,19745556,1171671680
SZ002594,2020-02-13T00:00:00.000000,58.50,60.13,57.50,57.55,23694703,1387055872
SZ002594,2020-02-14T00:00:00.000000,57.56,57.90,56.44,56.90,21117383,1205977344
SZ002594,2020-02-17T00:00:00.000000,56.91,58.56,56.91,58.48,20988900,1215249664
SZ002594,2020-02-18T00:00:00.000000,57.80,60.00,57.77,59.47,22836532,1350970752
SZ002594,2020-02-19T00:00:00.000000,64.47,64.48,61.66,61.91,43747653,2773613056
SZ002594,2020-02-20T00:00:00.000000,63.17,68.10,63.11,68.10,64939094,4366081536
SZ002594,2020-02-21T00:00:00.000000,67.00,68.27,65.68,67.50,45518916,3046191104
SZ002594,2020-02-24T00:00:00.000000,65.42,67.14,64.96,66.20,35796879,2351741696
SZ002594,2020-02-25T00:00:00.000000,64.40,72.19,64.17,70.85,40743409,2786635264
SZ002594,2020-02-26T00:00:00.000000,69.78,75.80,69.00,71.70,52276832,3774510848
SZ002594,2020-02-27T00:00:00.000000,71.68,73.15,68.08,70.05,27269996,1912686976
SZ002594,2020-02-28T00:00:00.000000,66.66,68.99,64.95,65.37,33825352,2251947776
SZ002594,2020-03-02T00:00:00.000000,65.60,67.23,64.00,66.85,22564321,1492112256
SZ002594,2020-03-03T00:00:00.000000,69.80,70.20,67.46,67.87,27425292,1880749824
SZ002594,2020-03-04T00:00:00.000000,66.95,67.80,64.72,66.58,18093253,1198529280
SZ002594,2020-03-05T00:00:00.000000,67.02,67.62,65.50,66.81,17000367,1128290432
SZ002594,2020-03-06T00:00:00.000000,65.50,67.55,65.33,65.36,14720960,972612992
SZ002594,2020-03-09T00:00:00.000000,63.29,63.29,59.18,59.45,29247882,1789143808
SZ002594,2020-03-10T00:00:00.000000,57.60,61.50,57.33,60.17,26680523,1578089216
SZ002594,2020-03-11T00:00:00.000000,60.77,61.15,58.60,58.75,22221247,1327803136
SZ002594,2020-03-12T00:00:00.000000,57.31,57.66,55.90,57.03,23238254,1319050368
SZ002594,2020-03-13T00:00:00.000000,53.80,56.50,52.35,55.66,21319807,1162290560
SZ002594,2020-03-16T00:00:00.000000,56.59,57.33,53.88,53.88,23877348,1326361216
SZ002594,2020-03-17T00:00:00.000000,53.88,54.96,51.88,53.04,18091852,961588992
SZ002594,2020-03-18T00:00:00.000000,53.59,54.67,52.02,52.09,17268432,925695040
SZ002594,2020-03-19T00:00:00.000000,52.11,52.52,49.88,51.36,19445000,993678528
SZ002594,2020-03-20T00:00:00.000000,52.30,52.79,51.40,52.52,14829620,772921088
SZ002594,2020-03-23T00:00:00.000000,50.25,50.80,47.89,48.15,24273976,1190535680
SZ002594,2020-03-24T00:00:00.000000,49.26,49.88,47.39,49.73,20502711,1002130048
SZ002594,2020-03-25T00:00:00.000000,51.55,52.80,51.04,52.25,28978742,1504804480
SZ002594,2020-03-26T00:00:00.000000,52.50,55.18,51.61,54.27,29662084,1588497024
SZ002594,2020-03-27T00:00:00.000000,55.40,56.05,54.44,54.78,22997249,1269534080
SZ002594,2020-03-30T00:00:00.000000,55.00,57.78,54.87,56.23,32893740,1855914368
SZ002594,2020-03-31T00:00:00.000000,56.76,59.99,55.45,59.97,35017444,2037070464
SZ002594,2020-04-01T00:00:00.000000,59.90,60.66,57.02,57.12,36556547,2139092096
SZ002594,2020-04-02T00:00:00.000000,56.70,56.70,54.80,56.59,23384169,1300691328
SZ002594,2020-04-03T00:00:00.000000,56.59,56.59,54.91,55.00,16918966,940495680
SZ002594,2020-04-07T00:00:00.000000,56.44,56.92,55.60,56.31,18911589,1061432576
SZ002594,2020-04-08T00:00:00.000000,55.80,55.80,55.04,55.32,12954327,717031936
SZ002594,2020-04-09T00:00:00.000000,55.81,56.54,55.55,55.65,13333832,746729536
SZ002594,2020-04-10T00:00:00.000000,56.28,56.28,54.15,54.57,13185472,727755072
SZ002594,2020-04-13T00:00:00.000000,54.73,55.94,54.73,55.80,10255956,569833088
SZ002594,2020-04-14T00:00:00.000000,55.80,58.00,55.38,57.92,23386305,1338857728
SZ002594,2020-04-15T00:00:00.000000,59.36,62.39,58.38,60.14,30622736,1847393280
SZ002594,2020-04-16T00:00:00.000000,60.10,61.30,59.05,60.01,16525891,992639168
SZ002594,2020-04-17T00:00:00.000000,60.60,60.98,58.68,58.80,15649005,931863488
SZ002594,2020-04-20T00:00:00.000000,59.40,59.40,58.16,58.86,10747360,630616704
SZ002594,2020-04-21T00:00:00.000000,58.50,59.68,57.80,59.37,14714834,864113088
SZ002594,2020-04-22T00:00:00.000000,58.40,60.00,57.88,59.43,12145802,715492480
SZ002594,2020-04-23T00:00:00.000000,59.99,60.55,58.04,58.25,11602798,686078400
SZ002594,2020-04-24T00:00:00.000000,58.67,60.49,58.50,58.73,13594893,806969216
SZ002594,2020-04-27T00:00:00.000000,59.02,59.09,56.88,56.98,13826532,799777344
SZ002594,2020-04-28T00:00:00.000000,57.00,57.59,54.76,56.98,12865794,725364992
SZ002594,2020-04-29T00:00:00.000000,58.20,59.45,57.56,58.00,16512556,964564480
SZ002594,2020-04-30T00:00:00.000000,58.82,60.58,58.51,59.96,21887625,1303496192
SZ002594,2020-05-06T00:00:00.000000,59.40,62.50,59.10,62.18,23190623,1420097920
SZ002594,2020-05-07T00:00:00.000000,62.17,62.17,59.98,60.09,22511802,1362997632
SZ002594,2020-05-08T00:00:00.000000,60.11,60.50,59.30,59.78,17147173,1025569472
SZ002594,2020-05-11T00:00:00.000000,59.29,59.66,58.11,58.88,19071621,1121805568
SZ002594,2020-05-12T00:00:00.000000,58.89,59.14,58.20,59.13,10401966,610124992
SZ002594,2020-05-13T00:00:00.000000,59.13,59.75,58.50,58.99,11111516,657744000
SZ002594,2020-05-14T00:00:00.000000,58.90,58.90,57.55,57.69,11836313,688315264
SZ002594,2020-05-15T00:00:00.000000,57.79,58.58,57.30,57.96,10277106,595823296
SZ002594,2020-05-18T00:00:00.000000,57.40,58.40,56.40,57.18,10474339,601110784
SZ002594,2020-05-19T00:00:00.000000,58.00,58.60,57.75,58.22,9404190,547143040
SZ002594,2020-05-20T00:00:00.000000,58.70,60.30,58.67,59.01,16470785,981282432
SZ002594,2020-05-21T00:00:00.000000,59.11,59.37,57.01,57.15,12096788,697047168
SZ002594,2020-05-22T00:00:00.000000,57.16,57.67,55.51,56.03,9234961,522767776
SZ002594,2020-05-25T00:00:00.000000,56.03,56.55,55.31,56.52,5969703,334368704
SZ002594,2020-05-26T00:00:00.000000,56.80,58.38,56.80,58.30,9854368,570419200
SZ002594,2020-05-27T00:00:00.000000,59.60,59.95,57.07,57.30,11361742,662802624
SZ002594,2020-05-28T00:00:00.000000,57.35,58.23,56.40,57.48,8630023,494679168
SZ002594,2020-05-29T00:00:00.000000,57.12,58.02,56.81,57.41,6803639,390882848
SZ002594,2020-06-01T00:00:00.000000,57.75,59.69,57.44,59.33,16106781,949983296
SZ002594,2020-06-02T00:00:00.000000,59.57,62.18,58.88,61.00,20479610,1235513472
SZ002594,2020-06-03T00:00:00.000000,60.79,61.05,59.48,59.93,14635695,882603776
SZ002594,2020-06-04T00:00:00.000000,60.48,61.20,59.71,60.11,10574332,637797440
SZ002594,2020-06-05T00:00:00.000000,61.00,63.28,60.33,63.20,26545122,1643855488
SZ002594,2020-06-08T00:00:00.000000,63.00,63.83,62.45,62.79,17244111,1087013120
SZ002594,2020-06-09T00:00:00.000000,63.00,64.41,61.69,61.98,20443053,1285542272
SZ002594,2020-06-10T00:00:00.000000,62.26,62.42,60.68,61.05,18619403,1140629376
SZ002594,2020-06-11T00:00:00.000000,61.87,64.20,61.51,62.84,28023252,1764678784
SZ002594,2020-06-12T00:00:00.000000,61.40,61.93,60.63,61.48,17549710,1075893120
SZ002594,2020-06-15T00:00:00.000000,62.50,63.88,61.25,62.50,19574028,1225432576
SZ002594,2020-06-16T00:00:00.000000,63.80,64.46,63.13,64.10,21411572,1367780352
SZ002594,2020-06-17T00:00:00.000000,64.00,64.11,62.36,64.11,14437818,912074304
SZ002594,2020-06-18T00:00:00.000000,63.80,66.76,62.94,66.74,27903336,1829902592
SZ002594,2020-06-19T00:00:00.000000,66.69,68.68,66.30,66.99,22061887,1487252992
SZ002594,2020-06-22T00:00:00.000000,66.60,68.78,66.29,68.00,19625480,1325805184
SZ002594,2020-06-23T00:00:00.000000,67.57,72.09,67.00,71.03,26037491,1812606848
SZ002594,2020-06-24T00:00:00.000000,71.10,73.06,70.76,71.70,19668098,1414432128
SZ002594,2020-06-29T00:00:00.000000,71.50,72.43,70.30,70.60,17337630,1233307776
SZ002594,2020-06-30T00:00:00.000000,71.41,72.85,70.87,71.80,16983101,1223207552
SZ002594,2020-07-01T00:00:00.000000,73.21,75.45,71.03,72.47,23509322,1726221312
SZ002594,2020-07-02T00:00:00.000000,72.63,74.61,71.80,72.14,21407418,1559734656
SZ002594,2020-07-03T00:00:00.000000,73.30,79.35,73.23,79.35,45538812,3497719552
SZ002594,2020-07-06T00:00:00.000000,79.33,81.59,77.41,80.90,46122416,3661516288
SZ002594,2020-07-07T00:00:00.000000,84.76,88.50,83.00,83.00,46670587,3978641408
SZ002594,2020-07-08T00:00:00.000000,81.94,84.28,81.86,82.75,31915588,2647763200
SZ002594,2020-07-09T00:00:00.000000,82.75,86.30,81.46,84.46,32797352,2764110592
SZ002594,2020-07-10T00:00:00.000000,84.47,92.36,83.05,89.00,39602931,3495161088
SZ002594,2020-07-13T00:00:00.000000,92.60,97.90,92.29,97.90,57987128,5536513024
SZ002594,2020-07-14T00:00:00.000000,97.90,97.91,90.58,96.55,53638869,5075817472
SZ002594,2020-07-15T00:00:00.000000,97.00,97.29,92.69,94.50,38869586,3699031040
SZ002594,2020-07-16T00:00:00.000000,94.40,95.50,85.05,85.05,56046663,4984540672
SZ002594,2020-07-17T00:00:00.000000,83.02,85.36,80.07,81.59,43096874,3549101568
SZ002594,2020-07-20T00:00:00.000000,83.70,89.30,81.61,87.17,43173031,3684539648
SZ002594,2020-07-21T00:00:00.000000,89.90,91.33,87.68,88.09,31722234,2834375680
SZ002594,2020-07-22T00:00:00.000000,86.00,89.48,85.50,87.19,26954483,2367987200
SZ002594,2020-07-23T00:00:00.000000,86.06,89.00,85.58,88.99,32728656,2869841152
SZ002594,2020-07-24T00:00:00.000000,87.78,88.14,82.50,83.00,38817374,3298033920
SZ002594,2020-07-27T00:00:00.000000,83.50,85.20,82.30,83.52,20882846,1753284480
SZ002594,2020-07-28T00:00:00.000000,85.98,86.66,83.00,83.91,21644067,1829407616
SZ002594,2020-07-29T00:00:00.000000,83.31,87.50,82.52,86.93,28797550,2464892416
SZ002594,2020-07-30T00:00:00.000000,87.02,87.63,84.30,85.00,22449269,1917850496
SZ002594,2020-07-31T00:00:00.000000,84.96,86.66,83.46,85.39,25812289,2201963264
SZ002594,2020-08-03T00:00:00.000000,85.41,86.50,84.40,86.17,28030360,2394349056
SZ002594,2020-08-04T00:00:00.000000,86.95,91.00,86.88,89.00,38395587,3414415360
SZ002594,2020-08-05T00:00:00.000000,89.00,89.00,86.58,88.15,19022684,1667411328
SZ002594,2020-08-06T00:00:00.000000,88.81,89.60,87.00,88.73,20533266,1815887488
SZ002594,2020-08-07T00:00:00.000000,87.60,88.76,83.81,85.38,24597416,2120266880
SZ002594,2020-08-10T00:00:00.000000,83.79,84.35,80.00,81.98,33653884,2752165120
SZ002594,2020-08-11T00:00:00.000000,81.90,83.20,80.95,81.00,19417260,1596334592
SZ002594,2020-08-12T00:00:00.000000,81.18,81.98,78.45,81.98,22097173,1768144512
SZ002594,2020-08-13T00:00:00.000000,83.50,83.80,81.65,81.80,13582779,1119875328
SZ002594,2020-08-14T00:00:00.000000,82.10,82.59,80.00,81.93,12062031,981262720
SZ002594,2020-08-17T00:00:00.000000,82.20,83.23,81.33,82.92,15103194,1246372736
SZ002594,2020-08-18T00:00:00.000000,84.01,84.51,81.80,82.18,16155250,1335564928
SZ002594,2020-08-19T00:00:00.000000,81.40,81.64,79.52,79.65,18735826,1504274048
SZ002594,2020-08-20T00:00:00.000000,79.64,80.00,78.10,78.55,12272430,967851072
SZ002594,2020-08-21T00:00:00.000000,80.00,80.64,78.90,79.58,11190548,893244032
SZ002594,2020-08-24T00:00:00.000000,79.90,82.28,79.69,81.44,17128061,1384872448
SZ002594,2020-08-25T00:00:00.000000,81.00,82.88,80.50,81.24,14510634,1182125952
SZ002594,2020-08-26T00:00:00.000000,82.00,85.31,81.68,83.42,32047153,2691953408
SZ002594,2020-08-27T00:00:00.000000,86.50,87.55,84.70,85.42,25203489,2168640256
SZ002594,2020-08-28T00:00:00.000000,85.00,86.06,83.02,85.39,18647043,1572760192
SZ002594,2020-08-31T00:00:00.000000,87.02,88.22,84.88,85.00,21534690,1864842752
SZ002594,2020-09-01T00:00:00.000000,86.99,93.50,86.31,93.50,39461265,3573272576
SZ002594,2020-09-02T00:00:00.000000,95.88,96.00,91.63,94.30,39704708,3719378688
SZ002594,2020-09-03T00:00:00.000000,92.88,95.16,92.15,92.59,22779495,2129704448
SZ002594,2020-09-04T00:00:00.000000,88.80,90.59,88.02,90.00,22202132,1979126656
SZ002594,2020-09-07T00:00:00.000000,89.48,97.50,89.40,94.74,40998653,3862436352
SZ002594,2020-09-08T00:00:00.000000,95.88,95.88,90.70,91.00,27908409,2590896640
SZ002594,2020-09-09T00:00:00.000000,88.01,88.70,84.85,85.99,26329156,2281813504
SZ002594,2020-09-10T00:00:00.000000,87.84,90.17,86.90,87.09,21706271,1923920256
SZ002594,2020-09-11T00:00:00.000000,87.85,91.20,87.22,91.20,20576370,1843068544
SZ002594,2020-09-14T00:00:00.000000,91.30,94.50,91.30,92.50,22383909,2078548992
SZ002594,2020-09-15T00:00:00.000000,94.01,101.75,93.50,101.30,57922128,5761285120
SZ002594,2020-09-16T00:00:00.000000,100.28,107.87,99.00,105.40,49378934,5154280960
SZ002594,2020-09-17T00:00:00.000000,105.51,115.94,105.15,115.94,60235110,6707262464
SZ002594,2020-09-18T00:00:00.000000,113.99,115.50,111.50,115.50,47375377,5363840000
SZ002594,2020-09-21T00:00:00.000000,116.00,119.32,104.34,105.77,58877087,6535043584
SZ002594,2020-09-22T00:00:00.000000,106.50,110.65,104.01,106.77,46288194,4971987456
SZ002594,2020-09-23T00:00:00.000000,109.00,111.01,106.30,110.40,38140914,4146613248
SZ002594,2020-09-24T00:00:00.000000,107.88,110.03,106.01,106.40,26612570,2864183040
SZ002594,2020-09-25T00:00:00.000000,108.20,109.79,103.80,105.09,32436317,3457966848
SZ002594,2020-09-28T00:00:00.000000,106.19,108.10,105.65,106.40,21188287,2260356096
SZ002594,2020-09-29T00:00:00.000000,108.59,109.51,104.25,107.89,27004576,2884124928
SZ002594,2020-09-30T00:00:00.000000,108.58,118.23,107.10,116.24,44420102,5073415168
SZ002594,2020-10-09T00:00:00.000000,123.10,126.14,119.20,120.35,55967807,6870685696
SZ002594,2020-10-12T00:00:00.000000,123.80,129.03,120.45,128.50,52808892,6521180672
SZ002594,2020-10-13T00:00:00.000000,128.00,131.88,125.00,129.29,46052746,5958598144
SZ002594,2020-10-14T00:00:00.000000,129.15,132.32,128.10,130.50,31047158,4041272320
SZ002594,2020-10-15T00:00:00.000000,134.60,137.73,131.33,131.55,40289307,5425288192
SZ002594,2020-10-16T00:00:00.000000,132.56,133.85,125.00,127.80,41353551,5301212672
SZ002594,2020-10-19T00:00:00.000000,128.00,129.81,126.30,128.08,22200611,2832538880
SZ002594,2020-10-20T00:00:00.000000,126.18,140.33,126.18,140.00,54167901,7240427520
SZ002594,2020-10-21T00:00:00.000000,137.99,139.70,134.17,137.50,38056707,5212917248
SZ002594,2020-10-22T00:00:00.000000,137.23,145.00,132.07,143.79,43438939,6061014016
SZ002594,2020-10-23T00:00:00.000000,142.02,145.78,136.50,138.67,40099412,5645291520
SZ002594,2020-10-26T00:00:00.000000,136.50,142.85,133.10,139.96,30979604,4319369728
SZ002594,2020-10-27T00:00:00.000000,137.42,141.50,135.83,140.28,29654540,4122784512
SZ002594,2020-10-28T00:00:00.000000,139.51,153.48,139.02,151.60,51797365,7669731328
SZ002594,2020-10-29T00:00:00.000000,147.91,166.76,147.91,158.38,63470495,10022999040
SZ002594,2020-10-30T00:00:00.000000,160.00,170.30,154.20,159.81,67329183,10882457600
SZ002594,2020-11-02T00:00:00.000000,160.91,168.75,160.50,167.98,52491093,8660252672
SZ002594,2020-11-03T00:00:00.000000,172.00,172.45,159.58,164.08,66161664,10960743424
SZ002594,2020-11-04T00:00:00.000000,167.00,170.33,163.00,168.03,46094823,7689440256
SZ002594,2020-11-05T00:00:00.000000,175.00,184.83,171.00,184.83,67409211,11951954944
SZ002594,2020-11-06T00:00:00.000000,189.50,198.85,179.89,190.44,80766685,15261972480
SZ002594,2020-11-09T00:00:00.000000,191.60,193.67,184.12,190.95,52501612,9934097408
SZ002594,2020-11-10T00:00:00.000000,186.86,186.88,176.88,182.58,63534950,11543486464
SZ002594,2020-11-11T00:00:00.000000,176.90,181.89,164.32,164.35,80567515,13840950272
SZ002594,2020-11-12T00:00:00.000000,168.00,173.30,165.78,169.33,58663961,9953359872
SZ002594,2020-11-13T00:00:00.000000,180.00,182.02,173.29,175.90,60919392,10790305792
SZ002594,2020-11-16T00:00:00.000000,171.03,171.50,163.50,170.02,54256539,9094656000
SZ002594,2020-11-17T00:00:00.000000,173.50,175.18,164.46,167.00,56840934,9641026560
SZ002594,2020-11-18T00:00:00.000000,165.88,169.18,162.25,167.00,41703316,6941379072
SZ002594,2020-11-19T00:00:00.000000,168.00,168.70,159.52,161.62,47005440,7652210688
SZ002594,2020-11-20T00:00:00.000000,164.65,177.24,163.22,176.06,70752694,12067220480
SZ002594,2020-11-23T00:00:00.000000,176.90,185.02,172.07,184.20,60402664,10841291776
SZ002594,2020-11-24T00:00:00.000000,191.77,194.99,180.71,184.19,64675209,12193378304
SZ002594,2020-11-25T00:00:00.000000,183.00,191.70,180.60,183.53,47385764,8798105600
SZ002594,2020-11-26T00:00:00.000000,183.61,184.80,171.23,175.82,49653819,8751195136
SZ002594,2020-11-27T00:00:00.000000,175.31,177.90,169.33,174.10,39747615,6868605952
SZ002594,2020-11-30T00:00:00.000000,171.50,176.74,166.01,172.15,37921283,6493584896
SZ002594,2020-12-01T00:00:00.000000,168.70,177.00,167.00,176.81,40156431,6983133696
SZ002594,2020-12-02T00:00:00.000000,171.10,172.50,168.00,169.75,49240138,8354836480
SZ002594,2020-12-03T00:00:00.000000,169.75,173.66,166.96,171.09,36558081,6251136000
SZ002594,2020-12-04T00:00:00.000000,171.60,178.80,170.40,171.86,39448988,6888910848
SZ002594,2020-12-07T00:00:00.000000,171.30,176.66,169.11,175.29,32218589,5617848320
SZ002594,2020-12-08T00:00:00.000000,178.10,182.00,176.70,177.97,44574324,7995315200
SZ002594,2020-12-09T00:00:00.000000,179.00,181.03,173.00,173.24,31571447,5563503616
SZ002594,2020-12-10T00:00:00.000000,168.00,171.66,166.02,169.52,37043628,6243808768
SZ002594,2020-12-11T00:00:00.000000,169.35,169.35,162.80,167.00,35487818,5902635008
SZ002594,2020-12-14T00:00:00.000000,166.80,170.88,163.00,170.20,30213225,5064250880
SZ002594,2020-12-15T00:00:00.000000,170.25,175.05,168.50,174.70,36221802,6234488320
SZ002594,2020-12-16T00:00:00.000000,176.00,176.70,170.90,171.87,23815385,4110951168
SZ002594,2020-12-17T00:00:00.000000,171.18,172.93,169.01,171.79,18977260,3245175552
SZ002594,2020-12-18T00:00:00.000000,172.50,180.09,171.22,176.00,48848510,8625943552
SZ002594,2020-12-21T00:00:00.000000,176.50,193.60,175.50,193.60,66779763,12342924288
SZ002594,2020-12-22T00:00:00.000000,192.98,192.98,183.66,184.00,58681041,11044848640
SZ002594,2020-12-23T00:00:00.000000,183.89,190.80,182.96,186.79,42707945,7982526976
SZ002594,2020-12-24T00:00:00.000000,185.00,185.00,180.00,183.00,26045354,4739171328
SZ002594,2020-12-25T00:00:00.000000,183.32,186.15,181.10,185.22,21133069,3892733184
SZ002594,2020-12-28T00:00:00.000000,184.30,190.37,182.60,187.93,30338431,5674752512
SZ002594,2020-12-29T00:00:00.000000,186.00,186.00,178.46,178.60,36117782,6530622464
SZ002594,2020-12-30T00:00:00.000000,180.66,191.95,180.66,186.00,51043108,9559070720
SZ002594,2020-12-31T00:00:00.000000,188.86,195.83,184.26,194.30,50511942,9665582080
SZ002594,2021-01-04T00:00:00.000000,189.00,211.16,187.09,206.76,58950161,11803190272
SZ002594,2021-01-05T00:00:00.000000,206.00,221.23,202.01,219.90,54530597,11642248192
SZ002594,2021-01-06T00:00:00.000000,219.72,222.18,212.00,216.30,43465214,9376648192
SZ002594,2021-01-07T00:00:00.000000,216.60,228.32,214.20,225.04,42860254,9516502016
SZ002594,2021-01-08T00:00:00.000000,233.00,234.32,220.70,227.51,42675836,9705879552
SZ002594,2021-01-11T00:00:00.000000,234.59,245.00,230.98,234.86,53425466,12681067520
SZ002594,2021-01-12T00:00:00.000000,231.80,239.75,220.00,236.99,43312458,9980651520
SZ002594,2021-01-13T00:00:00.000000,238.00,249.88,229.69,239.30,48034787,11590837248
SZ002594,2021-01-14T00:00:00.000000,232.00,235.45,222.34,223.95,44595502,10176086016
SZ002594,2021-01-15T00:00:00.000000,222.00,228.92,216.50,225.20,37705046,8420560896
SZ002594,2021-01-18T00:00:00.000000,220.00,224.00,216.26,221.69,26378933,5826658816
SZ002594,2021-01-19T00:00:00.000000,222.06,225.20,213.56,216.20,27625013,6035553280
SZ002594,2021-01-20T00:00:00.000000,219.90,226.30,218.01,222.00,38140108,8483028992
SZ002594,2021-01-21T00:00:00.000000,220.00,239.60,216.81,235.52,58570987,13384594432
SZ002594,2021-01-22T00:00:00.000000,235.72,243.66,231.51,242.92,42388678,10112061440
SZ002594,2021-01-25T00:00:00.000000,246.50,262.95,245.00,260.00,55938894,14213433344
SZ002594,2021-01-26T00:00:00.000000,257.00,262.59,250.99,254.22,39455544,10115831808
SZ002594,2021-01-27T00:00:00.000000,250.20,259.44,234.50,257.00,52135100,12813495296
SZ002594,2021-01-28T00:00:00.000000,245.97,252.50,242.98,244.36,32646175,8081858560
SZ002594,2021-01-29T00:00:00.000000,249.00,250.43,237.50,247.00,33598269,8182541824
SZ002594,2021-02-01T00:00:00.000000,245.00,250.13,239.00,246.89,26379450,6500021760
SZ002594,2021-02-02T00:00:00.000000,252.00,268.00,250.50,267.50,47109997,12220619776
SZ002594,2021-02-03T00:00:00.000000,268.10,273.37,260.30,263.00,38402952,10231620608
SZ002594,2021-02-04T00:00:00.000000,258.00,264.89,255.34,259.90,31035090,8061146624
SZ002594,2021-02-05T00:00:00.000000,262.00,268.28,247.50,249.00,48055051,12356334592
SZ002594,2021-02-08T00:00:00.000000,248.99,252.98,240.01,250.20,37246177,9210843136
SZ002594,2021-02-09T00:00:00.000000,253.10,259.02,247.50,257.00,37495428,9540423680
SZ002594,2021-02-10T00:00:00.000000,261.00,270.66,253.00,266.95,41893871,10995341312
SZ002594,2021-02-18T00:00:00.000000,268.86,268.86,255.33,258.99,47264558,12353076224
SZ002594,2021-02-19T00:00:00.000000,254.90,257.66,245.73,257.35,38258702,9607263232
SZ002594,2021-02-22T00:00:00.000000,256.60,256.66,239.45,239.52,42713093,10558143488
SZ002594,2021-02-23T00:00:00.000000,229.59,235.02,222.90,225.00,47651022,10877531136
SZ002594,2021-02-24T00:00:00.000000,225.00,228.59,203.60,208.99,67648518,14532205568
SZ002594,2021-02-25T00:00:00.000000,215.77,215.85,205.80,209.25,36953222,7788184064
SZ002594,2021-02-26T00:00:00.000000,196.50,204.00,194.00,197.27,50361602,9978745856
SZ002594,2021-03-01T00:00:00.000000,201.00,210.99,197.50,210.90,44429351,9087918080
SZ002594,2021-03-02T00:00:00.000000,214.65,215.80,205.22,211.40,38792835,8178911744
SZ002594,2021-03-03T00:00:00.000000,205.00,210.30,201.97,209.75,26306180,5431739392
SZ002594,2021-03-04T00:00:00.000000,205.00,205.10,197.30,198.50,34684991,6955695104
SZ002594,2021-03-05T00:00:00.000000,187.37,199.51,186.18,196.37,32531909,6313240576
SZ002594,2021-03-08T00:00:00.000000,196.37,197.33,176.73,176.73,59132823,10922889216
SZ002594,2021-03-09T00:00:00.000000,172.41,178.60,162.03,170.68,59920495,10247665664
SZ002594,2021-03-10T00:00:00.000000,180.00,181.88,175.78,177.19,43150717,7706833408
SZ002594,2021-03-11T00:00:00.000000,176.95,185.00,174.10,182.97,36782790,6671343104
SZ002594,2021-03-12T00:00:00.000000,186.17,187.99,178.90,181.68,30184822,5517620736
SZ002594,2021-03-15T00:00:00.000000,178.55,181.00,172.00,174.26,29560239,5187723264
SZ002594,2021-03-16T00:00:00.000000,177.58,179.10,173.37,176.47,19705640,3474844928
SZ002594,2021-03-17T00:00:00.000000,174.02,179.97,171.48,176.88,21370528,3770679552
SZ002594,2021-03-18T00:00:00.000000,178.79,180.63,177.28,178.55,20106437,3593541120
SZ002594,2021-03-19T00:00:00.000000,173.00,175.37,169.66,171.15,25822722,4438616064
SZ002594,2021-03-22T00:00:00.000000,172.33,175.48,170.01,173.80,18568291,3221954816
SZ002594,2021-03-23T00:00:00.000000,175.80,176.18,166.30,168.97,22664897,3844462848
SZ002594,2021-03-24T00:00:00.000000,167.99,169.24,162.00,162.74,24826930,4082242304
SZ002594,2021-03-25T00:00:00.000000,157.00,163.45,155.60,161.20,25619064,4082120960
SZ002594,2021-03-26T00:00:00.000000,163.01,172.00,162.90,170.99,32853032,5528686080
SZ002594,2021-03-29T00:00:00.000000,170.01,170.48,164.80,168.10,23472864,3941708800
SZ002594,2021-03-30T00:00:00.000000,161.00,169.00,159.10,169.00,33893090,5574391296
SZ002594,2021-03-31T00:00:00.000000,169.21,172.64,162.56,164.51,27015303,4488285696
SZ002594,2021-04-01T00:00:00.000000,168.00,171.90,167.01,169.07,29995780,5089544704
SZ002594,2021-04-02T00:00:00.000000,170.99,178.20,168.58,175.87,34953200,6083577344
SZ002594,2021-04-06T00:00:00.000000,176.80,179.24,172.80,176.09,25590985,4492985856
SZ002594,2021-04-07T00:00:00.000000,177.15,178.08,169.50,170.99,28170350,4848030208
SZ002594,2021-04-08T00:00:00.000000,169.00,171.50,167.12,170.48,16004306,2723993088
SZ002594,2021-04-09T00:00:00.000000,171.90,172.10,166.00,166.72,20499577,3436476672
SZ002594,2021-04-12T00:00:00.000000,166.73,169.39,162.60,163.46,20126800,3320602624
SZ002594,2021-04-13T00:00:00.000000,163.48,167.63,163.48,164.01,15857894,2617908992
SZ002594,2021-04-14T00:00:00.000000,167.00,171.00,167.00,170.95,29847317,5057752064
SZ002594,2021-04-15T00:00:00.000000,168.50,168.65,163.50,165.50,24991213,4136742912
SZ002594,2021-04-16T00:00:00.000000,165.40,166.40,160.33,165.30,23459944,3837152256
SZ002594,2021-04-19T00:00:00.000000,165.00,177.00,164.18,176.05,50735050,8764759040
SZ002594,2021-04-20T00:00:00.000000,175.00,175.00,169.78,171.24,37567703,6460740608
SZ002594,2021-04-21T00:00:00.000000,169.00,170.59,167.17,168.59,23048888,3880491520
SZ002594,2021-04-22T00:00:00.000000,170.00,171.78,167.22,168.71,19750844,3336754688
SZ002594,2021-04-23T00:00:00.000000,167.18,171.38,166.27,169.25,22882799,3878511104
SZ002594,2021-04-26T00:00:00.000000,170.00,173.00,167.25,167.50,31951410,5432612352
SZ002594,2021-04-27T00:00:00.000000,166.00,167.40,163.40,164.94,25563921,4211994624
SZ002594,2021-04-28T00:00:00.000000,164.86,168.54,162.96,165.50,21841198,3621682432
SZ002594,2021-04-29T00:00:00.000000,163.00,164.93,162.20,162.95,27585404,4496785408
SZ002594,2021-04-30T00:00:00.000000,161.49,162.20,156.71,158.57,35989914,5715463680
SZ002594,2021-05-06T00:00:00.000000,157.00,157.00,150.00,150.00,42315808,6423783424
SZ002594,2021-05-07T00:00:00.000000,148.12,149.96,143.39,143.95,37798038,5528741376
SZ002594,2021-05-10T00:00:00.000000,143.95,148.35,141.44,147.00,26073875,3802268928
SZ002594,2021-05-11T00:00:00.000000,143.70,148.76,140.97,146.56,26963996,3893703680
SZ002594,2021-05-12T00:00:00.000000,148.26,155.00,148.26,153.73,38465914,5872804352
SZ002594,2021-05-13T00:00:00.000000,150.75,151.00,148.56,148.99,21269609,3180710400
SZ002594,2021-05-14T00:00:00.000000,147.90,154.10,146.31,153.53,30027866,4532481536
SZ002594,2021-05-17T00:00:00.000000,155.43,160.88,154.45,159.78,36300256,5761021440
SZ002594,2021-05-18T00:00:00.000000,160.00,161.80,156.88,158.70,19495212,3094498304
SZ002594,2021-05-19T00:00:00.000000,159.90,174.00,159.88,172.78,59649087,10150054912
SZ002594,2021-05-20T00:00:00.000000,170.00,177.56,169.10,172.94,49988848,8686052352
SZ002594,2021-05-21T00:00:00.000000,174.01,177.99,170.10,173.20,33496551,5822862848
SZ002594,2021-05-24T00:00:00.000000,171.91,175.50,169.98,173.47,27172287,4685926912
SZ002594,2021-05-25T00:00:00.000000,175.00,178.00,172.70,176.52,33152287,5830353408
SZ002594,2021-05-26T00:00:00.000000,178.00,184.58,176.00,176.17,34557799,6206769664
SZ002594,2021-05-27T00:00:00.000000,179.00,179.68,174.50,177.45,23402610,4146048256
SZ002594,2021-05-28T00:00:00.000000,177.45,185.00,176.07,181.68,37119487,6754993664
SZ002594,2021-05-31T00:00:00.000000,175.26,179.11,170.18,178.70,43755316,7660152320
SZ002594,2021-06-01T00:00:00.000000,178.73,190.90,178.73,189.46,51360412,9530431488
SZ002594,2021-06-02T00:00:00.000000,190.00,191.85,185.20,186.50,29434964,5527643648
SZ002594,2021-06-03T00:00:00.000000,186.60,187.50,180.18,183.90,25080057,4608194560
SZ002594,2021-06-04T00:00:00.000000,181.61,192.00,180.52,189.40,31984839,6004827136
SZ002594,2021-06-07T00:00:00.000000,191.00,192.87,187.00,190.35,25451802,4842637824
SZ002594,2021-06-08T00:00:00.000000,194.00,205.60,193.25,202.81,55923856,11191285760
SZ002594,2021-06-09T00:00:00.000000,202.90,203.50,197.02,202.00,31655582,6342951424
SZ002594,2021-06-10T00:00:00.000000,202.05,216.05,201.00,214.11,44100032,9339299840
SZ002594,2021-06-11T00:00:00.000000,214.30,229.95,212.08,227.02,54008511,11985829888
SZ002594,2021-06-15T00:00:00.000000,231.54,237.80,224.87,232.32,51810075,12090497024
SZ002594,2021-06-16T00:00:00.000000,226.00,231.66,210.66,211.00,61817590,13579273216
SZ002594,2021-06-17T00:00:00.000000,210.96,232.10,210.83,232.10,51997758,11627217920
SZ002594,2021-06-18T00:00:00.000000,236.00,252.32,234.65,245.00,57189601,13931101184
SZ002594,2021-06-21T00:00:00.000000,243.88,249.56,232.13,242.58,43052635,10400538624
SZ002594,2021-06-22T00:00:00.000000,243.00,247.00,236.00,237.88,31642808,7571777536
SZ002594,2021-06-23T00:00:00.000000,233.00,249.80,232.50,243.30,39450060,9605892096
SZ002594,2021-06-24T00:00:00.000000,244.00,251.87,240.18,244.89,31228504,7696250368
SZ002594,2021-06-25T00:00:00.000000,247.00,248.66,238.00,244.99,29650236,7205571072
SZ002594,2021-06-28T00:00:00.000000,244.99,255.00,243.52,253.63,34727198,8732380160
SZ002594,2021-06-29T00:00:00.000000,257.40,259.60,250.00,253.30,30625754,7778037760
SZ002594,2021-06-30T00:00:00.000000,250.00,256.50,246.00,251.00,28540731,7146112512
SZ002594,2021-07-01T00:00:00.000000,251.00,252.50,235.60,236.60,42260287,10182009856
SZ002594,2021-07-02T00:00:00.000000,233.00,243.50,228.89,239.04,37426013,8897623040
SZ002594,2021-07-05T00:00:00.000000,236.04,250.00,235.57,249.55,32490116,7984671232
SZ002594,2021-07-06T00:00:00.000000,255.00,261.02,241.00,250.50,51791670,13098185728
SZ002594,2021-07-07T00:00:00.000000,244.00,258.60,240.88,255.09,38638656,9711794176
SZ002594,2021-07-08T00:00:00.000000,253.00,261.54,251.12,251.96,39390995,10127586304
SZ002594,2021-07-09T00:00:00.000000,250.88,254.99,241.88,248.82,36494699,9057948672
SZ002594,2021-07-12T00:00:00.000000,253.30,272.91,251.50,266.48,56005708,14759940096
SZ002594,2021-07-13T00:00:00.000000,266.49,269.73,260.22,265.10,27731391,7330680832
SZ002594,2021-07-14T00:00:00.000000,261.00,261.00,245.00,245.29,61271686,15300069376
SZ002594,2021-07-15T00:00:00.000000,239.00,243.55,230.00,236.40,55189867,13026880512
SZ002594,2021-07-16T00:00:00.000000,235.75,235.75,221.03,222.92,56274148,12801309696
SZ002594,2021-07-19T00:00:00.000000,220.00,231.99,214.30,223.97,37218723,8367318528
SZ002594,2021-07-20T00:00:00.000000,220.00,229.46,219.11,227.50,24674966,5582671872
SZ002594,2021-07-21T00:00:00.000000,231.20,244.99,230.01,241.23,47151119,11232168960
SZ002594,2021-07-22T00:00:00.000000,246.30,249.44,240.17,248.96,37477327,9242618880
SZ002594,2021-07-23T00:00:00.000000,247.44,262.00,245.08,258.68,46056227,11846110208
SZ002594,2021-07-26T00:00:00.000000,250.58,259.74,241.01,248.55,40442824,10130660352
SZ002594,2021-07-27T00:00:00.000000,246.00,257.88,237.20,238.71,37770720,9406137344
SZ002594,2021-07-28T00:00:00.000000,229.99,241.10,223.99,236.50,33219863,7758094336
SZ002594,2021-07-29T00:00:00.000000,246.94,257.30,242.82,257.20,42885105,10764228608
SZ002594,2021-07-30T00:00:00.000000,257.19,268.30,252.13,264.71,45799399,11995908096
SZ002594,2021-08-02T00:00:00.000000,276.00,291.18,273.30,291.18,62225903,17648920576
SZ002594,2021-08-03T00:00:00.000000,299.00,299.00,275.01,280.08,48934853,13975748608
SZ002594,2021-08-04T00:00:00.000000,283.01,308.09,282.00,308.09,53430639,16003136512
SZ002594,2021-08-05T00:00:00.000000,301.00,306.25,294.87,299.46,36882291,11063465984
SZ002594,2021-08-06T00:00:00.000000,313.00,317.30,298.50,303.48,45362627,13945125888
SZ002594,2021-08-09T00:00:00.000000,295.00,297.40,283.00,293.55,34162079,9914944512
SZ002594,2021-08-10T00:00:00.000000,293.56,302.31,282.00,292.00,33103516,9604456448
SZ002594,2021-08-11T00:00:00.000000,289.00,298.83,286.16,294.99,26399395,7742097408
SZ002594,2021-08-12T00:00:00.000000,293.00,313.38,289.37,308.98,38277898,11687504896
SZ002594,2021-08-13T00:00:00.000000,303.00,312.50,297.99,300.02,24690646,7475335680
SZ002594,2021-08-16T00:00:00.000000,297.00,297.00,285.00,285.40,30506701,8815873024
SZ002594,2021-08-17T00:00:00.000000,283.45,290.50,278.00,280.31,27205840,7713091584
SZ002594,2021-08-18T00:00:00.000000,285.41,288.09,278.19,283.66,22172302,6281190912
SZ002594,2021-08-19T00:00:00.000000,283.66,298.68,278.57,293.72,36167179,10474777600
SZ002594,2021-08-20T00:00:00.000000,289.00,293.60,282.00,285.09,24717320,7084185600
SZ002594,2021-08-23T00:00:00.000000,281.50,294.44,275.55,289.80,29582687,8526533120
SZ002594,2021-08-24T00:00:00.000000,292.79,302.00,290.05,298.25,27439906,8152952320
SZ002594,2021-08-25T00:00:00.000000,297.80,299.80,291.00,296.20,17914538,5272706560
SZ002594,2021-08-26T00:00:00.000000,297.00,298.77,282.50,282.50,26368159,7570972672
SZ002594,2021-08-27T00:00:00.000000,280.99,296.03,280.00,288.15,26288930,7628216320
SZ002594,2021-08-30T00:00:00.000000,277.44,288.00,273.96,281.97,41909234,11735714816
SZ002594,2021-08-31T00:00:00.000000,286.88,286.88,266.55,277.00,32966834,9041075200
SZ002594,2021-09-01T00:00:00.000000,277.00,277.97,257.60,266.30,28767422,7678475264
SZ002594,2021-09-02T00:00:00.000000,267.01,271.99,262.70,267.00,16524443,4421950976
SZ002594,2021-09-03T00:00:00.000000,267.01,271.00,250.40,254.11,28796413,7420408832
SZ002594,2021-09-06T00:00:00.000000,259.99,279.00,259.00,277.60,39778881,10725519360
SZ002594,2021-09-07T00:00:00.000000,277.60,281.11,273.27,275.95,20763353,5743962112
SZ002594,2021-09-08T00:00:00.000000,277.90,279.28,268.61,269.59,18257806,4971116544
SZ002594,2021-09-09T00:00:00.000000,272.00,279.58,265.80,271.71,21625641,5891876352
SZ002594,2021-09-10T00:00:00.000000,271.71,272.53,262.64,265.61,23875736,6341377536
SZ002594,2021-09-13T00:00:00.000000,268.33,271.98,259.18,261.36,21349179,5623333376
SZ002594,2021-09-14T00:00:00.000000,261.39,276.00,257.06,269.23,35469000,9581432832
SZ002594,2021-09-15T00:00:00.000000,267.89,270.00,260.00,261.15,21880911,5742276608
SZ002594,2021-09-16T00:00:00.000000,261.15,264.77,250.53,251.00,22080971,5613770240
SZ002594,2021-09-17T00:00:00.000000,253.00,257.00,250.49,255.12,13942107,3544731136
SZ002594,2021-09-22T00:00:00.000000,248.00,251.44,244.03,247.20,16341286,4037944320
SZ002594,2021-09-23T00:00:00.000000,253.83,257.52,248.88,249.92,14978418,3773864448
SZ002594,2021-09-24T00:00:00.000000,250.96,257.50,247.00,251.77,15826700,4002973184
SZ002594,2021-09-27T00:00:00.000000,254.00,257.49,246.80,252.50,17999094,4548951040
SZ002594,2021-09-28T00:00:00.000000,251.90,253.82,246.29,246.86,16244438,4060118528
SZ002594,2021-09-29T00:00:00.000000,243.00,244.88,235.00,236.00,24555481,5859195904
SZ002594,2021-09-30T00:00:00.000000,238.20,249.70,237.20,249.51,22503801,5528259584
SZ002594,2021-10-08T00:00:00.000000,257.98,259.98,250.00,253.00,19410395,4939109376
SZ002594,2021-10-11T00:00:00.000000,253.10,263.10,248.00,255.75,21197273,5448306688
SZ002594,2021-10-12T00:00:00.000000,255.00,262.90,253.01,257.01,21165134,5464868352
SZ002594,2021-10-13T00:00:00.000000,257.01,273.60,254.33,271.20,32197810,8631471104
SZ002594,2021-10-14T00:00:00.000000,271.00,275.99,268.14,272.94,17779932,4844828160
SZ002594,2021-10-15T00:00:00.000000,275.00,287.50,271.00,283.33,28784505,8089636864
SZ002594,2021-10-18T00:00:00.000000,284.25,288.63,280.04,285.92,21621378,6155819008
SZ002594,2021-10-19T00:00:00.000000,288.00,294.91,284.00,284.79,19385785,5581983744
SZ002594,2021-10-20T00:00:00.000000,286.00,295.00,285.24,290.60,21704509,6300646912
SZ002594,2021-10-21T00:00:00.000000,291.00,292.60,284.01,287.01,18062575,5184267776
SZ002594,2021-10-22T00:00:00.000000,292.20,301.00,289.00,300.00,33654868,10022899712
SZ002594,2021-10-25T00:00:00.000000,303.11,318.65,302.23,317.35,33518976,10469605376
SZ002594,2021-10-26T00:00:00.000000,330.50,333.33,317.76,319.01,31324434,10148404224
SZ002594,2021-10-27T00:00:00.000000,313.00,326.73,311.28,321.74,21906777,7024365568
SZ002594,2021-10-28T00:00:00.000000,319.61,323.80,305.40,307.98,29826714,9334453248
SZ002594,2021-10-29T00:00:00.000000,305.13,313.76,293.77,311.31,34715958,10585996288
SZ002594,2021-11-01T00:00:00.000000,301.41,308.41,293.82,302.00,28478587,8570609664
SZ002594,2021-11-02T00:00:00.000000,310.00,319.80,307.64,313.88,29008740,9102548992
SZ002594,2021-11-03T00:00:00.000000,313.13,313.85,299.86,303.01,19724814,6017080320
SZ002594,2021-11-04T00:00:00.000000,311.13,329.00,309.03,325.00,34996434,11223981056
SZ002594,2021-11-05T00:00:00.000000,324.00,327.00,313.01,314.00,19418326,6178126336
SZ002594,2021-11-08T00:00:00.000000,308.09,319.61,307.00,315.00,16984947,5344230912
SZ002594,2021-11-09T00:00:00.000000,315.05,329.97,315.05,320.69,20330504,6580787712
SZ002594,2021-11-10T00:00:00.000000,314.00,315.60,301.58,310.26,27487850,8480095744
SZ002594,2021-11-11T00:00:00.000000,313.00,316.99,308.05,311.99,13885150,4327235584
SZ002594,2021-11-12T00:00:00.000000,315.80,316.74,305.50,306.78,14888382,4590558720
SZ002594,2021-11-15T00:00:00.000000,306.78,306.78,290.44,294.94,22537224,6667950080
SZ002594,2021-11-16T00:00:00.000000,294.00,297.69,288.00,293.51,15180848,4462067712
SZ002594,2021-11-17T00:00:00.000000,300.00,303.24,294.00,296.85,16337775,4875748864
SZ002594,2021-11-18T00:00:00.000000,294.80,298.88,290.00,295.40,12909722,3802420992
SZ002594,2021-11-19T00:00:00.000000,295.72,300.00,288.00,296.82,17515864,5144669184
SZ002594,2021-11-22T00:00:00.000000,298.40,311.51,298.20,311.00,28702045,8785850368
SZ002594,2021-11-23T00:00:00.000000,307.88,309.73,303.98,308.48,15036257,4609989120
SZ002594,2021-11-24T00:00:00.000000,305.43,309.60,301.00,303.20,14193817,4319711232
SZ002594,2021-11-25T00:00:00.000000,303.20,304.49,291.30,298.00,17097144,5070667776
SZ002594,2021-11-26T00:00:00.000000,295.00,304.77,294.05,297.66,12249393,3671367424
SZ002594,2021-11-29T00:00:00.000000,291.80,307.07,289.93,304.46,20015675,6053231104
SZ002594,2021-11-30T00:00:00.000000,307.00,308.00,303.00,304.70,13178826,4023809792
SZ002594,2021-12-01T00:00:00.000000,305.20,307.50,300.38,305.32,10827864,3295906048
SZ002594,2021-12-02T00:00:00.000000,305.00,314.06,303.10,308.80,18007211,5567674880
SZ002594,2021-12-03T00:00:00.000000,306.99,309.80,298.86,306.90,21032715,6367075328
SZ002594,2021-12-06T00:00:00.000000,301.00,311.51,300.86,301.75,17880086,5465317888
SZ002594,2021-12-07T00:00:00.000000,306.01,306.35,291.08,294.80,22767860,6727286784
SZ002594,2021-12-08T00:00:00.000000,296.01,301.00,294.50,300.79,15438176,4606774784
SZ002594,2021-12-09T00:00:00.000000,300.00,300.63,297.03,299.50,11295711,3375316224
SZ002594,2021-12-10T00:00:00.000000,295.99,302.03,292.80,301.42,14487273,4325990912
SZ002594,2021-12-13T00:00:00.000000,302.99,303.00,298.00,298.40,14294124,4278869504
SZ002594,2021-12-14T00:00:00.000000,295.50,297.07,291.69,293.40,15711128,4609509888
SZ002594,2021-12-15T00:00:00.000000,293.41,295.50,291.71,293.35,9815036,2877856000
SZ002594,2021-12-16T00:00:00.000000,293.00,293.49,279.00,286.20,27866516,7928142336
SZ002594,2021-12-17T00:00:00.000000,284.00,285.88,278.61,278.98,15111815,4240478208
SZ002594,2021-12-20T00:00:00.000000,279.23,281.47,268.28,270.50,21784503,5964658176
SZ002594,2021-12-21T00:00:00.000000,270.50,276.78,269.41,276.21,14965305,4098708736
SZ002594,2021-12-22T00:00:00.000000,280.01,285.18,277.01,279.22,14444230,4061024256
SZ002594,2021-12-23T00:00:00.000000,282.03,284.90,277.16,279.99,12302134,3451820032
SZ002594,2021-12-24T00:00:00.000000,281.98,282.00,264.96,270.00,20996881,5675961344
SZ002594,2021-12-27T00:00:00.000000,269.00,271.54,266.00,267.03,10718995,2874395648
SZ002594,2021-12-28T00:00:00.000000,268.15,271.00,266.21,270.85,11854284,3183321088
SZ002594,2021-12-29T00:00:00.000000,272.15,272.22,263.00,269.00,14160304,3783958016
SZ002594,2021-12-30T00:00:00.000000,268.00,272.98,266.00,267.13,11732673,3158736128
SZ002594,2021-12-31T00:00:00.000000,273.00,274.19,267.00,268.12,11629197,3136714752
SZ002594,2022-01-04T00:00:00.000000,276.00,279.45,265.22,271.00,24466089,6673692672
SZ002594,2022-01-05T00:00:00.000000,264.55,266.48,251.72,253.26,30170891,7725244416
SZ002594,2022-01-06T00:00:00.000000,250.00,254.53,247.89,250.02,17590784,4396413440
SZ002594,2022-01-07T00:00:00.000000,251.80,252.96,245.00,246.50,16193355,4009535488
SZ002594,2022-01-10T00:00:00.000000,245.00,249.47,239.03,246.30,16214182,3964485376
SZ002594,2022-01-11T00:00:00.000000,246.28,246.28,237.80,239.09,21244147,5100240896
SZ002594,2022-01-12T00:00:00.000000,246.00,256.00,244.31,256.00,32360224,8103335936
SZ002594,2022-01-13T00:00:00.000000,257.74,258.56,248.61,255.31,21710390,5516666368
SZ002594,2022-01-14T00:00:00.000000,250.80,257.30,250.00,253.14,14954815,3798549504
SZ002594,2022-01-17T00:00:00.000000,253.02,267.49,253.02,266.49,24114466,6349271040
SZ002594,2022-01-18T00:00:00.000000,266.41,268.96,262.30,266.08,12505443,3325099776
SZ002594,2022-01-19T00:00:00.000000,265.95,267.88,250.31,252.97,23188180,5960665088
SZ002594,2022-01-20T00:00:00.000000,252.10,253.71,247.00,251.07,14998647,3759819264
SZ002594,2022-01-21T00:00:00.000000,251.08,255.74,246.33,250.40,11239432,2822719744
SZ002594,2022-01-24T00:00:00.000000,246.08,252.88,244.27,251.40,10837686,2706367232
SZ002594,2022-01-25T00:00:00.000000,248.00,251.00,240.00,240.31,17277223,4222849024
SZ002594,2022-01-26T00:00:00.000000,245.00,251.38,242.31,249.49,17444584,4321964032
SZ002594,2022-01-27T00:00:00.000000,247.00,249.30,241.00,241.27,13264963,3242987776
SZ002594,2022-01-28T00:00:00.000000,239.98,242.00,219.76,226.80,32437311,7392709632
SZ002594,2022-02-07T00:00:00.000000,240.79,249.28,238.01,244.40,25112453,6117950464
SZ002594,2022-02-08T00:00:00.000000,243.00,243.00,230.64,236.97,19903953,4669048832
SZ002594,2022-02-09T00:00:00.000000,239.05,246.40,235.03,245.18,19992864,4854529024
SZ002594,2022-02-10T00:00:00.000000,246.77,248.00,238.10,240.12,14628460,3521519872
SZ002594,2022-02-11T00:00:00.000000,236.05,240.12,228.50,230.19,19943926,4646312960
SZ002594,2022-02-14T00:00:00.000000,230.20,235.00,225.00,231.98,13319949,3079221504
SZ002594,2022-02-15T00:00:00.000000,232.18,239.96,232.18,238.31,15852428,3757722112
SZ002594,2022-02-16T00:00:00.000000,242.00,244.99,240.39,240.60,12872491,3117890816
SZ002594,2022-02-17T00:00:00.000000,242.24,248.74,239.00,245.41,19106386,4670631936
SZ002594,2022-02-18T00:00:00.000000,241.00,245.39,240.00,242.96,9910466,2407158528
SZ002594,2022-02-21T00:00:00.000000,241.00,245.80,239.64,241.89,10953804,2657588992
SZ002594,2022-02-22T00:00:00.000000,239.00,239.00,234.30,237.45,12545211,2966441472
SZ002594,2022-02-23T00:00:00.000000,241.90,252.52,239.01,252.00,29114890,7232161792
SZ002594,2022-02-24T00:00:00.000000,248.11,251.78,241.58,244.86,23821988,5865805824
SZ002594,2022-02-25T00:00:00.000000,249.90,252.38,247.83,247.84,14601353,3646918912
SZ002594,2022-02-28T00:00:00.000000,246.90,250.19,246.00,249.60,11829090,2936223744
SZ002594,2022-03-01T00:00:00.000000,255.00,256.61,249.25,251.78,17651958,4476715008
SZ002594,2022-03-02T00:00:00.000000,249.00,249.36,243.96,248.60,12124247,2998567680
SZ002594,2022-03-03T00:00:00.000000,249.52,250.86,244.00,245.21,9963340,2449485312
SZ002594,2022-03-04T00:00:00.000000,237.31,241.86,230.00,233.80,29170634,6857430528
SZ002594,2022-03-07T00:00:00.000000,226.89,227.69,220.02,223.61,23612920,5286035968
SZ002594,2022-03-08T00:00:00.000000,221.08,225.49,210.00,216.19,29149934,6317187584
SZ002594,2022-03-09T00:00:00.000000,217.00,223.60,210.00,223.59,25113522,5484773888
SZ002594,2022-03-10T00:00:00.000000,232.91,233.43,229.00,229.10,24834283,5744788992
SZ002594,2022-03-11T00:00:00.000000,222.00,231.79,220.02,229.85,18611604,4186646016
SZ002594,2022-03-14T00:00:00.000000,225.00,225.00,219.00,219.00,15084061,3336922880
SZ002594,2022-03-15T00:00:00.000000,211.13,222.00,209.43,212.80,19820362,4269341952
SZ002594,2022-03-16T00:00:00.000000,221.00,230.00,214.20,229.43,33376627,7432043520
SZ002594,2022-03-17T00:00:00.000000,240.38,240.88,234.66,234.90,31584430,7518685184
SZ002594,2022-03-18T00:00:00.000000,234.90,238.87,232.05,234.50,15054856,3530653184
SZ002594,2022-03-21T00:00:00.000000,240.00,248.87,238.17,245.38,27917768,6829415424
SZ002594,2022-03-22T00:00:00.000000,245.00,247.40,242.02,244.80,11507907,2815900928
SZ002594,2022-03-23T00:00:00.000000,250.00,251.00,246.27,247.17,14850096,3696654336
SZ002594,2022-03-24T00:00:00.000000,243.70,250.00,242.40,247.08,11368127,2794432768
SZ002594,2022-03-25T00:00:00.000000,247.10,248.96,234.01,235.31,20802373,4984988672
SZ002594,2022-03-28T00:00:00.000000,234.90,234.90,228.88,230.40,14310354,3306510592
SZ002594,2022-03-29T00:00:00.000000,232.92,236.50,228.80,231.00,13858731,3224438272
SZ002594,2022-03-30T00:00:00.000000,227.00,237.02,222.22,237.02,25125996,5807876608
SZ002594,2022-03-31T00:00:00.000000,234.21,235.00,226.89,229.80,16173143,3721363200
SZ002594,2022-04-01T00:00:00.000000,226.79,239.56,226.60,235.96,18294805,4301758464
SZ002594,2022-04-06T00:00:00.000000,245.00,246.00,239.61,241.90,20529330,4976485376
SZ002594,2022-04-07T00:00:00.000000,240.00,245.30,239.01,240.00,12269953,2964659968
SZ002594,2022-04-08T00:00:00.000000,240.01,246.50,239.10,243.98,17171897,4185742848
SZ002594,2022-04-11T00:00:00.000000,240.00,241.48,229.50,233.00,19307007,4519392768
SZ002594,2022-04-12T00:00:00.000000,232.00,238.56,231.20,238.16,12888867,3034073600
SZ002594,2022-04-13T00:00:00.000000,235.02,241.95,233.01,237.00,10967251,2614119680
SZ002594,2022-04-14T00:00:00.000000,242.00,244.99,240.87,241.29,13163750,3198011136
SZ002594,2022-04-15T00:00:00.000000,238.50,240.00,232.75,236.20,12923931,3049510912
SZ002594,2022-04-18T00:00:00.000000,234.79,241.00,230.00,239.10,11059238,2613800704
SZ002594,2022-04-19T00:00:00.000000,243.16,250.90,243.13,244.86,20778154,5140377600
SZ002594,2022-04-20T00:00:00.000000,247.66,248.33,240.86,241.78,13078093,3187144192
SZ002594,2022-04-21T00:00:00.000000,237.77,240.77,232.10,234.04,15404876,3625535232
SZ002594,2022-04-22T00:00:00.000000,230.01,235.66,229.06,235.40,10816219,2522974976
SZ002594,2022-04-25T00:00:00.000000,230.00,236.44,226.62,227.50,16188917,3741670656
SZ002594,2022-04-26T00:00:00.000000,228.99,235.85,228.43,231.81,15817620,3670084864
SZ002594,2022-04-27T00:00:00.000000,226.61,235.81,218.81,235.01,25434167,5794106368
SZ002594,2022-04-28T00:00:00.000000,234.60,235.50,230.00,231.98,14637213,3405250048
SZ002594,2022-04-29T00:00:00.000000,233.80,243.83,230.75,243.00,24816310,5912448512
SZ002594,2022-05-05T00:00:00.000000,246.20,252.39,241.77,248.80,25325879,6282897408
SZ002594,2022-05-06T00:00:00.000000,241.02,246.00,240.10,242.08,14548866,3530097152
SZ002594,2022-05-09T00:00:00.000000,231.00,236.89,231.00,232.73,17511635,4086614016
SZ002594,2022-05-10T00:00:00.000000,224.10,233.66,222.28,233.33,20969664,4792958464
SZ002594,2022-05-11T00:00:00.000000,232.00,256.66,231.50,252.70,45952571,11482476544
SZ002594,2022-05-12T00:00:00.000000,249.99,257.70,248.71,254.09,24115606,6107994624
SZ002594,2022-05-13T00:00:00.000000,259.80,271.50,255.91,270.08,36712061,9733352448
SZ002594,2022-05-16T00:00:00.000000,271.11,273.00,265.30,267.12,20236880,5441551360
SZ002594,2022-05-17T00:00:00.000000,268.98,285.00,268.50,282.50,29348903,8193618944
SZ002594,2022-05-18T00:00:00.000000,282.50,288.00,279.00,281.42,20530270,5812000768
SZ002594,2022-05-19T00:00:00.000000,275.31,285.35,274.30,284.51,17363651,4879756288
SZ002594,2022-05-20T00:00:00.000000,287.01,291.61,281.20,287.70,17868336,5125699584
SZ002594,2022-05-23T00:00:00.000000,292.70,298.00,287.81,295.20,25558816,7496178176
SZ002594,2022-05-24T00:00:00.000000,290.00,292.96,281.00,281.00,29049653,8303003648
SZ002594,2022-05-25T00:00:00.000000,281.26,288.65,278.03,287.20,23085773,6563211776
SZ002594,2022-05-26T00:00:00.000000,287.37,291.22,282.50,286.64,14309499,4106312192
SZ002594,2022-05-27T00:00:00.000000,292.95,297.61,286.65,288.88,15318685,4467796480
SZ002594,2022-05-30T00:00:00.000000,292.00,299.70,291.08,298.12,21852350,6485731840
SZ002594,2022-05-31T00:00:00.000000,300.00,300.96,293.51,295.91,17701119,5242211328
SZ002594,2022-06-01T00:00:00.000000,298.00,304.80,293.12,299.98,21691175,6501902336
SZ002594,2022-06-02T00:00:00.000000,296.00,305.00,295.22,301.02,17772777,5355773440
SZ002594,2022-06-06T00:00:00.000000,304.00,320.47,302.55,318.23,29475729,9260502016
SZ002594,2022-06-07T00:00:00.000000,318.00,319.87,311.11,314.89,20022089,6296538112
SZ002594,2022-06-08T00:00:00.000000,318.60,328.06,313.01,327.41,29051340,9321932800
SZ002594,2022-06-09T00:00:00.000000,334.03,334.80,321.00,322.41,30754172,10050640896
SZ002594,2022-06-10T00:00:00.000000,321.50,350.00,321.06,348.80,43824900,14790622208
SZ002594,2022-06-13T00:00:00.000000,346.00,358.86,340.60,348.80,36068132,12573534208
SZ002594,2022-06-14T00:00:00.000000,342.00,344.79,327.23,343.59,40478934,13634616320
SZ002594,2022-06-15T00:00:00.000000,343.97,346.23,332.52,335.00,30394787,10285857792
SZ002594,2022-06-16T00:00:00.000000,335.50,342.70,333.41,336.00,19017245,6410739712
SZ002594,2022-06-17T00:00:00.000000,330.10,341.20,327.07,338.00,26214759,8830738432
SZ002594,2022-06-20T00:00:00.000000,338.08,348.66,335.02,342.18,24541557,8405361664
SZ002594,2022-06-21T00:00:00.000000,339.76,341.80,332.20,341.00,19782739,6666969600
SZ002594,2022-06-22T00:00:00.000000,342.42,347.63,338.00,339.88,18678783,6412051968
SZ002594,2022-06-23T00:00:00.000000,344.70,354.05,338.00,353.50,32314226,11251775488
SZ002594,2022-06-24T00:00:00.000000,352.99,356.28,346.01,351.05,23598355,8273168384
SZ002594,2022-06-27T00:00:00.000000,352.07,357.00,348.33,349.69,21715524,7630684672
SZ002594,2022-06-28T00:00:00.000000,347.00,358.80,342.71,352.90,26963471,9447959552
SZ002594,2022-06-29T00:00:00.000000,349.99,350.00,331.49,331.61,36114602,12246017024
SZ002594,2022-06-30T00:00:00.000000,331.00,339.35,330.00,333.49,22014478,7372602880
SZ002594,2022-07-01T00:00:00.000000,332.18,333.00,320.10,329.20,23411263,7658689536
SZ002594,2022-07-04T00:00:00.000000,332.00,338.21,330.20,336.16,20951206,7020823552
SZ002594,2022-07-05T00:00:00.000000,337.00,340.60,329.59,333.89,17375703,5819208192
SZ002594,2022-07-06T00:00:00.000000,333.80,340.60,331.99,336.10,18343420,6179119616
SZ002594,2022-07-07T00:00:00.000000,337.70,351.95,333.37,349.38,30464874,10511816704
SZ002594,2022-07-08T00:00:00.000000,349.38,351.88,338.00,338.00,19047757,6547699200
SZ002594,2022-07-11T00:00:00.000000,335.88,335.88,318.88,324.30,25431744,8284856832
SZ002594,2022-07-12T00:00:00.000000,320.00,321.00,300.08,309.00,45051469,13935271936
SZ002594,2022-07-13T00:00:00.000000,309.00,313.84,296.77,309.88,34106695,10439433216
SZ002594,2022-07-14T00:00:00.000000,308.91,323.00,307.00,323.00,27248936,8631732224
SZ002594,2022-07-15T00:00:00.000000,335.00,349.89,333.00,338.19,44450784,15284698112
SZ002594,2022-07-18T00:00:00.000000,345.00,346.00,328.00,337.10,23891156,8007559680
SZ002594,2022-07-19T00:00:00.000000,337.10,337.10,327.62,331.10,15818025,5239778304
SZ002594,2022-07-20T00:00:00.000000,332.98,333.86,329.08,331.70,10326348,3425067008
SZ002594,2022-07-21T00:00:00.000000,329.00,331.00,322.94,324.50,13200328,4303073792
SZ002594,2022-07-22T00:00:00.000000,326.01,334.66,326.00,329.62,14177374,4687025152
SZ002594,2022-07-25T00:00:00.000000,326.00,327.00,320.00,322.95,11501710,3705167360
SZ002594,2022-07-26T00:00:00.000000,322.48,327.68,320.00,325.00,10765616,3493834496
SZ002594,2022-07-27T00:00:00.000000,324.00,329.80,321.01,325.80,9105572,2961812224
SZ002594,2022-07-28T00:00:00.000000,329.02,331.45,324.00,325.43,10906517,3572559104
SZ002594,2022-07-29T00:00:00.000000,323.00,327.80,317.96,320.36,11485364,3695131392
SZ002594,2022-08-01T00:00:00.000000,317.98,332.08,316.32,330.54,18758376,6141512192
SZ002594,2022-08-02T00:00:00.000000,324.90,330.48,321.30,326.60,15664266,5110091264
SZ002594,2022-08-03T00:00:00.000000,326.70,334.85,318.89,321.99,18872311,6197191168
SZ002594,2022-08-04T00:00:00.000000,328.00,331.47,322.10,326.80,18663677,6098859008
SZ002594,2022-08-05T00:00:00.000000,330.00,331.89,318.28,324.49,15756385,5115620352
SZ002594,2022-08-08T00:00:00.000000,322.11,324.90,319.00,321.35,12948786,4158491904
SZ002594,2022-08-09T00:00:00.000000,321.18,323.80,318.15,319.72,11610661,3719885568
SZ002594,2022-08-10T00:00:00.000000,319.70,319.70,305.00,308.35,25849901,7998810624
SZ002594,2022-08-11T00:00:00.000000,311.43,315.89,305.60,315.02,16544481,5159742976
SZ002594,2022-08-12T00:00:00.000000,315.02,316.28,310.00,311.93,10133763,3165436416
SZ002594,2022-08-15T00:00:00.000000,312.20,319.23,311.22,315.21,13511926,4265356032
SZ002594,2022-08-16T00:00:00.000000,315.80,321.89,315.50,318.92,15724331,5029761536
SZ002594,2022-08-17T00:00:00.000000,319.99,329.60,316.72,327.93,21087113,6808620032
SZ002594,2022-08-18T00:00:00.000000,327.00,330.00,323.84,326.04,14279044,4659424768
SZ002594,2022-08-19T00:00:00.000000,325.03,327.44,317.00,319.39,12428923,3993178368
SZ002594,2022-08-22T00:00:00.000000,316.00,326.09,312.22,323.09,14766765,4747212800
SZ002594,2022-08-23T00:00:00.000000,324.00,325.55,318.98,321.61,9299975,2989844224
SZ002594,2022-08-24T00:00:00.000000,321.68,322.96,309.30,309.50,18678283,5854016000
SZ002594,2022-08-25T00:00:00.000000,309.56,311.08,302.66,309.58,14022073,4308297728
SZ002594,2022-08-26T00:00:00.000000,312.99,317.93,310.00,315.73,12212655,3849213696
SZ002594,2022-08-29T00:00:00.000000,313.67,316.87,311.49,313.55,8591166,2696123136
SZ002594,2022-08-30T00:00:00.000000,315.50,318.50,310.00,310.85,11024737,3454778624
SZ002594,2022-08-31T00:00:00.000000,291.00,296.60,284.00,287.98,40805974,11841918976
SZ002594,2022-09-01T00:00:00.000000,285.00,294.60,284.03,286.70,19258233,5566419968
SZ002594,2022-09-02T00:00:00.000000,288.70,289.60,278.10,282.00,16166192,4561284608
SZ002594,2022-09-05T00:00:00.000000,269.00,270.88,261.10,268.76,35120827,9364600832
SZ002594,2022-09-06T00:00:00.000000,268.77,274.45,267.21,272.94,18990284,5154529280
SZ002594,2022-09-07T00:00:00.000000,272.00,285.05,270.60,282.70,19087317,5345728000
SZ002594,2022-09-08T00:00:00.000000,283.00,284.99,277.00,278.26,11642911,3267426048
SZ002594,2022-09-09T00:00:00.000000,280.99,281.49,276.99,279.70,7609826,2125233664
SZ002594,2022-09-13T00:00:00.000000,282.00,286.69,279.37,284.80,11152411,3162351104
SZ002594,2022-09-14T00:00:00.000000,282.00,283.80,276.26,278.33,10515106,2935617024
SZ002594,2022-09-15T00:00:00.000000,280.00,280.50,266.91,269.50,15239523,4126260480
SZ002594,2022-09-16T00:00:00.000000,268.00,271.45,264.36,265.98,10447636,2797971968
SZ002594,2022-09-19T00:00:00.000000,268.00,273.90,266.68,270.35,11094999,3006108160
SZ002594,2022-09-20T00:00:00.000000,273.80,277.49,272.01,274.21,11124502,3058894080
SZ002594,2022-09-21T00:00:00.000000,271.80,272.61,267.00,270.00,8375363,2258898432
SZ002594,2022-09-22T00:00:00.000000,267.49,269.38,261.30,268.55,9279950,2468839424
SZ002594,2022-09-23T00:00:00.000000,267.09,269.77,264.28,266.40,7964412,2125444096
SZ002594,2022-09-26T00:00:00.000000,266.40,276.00,263.58,272.95,14360640,3911414016
SZ002594,2022-09-27T00:00:00.000000,272.96,274.83,270.06,273.96,8309593,2262822656
SZ002594,2022-09-28T00:00:00.000000,273.00,273.00,265.50,265.62,8562018,2293531392
SZ002594,2022-09-29T00:00:00.000000,270.00,271.80,264.00,264.57,8835668,2355802880
SZ002594,2022-09-30T00:00:00.000000,263.00,263.55,249.00,252.01,21403588,5421385216
SZ002594,2022-10-10T00:00:00.000000,252.27,256.40,249.44,251.20,11747850,2967008000
SZ002594,2022-10-11T00:00:00.000000,252.00,257.38,249.33,255.01,13282039,3370370048
SZ002594,2022-10-12T00:00:00.000000,254.00,263.25,249.95,262.34,14487143,3708582144
SZ002594,2022-10-13T00:00:00.000000,260.00,263.00,258.08,258.18,9618660,2497933056
SZ002594,2022-10-14T00:00:00.000000,262.08,269.10,259.95,264.54,14569451,3854443008
SZ002594,2022-10-17T00:00:00.000000,263.00,263.00,256.69,260.66,10967836,2842978560
SZ002594,2022-10-18T00:00:00.000000,279.00,279.00,272.50,273.67,24414179,6717206528
SZ002594,2022-10-19T00:00:00.000000,273.67,276.44,266.88,267.50,13400403,3642369280
SZ002594,2022-10-20T00:00:00.000000,264.00,265.58,257.40,263.51,12841678,3355270144
SZ002594,2022-10-21T00:00:00.000000,263.52,270.88,262.01,266.30,10478554,2794657536
SZ002594,2022-10-24T00:00:00.000000,264.90,266.31,253.57,255.57,16741256,4324097536
SZ002594,2022-10-25T00:00:00.000000,253.00,260.59,250.03,257.91,11324267,2897739520
SZ002594,2022-10-26T00:00:00.000000,260.00,264.04,255.29,257.87,12641527,3279130624
SZ002594,2022-10-27T00:00:00.000000,258.99,260.72,255.00,255.00,9776582,2516239104
SZ002594,2022-10-28T00:00:00.000000,253.00,253.00,235.81,239.89,26316393,6372054016
SZ002594,2022-10-31T00:00:00.000000,237.50,251.00,237.11,246.67,18794233,4625511424
SZ002594,2022-11-01T00:00:00.000000,247.11,262.20,247.00,261.82,21928271,5620272128
SZ002594,2022-11-02T00:00:00.000000,261.00,271.60,258.36,267.56,18731929,4980989952
SZ002594,2022-11-03T00:00:00.000000,265.02,271.76,264.10,267.98,10238397,2747240704
SZ002594,2022-11-04T00:00:00.000000,268.98,283.02,268.00,280.20,22488689,6270505472
SZ002594,2022-11-07T00:00:00.000000,275.00,282.03,272.99,278.88,13584206,3781158400
SZ002594,2022-11-08T00:00:00.000000,279.45,282.60,273.50,276.41,10563449,2925766912
SZ002594,2022-11-09T00:00:00.000000,278.15,278.88,268.64,269.63,11194636,3038705664
SZ002594,2022-11-10T00:00:00.000000,264.63,264.97,255.80,260.26,15549677,4039239936
SZ002594,2022-11-11T00:00:00.000000,270.50,272.97,265.16,268.80,16609959,4467701248
SZ002594,2022-11-14T00:00:00.000000,269.23,272.54,262.76,263.79,11523697,3071390464
SZ002594,2022-11-15T00:00:00.000000,263.99,268.30,260.10,267.00,11284835,2985500672
SZ002594,2022-11-16T00:00:00.000000,265.78,266.60,260.10,261.08,10354941,2719934720
SZ002594,2022-11-17T00:00:00.000000,259.91,259.91,253.58,257.00,11126057,2842104576
SZ002594,2022-11-18T00:00:00.000000,257.77,259.56,253.50,254.68,10118376,2595461632
SZ002594,2022-11-21T00:00:00.000000,252.84,254.60,248.51,254.20,8251507,2082807808
SZ002594,2022-11-22T00:00:00.000000,255.00,255.25,250.00,250.49,8014551,2013576320
SZ002594,2022-11-23T00:00:00.000000,250.49,251.50,247.20,251.50,8846881,2209509376
SZ002594,2022-11-24T00:00:00.000000,253.35,255.00,248.28,249.39,8531406,2137710336
SZ002594,2022-11-25T00:00:00.000000,249.00,249.00,245.00,245.05,8782164,2160628992
SZ002594,2022-11-28T00:00:00.000000,240.00,245.13,237.22,245.11,9910928,2387430912
SZ002594,2022-11-29T00:00:00.000000,246.28,249.68,243.00,248.30,12358078,3051509248
SZ002594,2022-11-30T00:00:00.000000,248.36,260.00,246.48,259.52,21287338,5434244608
SZ002594,2022-12-01T00:00:00.000000,268.00,270.95,264.92,266.66,25798585,6927128576
SZ002594,2022-12-02T00:00:00.000000,264.92,267.57,260.48,262.08,11607538,3062453760
SZ002594,2022-12-05T00:00:00.000000,265.95,267.59,261.90,263.36,10523309,2776465920
SZ002594,2022-12-06T00:00:00.000000,260.55,271.63,260.01,267.60,12300679,3283672576
SZ002594,2022-12-07T00:00:00.000000,267.65,278.28,267.65,273.74,19266593,5284876800
SZ002594,2022-12-08T00:00:00.000000,273.75,275.00,270.87,274.29,9458065,2587392512
SZ002594,2022-12-09T00:00:00.000000,275.48,277.70,271.45,274.70,10099232,2768392960
SZ002594,2022-12-12T00:00:00.000000,271.96,273.47,268.00,269.88,8012821,2168695296
SZ002594,2022-12-13T00:00:00.000000,272.00,275.00,269.50,269.80,6138433,1667300864
SZ002594,2022-12-14T00:00:00.000000,269.41,269.44,263.60,266.40,9436462,2507895808
SZ002594,2022-12-15T00:00:00.000000,266.33,272.28,263.51,271.46,9712345,2610706432
SZ002594,2022-12-16T00:00:00.000000,270.07,271.37,267.55,270.51,5619664,1512400640
SZ002594,2022-12-19T00:00:00.000000,268.99,275.00,265.61,266.50,8403891,2264390144
SZ002594,2022-12-20T00:00:00.000000,265.90,265.90,258.68,261.60,8490821,2218820864
SZ002594,2022-12-21T00:00:00.000000,261.58,262.85,259.60,260.80,4196630,1095313280
SZ002594,2022-12-22T00:00:00.000000,263.00,263.50,258.51,259.19,5920995,1543323264
SZ002594,2022-12-23T00:00:00.000000,256.10,256.40,250.50,252.18,9081868,2294100992
SZ002594,2022-12-26T00:00:00.000000,252.20,263.50,252.19,262.42,9354753,2430254848
SZ002594,2022-12-27T00:00:00.000000,263.46,263.98,259.80,262.12,5553654,1453872000
SZ002594,2022-12-28T00:00:00.000000,257.50,259.20,253.00,254.62,10256378,2612261120
SZ002594,2022-12-29T00:00:00.000000,253.99,258.86,252.13,254.76,7225577,1841122304
SZ002594,2022-12-30T00:00:00.000000,258.50,260.37,256.51,256.97,7488973,1931977344
SZ002594,2023-01-03T00:00:00.000000,256.41,261.92,250.00,260.48,12137430,3108609024
SZ002594,2023-01-04T00:00:00.000000,260.00,260.48,256.50,259.10,7267459,1881537664
SZ002594,2023-01-05T00:00:00.000000,262.52,267.59,261.06,265.08,11893600,3143084288
SZ002594,2023-01-06T00:00:00.000000,267.91,271.20,265.10,266.20,13885523,3726792704
SZ002594,2023-01-09T00:00:00.000000,268.00,268.00,262.29,263.38,11416882,3020383488
SZ002594,2023-01-10T00:00:00.000000,262.05,269.58,257.31,266.59,17351254,4568518656
SZ002594,2023-01-11T00:00:00.000000,264.90,271.00,261.41,268.99,12836375,3429408768
SZ002594,2023-01-12T00:00:00.000000,271.51,284.45,270.70,277.30,22347919,6213489664
SZ002594,2023-01-13T00:00:00.000000,277.41,279.93,275.00,278.58,12841101,3556565504
SZ002594,2023-01-16T00:00:00.000000,278.58,278.77,272.00,273.80,16499989,4536354816
SZ002594,2023-01-17T00:00:00.000000,273.81,274.50,268.93,269.99,11166571,3020382976
SZ002594,2023-01-18T00:00:00.000000,269.85,272.50,266.49,269.00,8610817,2315435008
SZ002594,2023-01-19T00:00:00.000000,267.88,270.85,266.52,270.50,8123863,2185520128
SZ002594,2023-01-20T00:00:00.000000,271.00,271.88,267.02,270.07,10464935,2819530240
SZ002594,2023-01-30T00:00:00.000000,285.00,288.00,281.00,281.99,28185441,8014418432
SZ002594,2023-01-31T00:00:00.000000,285.00,288.80,280.39,285.80,18711017,5339962368
SZ002594,2023-02-01T00:00:00.000000,287.98,304.33,286.14,304.33,27298697,8144001024
SZ002594,2023-02-02T00:00:00.000000,305.87,306.13,299.96,302.62,14802993,4485490176
SZ002594,2023-02-03T00:00:00.000000,299.95,299.95,292.80,295.00,15294828,4517779968
SZ002594,2023-02-06T00:00:00.000000,291.69,291.69,287.61,289.98,10044660,2906251520
SZ002594,2023-02-07T00:00:00.000000,291.99,292.48,287.60,289.00,7683474,2223584256
SZ002594,2023-02-08T00:00:00.000000,289.00,289.00,282.80,285.66,9290144,2653105152
SZ002594,2023-02-09T00:00:00.000000,284.00,288.82,282.30,288.33,9064889,2602093568
SZ002594,2023-02-10T00:00:00.000000,285.88,285.90,280.00,281.86,12970811,3659502336
SZ002594,2023-02-13T00:00:00.000000,279.01,283.29,277.06,282.32,9346144,2628940288
SZ002594,2023-02-14T00:00:00.000000,284.00,284.50,279.10,281.97,7364368,2068766592
SZ002594,2023-02-15T00:00:00.000000,283.00,283.90,278.56,279.00,9083216,2549250816
SZ002594,2023-02-16T00:00:00.000000,280.00,281.79,274.85,277.02,10334815,2883947520
SZ002594,2023-02-17T00:00:00.000000,276.49,278.10,271.28,271.66,10099650,2764372480
SZ002594,2023-02-20T00:00:00.000000,271.59,273.30,267.00,272.80,13070148,3524868352
SZ002594,2023-02-21T00:00:00.000000,272.00,276.56,270.28,274.75,11369006,3115649024
SZ002594,2023-02-22T00:00:00.000000,271.90,272.62,268.90,270.42,8508796,2301668352
SZ002594,2023-02-23T00:00:00.000000,269.90,271.67,268.50,270.44,10035821,2705234176
SZ002594,2023-02-24T00:00:00.000000,269.02,269.88,267.00,267.58,6686761,1790064896
SZ002594,2023-02-27T00:00:00.000000,265.00,265.89,258.00,259.81,16970381,4428435968
SZ002594,2023-02-28T00:00:00.000000,261.00,262.00,257.57,260.80,12033003,3122819328
SZ002594,2023-03-01T00:00:00.000000,260.75,266.54,257.76,265.50,14365761,3781044992
SZ002594,2023-03-02T00:00:00.000000,266.12,268.13,262.00,263.71,11490496,3043464704
SZ002594,2023-03-03T00:00:00.000000,264.99,265.23,262.08,263.79,6398161,1686348672
SZ002594,2023-03-06T00:00:00.000000,264.00,264.63,258.00,264.27,11212447,2932174848
SZ002594,2023-03-07T00:00:00.000000,264.18,266.99,260.50,260.68,10593288,2789608704
SZ002594,2023-03-08T00:00:00.000000,258.50,259.79,255.00,256.99,12089760,3104294400
SZ002594,2023-03-09T00:00:00.000000,256.50,259.83,254.01,256.07,9673143,2481897984
SZ002594,2023-03-10T00:00:00.000000,252.00,253.00,242.30,243.14,28346408,6951755776
SZ002594,2023-03-13T00:00:00.000000,241.72,242.95,237.00,240.49,16734341,4010230528
SZ002594,2023-03-14T00:00:00.000000,240.00,242.50,233.03,239.98,19856816,4715842048
SZ002594,2023-03-15T00:00:00.000000,241.50,242.48,237.41,238.62,12071459,2895736064
SZ002594,2023-03-16T00:00:00.000000,235.00,239.62,234.00,234.79,11837025,2793057536
SZ002594,2023-03-17T00:00:00.000000,236.78,240.98,235.53,237.91,13500262,3213068032
SZ002594,2023-03-20T00:00:00.000000,237.91,239.36,234.60,235.57,8632333,2041533824
SZ002594,2023-03-21T00:00:00.000000,236.89,239.51,234.79,239.51,10887269,2585297152
SZ002594,2023-03-22T00:00:00.000000,242.20,247.58,242.08,243.20,15533932,3800940800
SZ002594,2023-03-23T00:00:00.000000,242.99,245.50,239.50,245.49,9746104,2374450176
SZ002594,2023-03-24T00:00:00.000000,245.50,247.63,243.49,246.02,8101826,1990565376
SZ002594,2023-03-27T00:00:00.000000,245.99,245.99,240.30,243.65,9249536,2246213120
SZ002594,2023-03-28T00:00:00.000000,244.50,245.67,242.40,245.01,8184504,1998797312
SZ002594,2023-03-29T00:00:00.000000,246.55,250.25,246.55,247.70,14430262,3588758272
SZ002594,2023-03-30T00:00:00.000000,250.00,257.20,250.00,257.20,20926722,5317797888
SZ002594,2023-03-31T00:00:00.000000,258.97,260.86,255.00,256.02,16700761,4304295424
SZ002594,2023-04-03T00:00:00.000000,256.00,258.24,252.26,255.92,13369125,3412119552
SZ002594,2023-04-04T00:00:00.000000,255.81,255.81,247.99,250.92,13774433,3448254976
SZ002594,2023-04-06T00:00:00.000000,248.00,250.88,245.68,250.00,8194227,2036216960
SZ002594,2023-04-07T00:00:00.000000,250.05,252.13,248.33,249.28,6872291,1718631424
SZ002594,2023-04-10T00:00:00.000000,249.28,251.20,246.00,251.00,9805791,2436804864
SZ002594,2023-04-11T00:00:00.000000,252.15,254.49,248.60,249.83,8745512,2194591744
SZ002594,2023-04-12T00:00:00.000000,248.80,248.80,243.33,243.40,11232970,2751446272
SZ002594,2023-04-13T00:00:00.000000,240.58,243.00,237.77,242.82,8096464,1952037248
SZ002594,2023-04-14T00:00:00.000000,243.40,247.47,242.99,246.06,10550644,2589957888
SZ002594,2023-04-17T00:00:00.000000,245.00,249.68,244.21,249.44,9039385,2244153600
SZ002594,2023-04-18T00:00:00.000000,250.40,252.18,248.44,249.00,7843220,1961474816
SZ002594,2023-04-19T00:00:00.000000,249.00,253.20,246.09,250.85,11192747,2793037824
SZ002594,2023-04-20T00:00:00.000000,249.93,249.93,245.00,245.02,10030830,2470721536
SZ002594,2023-04-21T00:00:00.000000,244.50,248.95,243.00,243.00,10405248,2553937664
SZ002594,2023-04-24T00:00:00.000000,244.10,258.60,243.18,253.49,26701734,6747607040
SZ002594,2023-04-25T00:00:00.000000,251.00,251.80,242.20,244.30,18741873,4589549568
SZ002594,2023-04-26T00:00:00.000000,243.00,254.54,241.00,251.00,17449204,4353221120
SZ002594,2023-04-27T00:00:00.000000,250.00,258.99,249.55,258.92,24246438,6228404736
SZ002594,2023-04-28T00:00:00.000000,261.47,262.97,254.00,255.86,19194480,4933613056
SZ002594,2023-05-04T00:00:00.000000,255.00,257.61,251.40,252.52,11812427,3002183936
SZ002594,2023-05-05T00:00:00.000000,252.55,253.80,247.95,250.07,10243959,2560075776
SZ002594,2023-05-08T00:00:00.000000,253.00,259.10,252.52,254.03,12162620,3104234496
SZ002594,2023-05-09T00:00:00.000000,250.04,253.36,249.00,250.11,8988483,2253697792
SZ002594,2023-05-10T00:00:00.000000,251.00,262.18,249.20,259.79,25369089,6542224384
SZ002594,2023-05-11T00:00:00.000000,260.77,269.80,258.68,263.75,21423687,5669565952
SZ002594,2023-05-12T00:00:00.000000,266.00,268.25,259.52,260.10,10457353,2750523136
SZ002594,2023-05-15T00:00:00.000000,260.10,266.55,258.70,264.90,13692627,3615695872
SZ002594,2023-05-16T00:00:00.000000,264.39,267.42,263.20,265.13,8163931,2162966784
SZ002594,2023-05-17T00:00:00.000000,264.99,265.80,259.01,261.00,8955605,2336687616
SZ002594,2023-05-18T00:00:00.000000,262.30,263.88,256.56,259.08,10069665,2610927872
SZ002594,2023-05-19T00:00:00.000000,258.18,260.92,256.30,259.18,6010582,1557739648
SZ002594,2023-05-22T00:00:00.000000,260.92,266.00,257.08,265.10,12016521,3160916480
SZ002594,2023-05-23T00:00:00.000000,265.04,266.88,262.93,262.93,9061940,2401159936
SZ002594,2023-05-24T00:00:00.000000,261.60,265.00,259.52,261.91,6809295,1787131264
SZ002594,2023-05-25T00:00:00.000000,261.96,263.85,255.14,255.60,13207895,3413072384
SZ002594,2023-05-26T00:00:00.000000,253.00,253.00,242.80,246.99,18581340,4583194112
SZ002594,2023-05-29T00:00:00.000000,250.00,250.55,242.00,244.93,12472291,3051361280
SZ002594,2023-05-30T00:00:00.000000,245.95,255.00,245.83,252.20,16688058,4201064960
SZ002594,2023-05-31T00:00:00.000000,252.20,254.90,249.65,253.66,11838117,2995495168
SZ002594,2023-06-01T00:00:00.000000,253.66,257.88,253.23,255.45,8673571,2217698816
SZ002594,2023-06-02T00:00:00.000000,257.88,259.59,255.60,259.06,11067975,2854068992
SZ002594,2023-06-05T00:00:00.000000,259.00,259.06,251.67,258.32,10479452,2682476800
SZ002594,2023-06-06T00:00:00.000000,257.95,265.00,256.18,260.88,12898111,3371155456
SZ002594,2023-06-07T00:00:00.000000,262.00,263.44,255.50,256.55,10049028,2598158592
SZ002594,2023-06-08T00:00:00.000000,256.19,258.84,254.47,255.00,6445426,1650438528
SZ002594,2023-06-09T00:00:00.000000,258.80,259.10,252.50,258.00,10748401,2753073920
SZ002594,2023-06-12T00:00:00.000000,256.50,263.00,255.50,260.51,10289121,2682484224
SZ002594,2023-06-13T00:00:00.000000,260.50,262.00,257.13,261.22,8151147,2117925888
SZ002594,2023-06-14T00:00:00.000000,262.68,265.39,261.50,263.00,12577600,3318766848
SZ002594,2023-06-15T00:00:00.000000,263.50,275.01,263.29,271.88,24396107,6622886912
SZ002594,2023-06-16T00:00:00.000000,273.86,275.86,270.00,271.08,15229682,4146755840
SZ002594,2023-06-19T00:00:00.000000,271.08,274.99,267.88,269.21,12356475,3342857472
SZ002594,2023-06-20T00:00:00.000000,269.01,269.20,264.90,268.25,10236616,2734001920
SZ002594,2023-06-21T00:00:00.000000,267.01,273.28,266.25,267.78,10781176,2906861056
SZ002594,2023-06-26T00:00:00.000000,262.43,268.69,262.30,262.89,10151222,2681452544
SZ002594,2023-06-27T00:00:00.000000,262.02,263.85,257.08,260.05,9902865,2570404864
SZ002594,2023-06-28T00:00:00.000000,260.00,262.50,258.10,260.25,5726951,1489543296
SZ002594,2023-06-29T00:00:00.000000,260.25,260.78,255.23,255.70,8348505,2148587008
SZ002594,2023-06-30T00:00:00.000000,254.13,260.00,253.70,258.27,7572436,1952424832
SZ002594,2023-07-03T00:00:00.000000,258.88,269.27,258.88,267.48,16256506,4313305088
SZ002594,2023-07-04T00:00:00.000000,268.50,275.00,266.51,271.50,15712002,4271284224
SZ002594,2023-07-05T00:00:00.000000,271.51,272.48,265.69,267.00,9303313,2493339648
SZ002594,2023-07-06T00:00:00.000000,267.00,272.00,266.80,268.10,8371185,2249759232
SZ002594,2023-07-07T00:00:00.000000,267.00,267.66,264.11,264.40,6219150,1650354304
SZ002594,2023-07-10T00:00:00.000000,267.00,269.50,262.75,263.55,6887762,1824432512
SZ002594,2023-07-11T00:00:00.000000,265.00,270.69,263.80,269.33,10240520,2744333056
SZ002594,2023-07-12T00:00:00.000000,270.50,271.15,264.66,265.61,8703195,2328017152
SZ002594,2023-07-13T00:00:00.000000,267.50,269.50,265.01,267.83,8275301,2213414400
SZ002594,2023-07-14T00:00:00.000000,267.80,267.80,263.50,264.41,10272203,2718639360
SZ002594,2023-07-17T00:00:00.000000,267.00,267.00,262.35,264.49,7892663,2086663808
SZ002594,2023-07-18T00:00:00.000000,265.25,267.57,260.50,265.48,9845648,2603934464
SZ002594,2023-07-19T00:00:00.000000,265.49,265.90,262.74,264.83,5025000,1328126208
SZ002594,2023-07-20T00:00:00.000000,265.50,269.50,264.00,264.95,9127051,2434017280
SZ002594,2023-07-21T00:00:00.000000,264.00,264.80,261.55,264.32,7528703,1979318656
SZ002594,2023-07-24T00:00:00.000000,261.01,262.77,257.49,257.50,9595037,2491708416
SZ002594,2023-07-25T00:00:00.000000,262.68,266.99,262.65,264.59,17388284,4604657664
SZ002594,2023-07-26T00:00:00.000000,263.76,263.76,260.60,262.09,6586488,1723363584
SZ002594,2023-07-27T00:00:00.000000,264.50,265.77,260.80,261.63,11265069,2962230528
SZ002594,2023-07-28T00:00:00.000000,260.00,267.65,258.22,267.00,17330825,4584230912
SZ002594,2023-07-31T00:00:00.000000,270.00,276.58,269.88,272.00,21506016,5874722816
SZ002594,2023-08-01T00:00:00.000000,271.76,272.76,266.50,268.50,12033993,3239067648
SZ002594,2023-08-02T00:00:00.000000,270.70,272.00,266.36,268.00,8739351,2346829312
SZ002594,2023-08-03T00:00:00.000000,267.28,268.48,265.51,268.23,6616988,1766952960
SZ002594,2023-08-04T00:00:00.000000,268.99,270.07,266.65,268.30,8805315,2358257664
SZ002594,2023-08-07T00:00:00.000000,267.93,267.93,265.19,266.99,6420380,1710317696
SZ002594,2023-08-08T00:00:00.000000,265.20,266.50,262.51,263.30,9171188,2419517184
SZ002594,2023-08-09T00:00:00.000000,262.00,263.50,260.23,262.90,7249937,1897124736
SZ002594,2023-08-10T00:00:00.000000,263.00,264.87,260.74,262.70,6001610,1575799680
SZ002594,2023-08-11T00:00:00.000000,262.69,262.70,259.01,259.25,8612528,2242256384
SZ002594,2023-08-14T00:00:00.000000,255.00,256.99,243.49,245.82,25289035,6237439488
SZ002594,2023-08-15T00:00:00.000000,245.82,246.13,241.90,244.54,11502129,2804377856
SZ002594,2023-08-16T00:00:00.000000,243.28,245.50,242.21,244.20,7997936,1953463808
SZ002594,2023-08-17T00:00:00.000000,243.37,246.34,240.40,246.01,8683555,2118628480
SZ002594,2023-08-18T00:00:00.000000,245.56,245.56,240.00,240.29,9846650,2385483776
SZ002594,2023-08-21T00:00:00.000000,239.80,239.88,234.05,234.41,12787920,3022536192
SZ002594,2023-08-22T00:00:00.000000,237.97,238.50,230.90,234.54,11211589,2620973056
SZ002594,2023-08-23T00:00:00.000000,234.54,234.54,230.03,230.09,8123755,1882332032
SZ002594,2023-08-24T00:00:00.000000,231.01,237.00,231.01,234.90,10681059,2501734144
SZ002594,2023-08-25T00:00:00.000000,233.28,234.33,231.50,232.60,6677526,1554436992
SZ002594,2023-08-28T00:00:00.000000,248.00,248.00,234.25,235.53,13352736,3189524736
SZ002594,2023-08-29T00:00:00.000000,236.81,247.50,236.81,246.71,21322346,5201525760
SZ002594,2023-08-30T00:00:00.000000,249.33,251.47,247.84,249.80,15218735,3798606848
SZ002594,2023-08-31T00:00:00.000000,250.51,250.99,248.00,249.40,8873396,2214558976
SZ002594,2023-09-01T00:00:00.000000,253.00,254.47,248.00,249.12,7777183,1949444096
SZ002594,2023-09-04T00:00:00.000000,251.60,253.00,248.88,252.45,9651160,2427791360
SZ002594,2023-09-05T00:00:00.000000,252.20,252.20,248.69,249.03,7457050,1864915968
SZ002594,2023-09-06T00:00:00.000000,250.00,252.30,249.30,250.45,6592856,1653726080
SZ002594,2023-09-07T00:00:00.000000,250.42,250.42,248.11,248.40,6091302,1517662848
SZ002594,2023-09-08T00:00:00.000000,247.01,247.01,242.69,244.05,6763440,1651599232
SZ002594,2023-09-11T00:00:00.000000,243.70,248.50,242.20,247.01,7651344,1876707072
SZ002594,2023-09-12T00:00:00.000000,248.70,253.37,247.10,251.99,11953240,3004363264
SZ002594,2023-09-13T00:00:00.000000,252.00,254.28,250.40,251.55,9147897,2305292032
SZ002594,2023-09-14T00:00:00.000000,246.80,246.95,242.00,243.63,15258025,3722930944
SZ002594,2023-09-15T00:00:00.000000,244.00,246.84,241.51,244.29,8225595,2010812288
SZ002594,2023-09-18T00:00:00.000000,244.50,251.20,244.29,247.38,9640522,2395846400
SZ002594,2023-09-19T00:00:00.000000,246.00,248.28,243.80,247.17,6239693,1533948928
SZ002594,2023-09-20T00:00:00.000000,245.00,246.28,244.00,244.00,5449710,1332673920
SZ002594,2023-09-21T00:00:00.000000,243.00,243.87,238.55,239.68,9296462,2232606208
SZ002594,2023-09-22T00:00:00.000000,239.52,245.66,238.50,245.05,9676396,2356419328
SZ002594,2023-09-25T00:00:00.000000,246.83,246.98,244.35,245.80,6478680,1592828416
SZ002594,2023-09-26T00:00:00.000000,245.00,245.00,238.30,238.50,11846263,2846103808
SZ002594,2023-09-27T00:00:00.000000,239.11,242.22,237.79,237.83,7573367,1808518912
SZ002594,2023-09-28T00:00:00.000000,238.80,239.50,236.05,236.70,8525768,2022931200
SZ002594,2023-10-09T00:00:00.000000,236.70,238.51,229.66,237.97,9179071,2162900224
SZ002594,2023-10-10T00:00:00.000000,237.96,240.02,237.00,237.91,6393661,1524841088
SZ002594,2023-10-11T00:00:00.000000,241.96,242.50,238.00,238.59,7668373,1838353024
SZ002594,2023-10-12T00:00:00.000000,240.40,245.50,239.00,244.45,13934094,3391600128
SZ002594,2023-10-13T00:00:00.000000,241.90,242.77,239.80,240.36,6644523,1598611968
SZ002594,2023-10-16T00:00:00.000000,240.40,241.08,236.50,237.51,6602221,1573224704
SZ002594,2023-10-17T00:00:00.000000,237.52,239.99,236.50,238.00,4916359,1169236096
SZ002594,2023-10-18T00:00:00.000000,245.60,251.00,244.00,249.07,30786284,7646061568
SZ002594,2023-10-19T00:00:00.000000,246.95,247.97,240.34,240.60,14775328,3595894528
SZ002594,2023-10-20T00:00:00.000000,240.00,241.80,238.21,239.20,8565861,2050294912
SZ002594,2023-10-23T00:00:00.000000,240.00,240.00,236.20,238.65,7353683,1747793920
SZ002594,2023-10-24T00:00:00.000000,239.30,240.50,234.67,235.55,11077892,2614866688
SZ002594,2023-10-25T00:00:00.000000,237.97,240.01,236.22,237.40,8367573,1993861888
SZ002594,2023-10-26T00:00:00.000000,236.06,238.80,235.70,238.61,7319935,1738279552
SZ002594,2023-10-27T00:00:00.000000,238.00,243.50,237.52,241.95,10320556,2490630400
SZ002594,2023-10-30T00:00:00.000000,239.51,244.99,238.70,244.60,11729547,2849732864
SZ002594,2023-10-31T00:00:00.000000,243.50,243.99,237.50,238.54,12720475,3044814848
SZ002594,2023-11-01T00:00:00.000000,238.00,238.00,235.42,236.20,9339042,2206820608
SZ002594,2023-11-02T00:00:00.000000,237.86,237.88,234.80,234.80,8541416,2015702272
SZ002594,2023-11-03T00:00:00.000000,235.51,239.15,234.88,238.65,9067942,2154652416
SZ002594,2023-11-06T00:00:00.000000,240.51,243.43,240.00,242.90,14354786,3472633600
SZ002594,2023-11-07T00:00:00.000000,243.00,244.30,240.51,240.97,9451293,2287202304
SZ002594,2023-11-08T00:00:00.000000,240.36,240.86,239.18,240.00,8012814,1921682176
SZ002594,2023-11-09T00:00:00.000000,240.00,240.75,238.34,239.30,7318274,1750698752
SZ002594,2023-11-10T00:00:00.000000,239.00,239.00,235.66,236.96,8190190,1940054016
SZ002594,2023-11-13T00:00:00.000000,237.88,238.18,235.10,237.12,6973846,1649216000
SZ002594,2023-11-14T00:00:00.000000,237.30,238.20,236.60,237.63,5521655,1310694912
SZ002594,2023-11-15T00:00:00.000000,239.90,240.00,238.30,238.64,7869167,1881360640
SZ002594,2023-11-16T00:00:00.000000,239.80,239.80,237.22,238.30,6169007,1471253120
SZ002594,2023-11-17T00:00:00.000000,237.00,238.59,236.00,236.76,5946229,1408060160
SZ002594,2023-11-20T00:00:00.000000,235.80,236.50,234.58,235.00,7677094,1804923904
SZ002594,2023-11-21T00:00:00.000000,235.69,236.68,233.66,234.20,8238634,1937039104
SZ002594,2023-11-22T00:00:00.000000,233.50,233.50,229.88,230.00,10557108,2440478720
SZ002594,2023-11-23T00:00:00.000000,230.50,231.28,227.12,228.83,10576394,2425947648
SZ002594,2023-11-24T00:00:00.000000,228.80,228.80,215.40,216.85,28065948,6162803712
SZ002594,2023-11-27T00:00:00.000000,212.00,212.00,205.00,208.90,21548087,4487132160
SZ002594,2023-11-28T00:00:00.000000,208.92,211.77,207.01,209.91,12221143,2562912256
SZ002594,2023-11-29T00:00:00.000000,209.88,209.90,201.39,201.98,21924630,4464902144
SZ002594,2023-11-30T00:00:00.000000,201.60,202.73,198.45,199.15,18724215,3745049088
SZ002594,2023-12-01T00:00:00.000000,200.48,200.82,192.81,197.05,19418985,3799477760
SZ002594,2023-12-04T00:00:00.000000,197.05,199.29,193.60,196.39,11761315,2317283584
SZ002594,2023-12-05T00:00:00.000000,197.00,199.96,195.61,196.34,15237247,3021632256
SZ002594,2023-12-06T00:00:00.000000,196.35,201.24,196.00,201.19,17634737,3523669760
SZ002594,2023-12-07T00:00:00.000000,201.19,201.20,197.30,199.45,10316924,2051259520
SZ002594,2023-12-08T00:00:00.000000,199.03,200.36,198.32,198.55,7770019,1547061888
SZ002594,2023-12-11T00:00:00.000000,196.75,199.58,194.64,199.19,10108635,1989856384
SZ002594,2023-12-12T00:00:00.000000,198.18,198.73,196.12,196.33,7979721,1572793728
SZ002594,2023-12-13T00:00:00.000000,195.82,195.82,191.72,191.80,11753492,2270646784
SZ002594,2023-12-14T00:00:00.000000,193.00,196.18,191.11,191.18,9249670,1787086976
SZ002594,2023-12-15T00:00:00.000000,193.08,194.39,191.08,193.28,10184134,1966549120
SZ002594,2023-12-18T00:00:00.000000,191.06,192.50,188.31,189.06,10051147,1906643072
SZ002594,2023-12-19T00:00:00.000000,188.53,188.68,186.16,188.00,7936972,1487629696
SZ002594,2023-12-20T00:00:00.000000,188.33,189.33,184.87,184.88,8492482,1585187712
SZ002594,2023-12-21T00:00:00.000000,183.33,189.98,182.85,189.68,13314943,2494209024
SZ002594,2023-12-22T00:00:00.000000,189.90,195.38,188.04,192.25,11799766,2267509760
SZ002594,2023-12-25T00:00:00.000000,193.00,194.20,190.21,192.18,5376986,1032287296
SZ002594,2023-12-26T00:00:00.000000,192.16,192.16,190.00,191.75,4138033,790091008
SZ002594,2023-12-27T00:00:00.000000,193.00,193.50,190.70,191.45,6136402,1174486144
SZ002594,2023-12-28T00:00:00.000000,191.03,198.66,190.66,198.05,13877780,2722971136
SZ002594,2023-12-29T00:00:00.000000,198.97,199.80,197.15,198.00,8036729,1591969792
SZ002594,2024-01-02T00:00:00.000000,199.61,199.62,192.37,192.60,11392832,2212162304
SZ002594,2024-01-03T00:00:00.000000,192.50,193.87,190.70,193.17,8448596,1624093056
SZ002594,2024-01-04T00:00:00.000000,194.34,194.65,191.10,193.02,8987036,1731882112
SZ002594,2024-01-05T00:00:00.000000,192.47,197.50,191.13,192.68,11240188,2187835648
SZ002594,2024-01-08T00:00:00.000000,192.80,193.66,189.15,189.40,8107839,1543893888
SZ002594,2024-01-09T00:00:00.000000,191.00,196.00,190.20,192.86,11218651,2167747840
SZ002594,2024-01-10T00:00:00.000000,191.70,193.30,189.60,190.29,7141623,1364589184
SZ002594,2024-01-11T00:00:00.000000,190.20,198.70,188.81,196.78,15986174,3120354816
SZ002594,2024-01-12T00:00:00.000000,196.78,198.25,195.29,195.87,8702264,1711086592
SZ002594,2024-01-15T00:00:00.000000,194.72,197.00,192.42,194.61,7021993,1364639744
SZ002594,2024-01-16T00:00:00.000000,193.90,196.55,193.07,195.30,8380860,1633959552
SZ002594,2024-01-17T00:00:00.000000,194.20,194.55,186.80,186.80,16079471,3050944512
SZ002594,2024-01-18T00:00:00.000000,185.65,191.00,184.91,190.48,11459165,2150839552
SZ002594,2024-01-19T00:00:00.000000,189.49,192.96,188.70,189.34,8090516,1540978176
SZ002594,2024-01-22T00:00:00.000000,188.87,191.30,184.56,185.34,13223973,2487370752
SZ002594,2024-01-23T00:00:00.000000,185.00,188.96,184.30,187.85,11072562,2072060544
SZ002594,2024-01-24T00:00:00.000000,189.28,189.85,184.08,188.70,9664121,1805379328
SZ002594,2024-01-25T00:00:00.000000,188.88,190.90,185.66,189.90,13076908,2470818560
SZ002594,2024-01-26T00:00:00.000000,189.00,189.00,185.50,185.86,11585464,2160578304
SZ002594,2024-01-29T00:00:00.000000,185.90,186.00,178.31,178.44,14604252,2647388160
SZ002594,2024-01-30T00:00:00.000000,173.08,175.48,170.30,171.97,19076118,3296016896
SZ002594,2024-01-31T00:00:00.000000,171.09,175.28,170.32,170.73,12536841,2155163648
SZ002594,2024-02-01T00:00:00.000000,170.00,173.00,168.36,170.89,11665074,1996429696
SZ002594,2024-02-02T00:00:00.000000,170.96,171.88,163.01,167.00,14799171,2485326336
SZ002594,2024-02-05T00:00:00.000000,165.00,171.78,162.77,168.00,18621620,3122618368
SZ002594,2024-02-06T00:00:00.000000,166.00,176.11,165.50,175.87,17618975,3054635520
SZ002594,2024-02-07T00:00:00.000000,177.25,183.00,176.10,179.56,16009370,2880398848
SZ002594,2024-02-08T00:00:00.000000,181.49,183.35,180.70,181.17,11924566,2168509184
SZ002594,2024-02-19T00:00:00.000000,183.88,185.35,181.84,183.50,11968707,2192419584
SZ002594,2024-02-20T00:00:00.000000,183.50,183.68,177.00,179.02,11335736,2023820032
SZ002594,2024-02-21T00:00:00.000000,177.10,185.60,176.66,183.00,14769298,2700340992
SZ002594,2024-02-22T00:00:00.000000,182.90,183.64,181.26,182.99,8090613,1476863360
SZ002594,2024-02-23T00:00:00.000000,182.99,183.99,180.83,182.68,9117490,1660682368
SZ002594,2024-02-26T00:00:00.000000,186.00,190.13,185.55,186.00,15546076,2912982272
SZ002594,2024-02-27T00:00:00.000000,187.45,193.93,187.20,193.70,20634265,3958101760
SZ002594,2024-02-28T00:00:00.000000,196.00,196.52,188.00,188.00,16829153,3223632128
SZ002594,2024-02-29T00:00:00.000000,187.01,191.61,186.19,191.20,12236289,2323915776
SZ002594,2024-03-01T00:00:00.000000,190.90,192.98,188.77,192.18,12215828,2336111360
SZ002594,2024-03-04T00:00:00.000000,190.00,191.70,188.10,189.27,12686510,2401200128
SZ002594,2024-03-05T00:00:00.000000,187.50,191.65,185.50,190.82,14962443,2826124032
SZ002594,2024-03-06T00:00:00.000000,190.00,192.98,189.00,191.65,10010040,1914828160
SZ002594,2024-03-07T00:00:00.000000,192.06,193.96,188.80,188.89,10132688,1935953152
SZ002594,2024-03-08T00:00:00.000000,188.30,190.15,187.25,188.09,6714968,1263993344
SZ002594,2024-03-11T00:00:00.000000,188.00,199.90,188.00,198.74,27808046,5440726528
SZ002594,2024-03-12T00:00:00.000000,201.00,206.66,197.77,205.10,24502892,4958824448
SZ002594,2024-03-13T00:00:00.000000,206.92,210.40,205.83,206.36,17781291,3691839488
SZ002594,2024-03-14T00:00:00.000000,208.42,215.36,208.42,212.08,21135219,4497085952
SZ002594,2024-03-15T00:00:00.000000,210.00,211.38,206.18,209.47,14662802,3057950720
SZ002594,2024-03-18T00:00:00.000000,211.85,218.25,211.61,218.03,19698182,4250885888
SZ002594,2024-03-19T00:00:00.000000,218.03,219.85,214.39,216.80,14697268,3194716160
SZ002594,2024-03-20T00:00:00.000000,217.01,220.78,217.01,218.48,9680523,2118610304
SZ002594,2024-03-21T00:00:00.000000,218.92,219.80,217.00,218.95,8866709,1938901120
SZ002594,2024-03-22T00:00:00.000000,218.95,218.97,215.20,216.95,10467161,2266796544
SZ002594,2024-03-25T00:00:00.000000,216.37,217.79,212.85,214.20,9910940,2133902464
SZ002594,2024-03-26T00:00:00.000000,216.00,219.99,215.27,219.60,13134627,2864082688
SZ002594,2024-03-27T00:00:00.000000,219.61,219.70,210.01,211.98,18884898,4058093312
SZ002594,2024-03-28T00:00:00.000000,209.85,211.84,206.01,208.38,15943531,3327175168
SZ002594,2024-03-29T00:00:00.000000,208.43,208.52,201.17,203.06,14138108,2873380608
SZ002594,2024-04-01T00:00:00.000000,203.06,212.98,203.06,212.01,14290927,2995671808
SZ002594,2024-04-02T00:00:00.000000,212.01,217.30,211.80,212.34,10758479,2301699072
SZ002594,2024-04-03T00:00:00.000000,210.50,211.11,207.55,208.16,8363379,1747159168
SZ002594,2024-04-08T00:00:00.000000,207.00,215.00,206.39,212.00,12822718,2722271488
SZ002594,2024-04-09T00:00:00.000000,211.75,214.99,211.35,212.08,8420846,1791256320
SZ002594,2024-04-10T00:00:00.000000,214.30,214.50,210.00,211.84,7241085,1537375488
SZ002594,2024-04-11T00:00:00.000000,209.00,215.44,207.80,212.98,10085395,2130444800
SZ002594,2024-04-12T00:00:00.000000,212.00,217.19,209.54,210.60,11491789,2453371136
SZ002594,2024-04-15T00:00:00.000000,210.00,215.50,209.09,213.62,11333192,2418635264
SZ002594,2024-04-16T00:00:00.000000,212.40,215.35,210.71,211.63,9832304,2090984704
SZ002594,2024-04-17T00:00:00.000000,211.00,213.18,209.60,213.00,9692162,2046775936
SZ002594,2024-04-18T00:00:00.000000,212.00,216.50,209.40,213.60,13399756,2863779584
SZ002594,2024-04-19T00:00:00.000000,212.19,212.87,207.06,210.13,11177043,2342512384
SZ002594,2024-04-22T00:00:00.000000,210.00,211.53,208.10,208.56,6469478,1353616000
SZ002594,2024-04-23T00:00:00.000000,208.55,208.56,203.99,205.04,8729994,1793533824
SZ002594,2024-04-24T00:00:00.000000,206.89,208.80,204.50,207.42,7497892,1546983936
SZ002594,2024-04-25T00:00:00.000000,207.40,211.51,206.62,208.94,9468384,1980120704
SZ002594,2024-04-26T00:00:00.000000,210.00,219.76,210.00,219.37,25345378,5502292480
SZ002594,2024-04-29T00:00:00.000000,221.08,225.40,218.73,221.38,19167593,4256800000
SZ002594,2024-04-30T00:00:00.000000,223.50,224.38,218.50,218.50,11555966,2542063104
SZ002594,2024-05-06T00:00:00.000000,225.00,228.39,223.50,226.30,18677887,4226418432
SZ002594,2024-05-07T00:00:00.000000,226.30,231.99,224.04,229.88,14419048,3301364224
SZ002594,2024-05-08T00:00:00.000000,228.54,228.88,226.00,226.23,9113178,2070673792
SZ002594,2024-05-09T00:00:00.000000,226.30,228.40,226.15,228.15,7900735,1796491136
SZ002594,2024-05-10T00:00:00.000000,227.00,229.52,226.00,227.80,8061330,1833828096
SZ002594,2024-05-13T00:00:00.000000,225.20,227.36,222.58,225.70,8248116,1857506944
SZ002594,2024-05-14T00:00:00.000000,225.71,227.57,224.11,224.91,6261853,1414943488
SZ002594,2024-05-15T00:00:00.000000,224.50,226.00,218.30,219.14,9973351,2204936704
SZ002594,2024-05-16T00:00:00.000000,219.15,219.96,216.61,218.31,8715722,1901165696
SZ002594,2024-05-17T00:00:00.000000,219.39,220.33,217.66,219.59,7148666,1564639104
SZ002594,2024-05-20T00:00:00.000000,218.48,224.00,218.48,222.87,7595857,1688534400
SZ002594,2024-05-21T00:00:00.000000,221.98,221.99,217.42,218.78,8408043,1838619392
SZ002594,2024-05-22T00:00:00.000000,218.19,219.50,215.16,216.92,8839817,1916325760
SZ002594,2024-05-23T00:00:00.000000,215.85,215.85,213.51,214.95,6228723,1336506240
SZ002594,2024-05-24T00:00:00.000000,213.98,214.00,208.80,209.30,10287552,2166851328
SZ002594,2024-05-27T00:00:00.000000,210.00,210.80,206.60,208.35,7604551,1580461952
SZ002594,2024-05-28T00:00:00.000000,208.80,208.91,206.58,207.38,6094646,1265112448
SZ002594,2024-05-29T00:00:00.000000,211.00,226.00,210.99,224.70,30264777,6633165312
SZ002594,2024-05-30T00:00:00.000000,224.42,229.38,223.90,227.86,22379181,5070762496
SZ002594,2024-05-31T00:00:00.000000,228.80,231.60,226.99,229.02,18542984,4264400640
SZ002594,2024-06-03T00:00:00.000000,229.01,240.48,225.99,237.10,27014589,6370453504
SZ002594,2024-06-04T00:00:00.000000,236.90,239.80,235.95,238.15,15742916,3744672000
SZ002594,2024-06-05T00:00:00.000000,238.48,246.30,238.48,240.79,19443395,4732184064
SZ002594,2024-06-06T00:00:00.000000,241.20,243.80,237.50,238.50,17586542,4227834880
SZ002594,2024-06-07T00:00:00.000000,239.03,241.39,232.13,235.50,18259398,4304211456
SZ002594,2024-06-11T00:00:00.000000,234.63,246.00,234.33,244.63,22159693,5386277888
SZ002594,2024-06-12T00:00:00.000000,241.63,247.55,241.63,242.90,18733197,4573252096
SZ002594,2024-06-13T00:00:00.000000,248.80,258.28,248.11,252.99,29251928,7423395328
SZ002594,2024-06-14T00:00:00.000000,251.48,253.93,246.53,253.05,20260976,5066108928
SZ002594,2024-06-17T00:00:00.000000,252.00,259.87,250.87,257.21,20864880,5371512832
SZ002594,2024-06-18T00:00:00.000000,255.60,257.30,253.00,255.64,12878911,3282495488
SZ002594,2024-06-19T00:00:00.000000,256.00,258.00,253.41,254.00,9910811,2529117440
SZ002594,2024-06-20T00:00:00.000000,252.88,253.77,249.30,251.50,11619994,2921099008
SZ002594,2024-06-21T00:00:00.000000,251.99,254.37,247.81,250.67,11633012,2916085504
SZ002594,2024-06-24T00:00:00.000000,250.00,253.98,247.78,249.94,10842302,2719528704
SZ002594,2024-06-25T00:00:00.000000,252.00,258.74,250.36,254.01,19574643,4998561792
SZ002594,2024-06-26T00:00:00.000000,252.00,254.30,249.38,252.72,11191676,2814435328
SZ002594,2024-06-27T00:00:00.000000,251.02,252.36,248.42,249.50,8291084,2074271488
SZ002594,2024-06-28T00:00:00.000000,248.00,252.13,246.88,250.25,9298207,2324520960
SZ002594,2024-07-01T00:00:00.000000,250.25,251.85,242.50,246.80,12927332,3179627776
SZ002594,2024-07-02T00:00:00.000000,246.87,247.70,243.05,243.97,10262737,2515326208
SZ002594,2024-07-03T00:00:00.000000,243.96,245.38,240.00,243.10,9657403,2340645376
SZ002594,2024-07-04T00:00:00.000000,245.00,249.69,244.50,244.63,9919634,2449191936
SZ002594,2024-07-05T00:00:00.000000,243.17,244.50,238.88,242.03,9566478,2308221440
SZ002594,2024-07-08T00:00:00.000000,241.80,248.22,241.18,244.99,10537466,2591239936
SZ002594,2024-07-09T00:00:00.000000,245.20,253.51,241.51,252.60,14076255,3506898688
SZ002594,2024-07-10T00:00:00.000000,252.49,256.53,251.50,252.50,10928256,2767913728
SZ002594,2024-07-11T00:00:00.000000,255.00,256.26,251.68,253.06,10035945,2546645248
SZ002594,2024-07-12T00:00:00.000000,253.52,264.00,251.89,262.62,18886322,4891988480
SZ002594,2024-07-15T00:00:00.000000,262.30,264.80,260.61,261.71,9871552,2590423552
SZ002594,2024-07-16T00:00:00.000000,260.61,262.20,256.35,258.99,11758768,3043326208
SZ002594,2024-07-17T00:00:00.000000,259.00,261.52,256.62,259.51,10519171,2726321408
SZ002594,2024-07-18T00:00:00.000000,257.90,262.90,257.51,261.43,9532204,2487441664
SZ002594,2024-07-19T00:00:00.000000,260.50,266.00,259.74,264.06,13621379,3593320448
SZ002594,2024-07-22T00:00:00.000000,264.10,270.10,264.10,265.61,10074955,2688874240
SZ002594,2024-07-23T00:00:00.000000,264.99,265.41,253.00,253.23,16741049,4318283776
SZ002594,2024-07-24T00:00:00.000000,253.23,255.15,248.49,249.99,11864005,2976544512
SZ002594,2024-07-25T00:00:00.000000,249.97,254.54,247.50,250.39,10110420,2533958400
SZ002594,2024-07-26T00:00:00.000000,252.97,257.63,251.15,254.95,12484165,3180235008
SZ002594,2024-07-29T00:00:00.000000,252.93,253.00,246.58,249.10,7885932,1960649984
SZ002594,2024-07-30T00:00:00.000000,247.59,247.80,241.62,243.91,11039339,2686057472
SZ002594,2024-07-31T00:00:00.000000,242.61,248.02,242.57,247.05,8749003,2153504512
SZ002594,2024-08-01T00:00:00.000000,248.00,248.74,240.00,244.20,10363488,2519341312
SZ002594,2024-08-02T00:00:00.000000,241.99,242.26,234.60,234.78,14567117,3453944576
SZ002594,2024-08-05T00:00:00.000000,230.84,236.67,230.01,231.18,10526835,2457359616
SZ002594,2024-08-06T00:00:00.000000,234.00,234.62,225.98,228.94,12910151,2955783936
SZ002594,2024-08-07T00:00:00.000000,229.04,231.00,226.47,228.95,8202186,1882919936
SZ002594,2024-08-08T00:00:00.000000,227.80,227.80,223.50,226.45,8535741,1925911424
SZ002594,2024-08-09T00:00:00.000000,228.06,235.88,228.04,231.62,11985218,2790790656
SZ002594,2024-08-12T00:00:00.000000,232.01,233.49,229.50,230.40,5377901,1242071552
SZ002594,2024-08-13T00:00:00.000000,230.36,230.39,226.00,228.73,6043650,1378452608
SZ002594,2024-08-14T00:00:00.000000,228.60,228.60,225.20,226.60,5632985,1276584704
SZ002594,2024-08-15T00:00:00.000000,226.57,232.50,224.88,231.49,8854538,2039684352
SZ002594,2024-08-16T00:00:00.000000,232.11,238.32,230.50,235.11,10221858,2406276096
SZ002594,2024-08-19T00:00:00.000000,235.25,238.98,235.01,235.42,7018242,1662452480
SZ002594,2024-08-20T00:00:00.000000,236.00,237.33,233.43,236.48,6248422,1475807616
SZ002594,2024-08-21T00:00:00.000000,234.66,243.13,232.00,241.00,11104338,2658947584
SZ002594,2024-08-22T00:00:00.000000,241.00,242.77,239.62,240.52,6248845,1506260864
SZ002594,2024-08-23T00:00:00.000000,239.80,241.30,238.15,239.34,4978602,1193437056
SZ002594,2024-08-26T00:00:00.000000,239.50,243.00,237.71,239.41,5651342,1354660352
SZ002594,2024-08-27T00:00:00.000000,237.51,241.28,236.50,240.80,5092646,1219257984
SZ002594,2024-08-28T00:00:00.000000,240.27,240.28,232.80,236.85,8904070,2098577152
SZ002594,2024-08-29T00:00:00.000000,233.33,236.50,231.30,234.85,7938487,1858678016
SZ002594,2024-08-30T00:00:00.000000,237.98,251.79,237.26,249.42,19302792,4764660224
SZ002594,2024-09-02T00:00:00.000000,248.02,250.42,241.00,241.10,10113482,2468600832
SZ002594,2024-09-03T00:00:00.000000,240.40,247.45,240.40,247.08,10181990,2497421824
SZ002594,2024-09-04T00:00:00.000000,245.50,251.90,245.44,250.32,10060596,2506778368
SZ002594,2024-09-05T00:00:00.000000,250.00,255.60,249.60,252.85,10012555,2542189312
SZ002594,2024-09-06T00:00:00.000000,252.86,255.10,251.42,251.60,7814152,1982244992
SZ002594,2024-09-09T00:00:00.000000,249.48,253.96,248.58,249.98,7085126,1774845184
SZ002594,2024-09-10T00:00:00.000000,250.00,252.80,248.62,249.65,6124829,1533462784
SZ002594,2024-09-11T00:00:00.000000,250.00,260.60,249.44,258.10,15536148,4001604096
SZ002594,2024-09-12T00:00:00.000000,258.70,260.00,257.00,257.01,7725108,1995755904
SZ002594,2024-09-13T00:00:00.000000,257.20,258.00,254.85,254.99,5699161,1458587904
SZ002594,2024-09-18T00:00:00.000000,255.02,259.33,254.10,258.43,6681981,1715595520
SZ002594,2024-09-19T00:00:00.000000,259.01,259.38,253.30,255.36,9104323,2326365440
SZ002594,2024-09-20T00:00:00.000000,255.38,258.80,252.88,256.10,8989793,2292829696
SZ002594,2024-09-23T00:00:00.000000,255.95,256.96,248.79,250.00,10758273,2712153600
SZ002594,2024-09-24T00:00:00.000000,253.00,255.50,246.76,254.29,15649454,3949080832
SZ002594,2024-09-25T00:00:00.000000,258.00,269.66,257.66,262.80,20571034,5442652160
SZ002594,2024-09-26T00:00:00.000000,264.00,269.70,262.10,269.61,14906641,3960197888
SZ002594,2024-09-27T00:00:00.000000,273.00,291.99,271.50,283.99,30992240,8683448320
SZ002594,2024-09-30T00:00:00.000000,290.00,308.08,290.00,307.31,38880459,11640545280
SZ002594,2024-10-08T00:00:00.000000,338.04,338.04,307.31,327.38,44343939,14484952064
SZ002594,2024-10-09T00:00:00.000000,315.00,320.71,300.50,305.69,32591858,10166970368
SZ002594,2024-10-10T00:00:00.000000,310.00,322.00,309.98,315.89,25016687,7918647296
SZ002594,2024-10-11T00:00:00.000000,314.02,314.02,296.01,300.05,18641849,5671879168
SZ002594,2024-10-14T00:00:00.000000,300.99,309.98,300.20,307.00,17236482,5268100608
SZ002594,2024-10-15T00:00:00.000000,305.50,308.38,298.00,298.00,12214902,3695577344
SZ002594,2024-10-16T00:00:00.000000,293.00,295.98,287.00,289.79,15032187,4362898944
SZ002594,2024-10-17T00:00:00.000000,292.51,297.85,289.12,289.42,10245654,3005198848
SZ002594,2024-10-18T00:00:00.000000,289.45,306.20,288.08,300.30,19109242,5674148352
SZ002594,2024-10-21T00:00:00.000000,303.00,308.60,300.90,306.45,15781602,4819617280
SZ002594,2024-10-22T00:00:00.000000,305.00,310.12,303.00,304.75,10373266,3174859520
SZ002594,2024-10-23T00:00:00.000000,304.75,311.80,302.68,308.88,12669500,3911383552
SZ002594,2024-10-24T00:00:00.000000,308.88,309.97,302.58,303.68,9688514,2959755264
SZ002594,2024-10-25T00:00:00.000000,304.00,311.80,304.00,308.14,13982037,4306245120
SZ002594,2024-10-28T00:00:00.000000,309.00,309.00,301.75,305.10,10932439,3323177984
SZ002594,2024-10-29T00:00:00.000000,309.00,310.28,303.80,305.40,11854561,3635542272
SZ002594,2024-10-30T00:00:00.000000,303.00,307.51,301.50,305.55,10844820,3301164288
SZ002594,2024-10-31T00:00:00.000000,302.01,302.99,293.00,293.19,24085199,7127704576
SZ002594,2024-11-01T00:00:00.000000,293.20,295.60,290.10,290.31,14304086,4174457344
SZ002594,2024-11-04T00:00:00.000000,296.00,308.92,295.61,306.98,21731889,6600399872
SZ002594,2024-11-05T00:00:00.000000,304.06,308.44,300.50,307.50,16781998,5124245504
SZ002594,2024-11-06T00:00:00.000000,308.00,309.75,298.00,300.36,18486120,5611830784
SZ002594,2024-11-07T00:00:00.000000,295.03,301.88,294.00,301.78,15067592,4484369920
SZ002594,2024-11-08T00:00:00.000000,307.12,307.52,297.00,297.90,16671572,5022195712
SZ002594,2024-11-11T00:00:00.000000,295.00,299.47,292.60,299.29,18085930,5349191168
SZ002594,2024-11-12T00:00:00.000000,300.15,310.00,299.31,300.81,24655746,7520312832
SZ002594,2024-11-13T00:00:00.000000,298.00,301.33,295.30,300.57,14511579,4326957568
SZ002594,2024-11-14T00:00:00.000000,300.00,300.30,294.00,294.75,12458290,3690676736
SZ002594,2024-11-15T00:00:00.000000,294.79,295.79,288.02,290.00,15323594,4471450112
SZ002594,2024-11-18T00:00:00.000000,290.01,292.95,286.66,288.68,11620595,3364288768
SZ002594,2024-11-19T00:00:00.000000,288.68,291.48,282.02,287.99,13194669,3785016832
SZ002594,2024-11-20T00:00:00.000000,288.01,290.40,285.50,288.46,10601693,3049973760
SZ002594,2024-11-21T00:00:00.000000,288.47,288.49,284.00,286.00,9553294,2727229952
SZ002594,2024-11-22T00:00:00.000000,285.50,285.86,278.00,278.49,12514178,3529972992
SZ002594,2024-11-25T00:00:00.000000,283.00,289.36,280.89,283.00,17453315,4981714432
SZ002594,2024-11-26T00:00:00.000000,280.00,286.00,277.88,281.01,9520645,2686423296
SZ002594,2024-11-27T00:00:00.000000,279.28,281.00,277.00,281.00,11000281,3068303872
SZ002594,2024-11-28T00:00:00.000000,281.20,281.56,273.00,274.58,15858922,4365778944
SZ002594,2024-11-29T00:00:00.000000,273.00,277.88,272.05,274.83,12800460,3516186112
SZ002594,2024-12-02T00:00:00.000000,276.61,284.00,274.08,282.40,15135721,4255616768
SZ002594,2024-12-03T00:00:00.000000,284.80,285.88,280.58,282.65,9144971,2585319936
SZ002594,2024-12-04T00:00:00.000000,281.34,283.33,278.80,279.98,8501286,2389152000
SZ002594,2024-12-05T00:00:00.000000,277.19,278.48,274.31,275.26,9026771,2486214912
SZ002594,2024-12-06T00:00:00.000000,275.67,281.98,274.01,280.28,12469840,3469413120
SZ002594,2024-12-09T00:00:00.000000,279.23,283.99,277.68,280.49,9215268,2590143488
SZ002594,2024-12-10T00:00:00.000000,293.00,294.00,282.00,282.55,17592915,5057037312
SZ002594,2024-12-11T00:00:00.000000,282.03,283.87,279.40,280.77,9335988,2623997184
SZ002594,2024-12-12T00:00:00.000000,280.10,283.68,278.40,283.68,10013395,2816817920
SZ002594,2024-12-13T00:00:00.000000,281.33,281.62,276.42,276.51,11235863,3130392576
SZ002594,2024-12-16T00:00:00.000000,276.52,278.18,273.58,274.95,7149026,1967314560
SZ002594,2024-12-17T00:00:00.000000,274.92,285.66,273.98,282.80,17568207,4960329728
SZ002594,2024-12-18T00:00:00.000000,283.25,286.88,282.63,284.65,8410638,2397657856
SZ002594,2024-12-19T00:00:00.000000,281.81,286.94,280.00,285.40,8672852,2465377280
SZ002594,2024-12-20T00:00:00.000000,285.01,286.75,280.20,280.20,9670711,2730667008
SZ002594,2024-12-23T00:00:00.000000,280.50,283.29,278.88,280.70,8151596,2291275776
SZ002594,2024-12-24T00:00:00.000000,279.89,288.51,279.13,288.42,14228738,4072070400
SZ002594,2024-12-25T00:00:00.000000,288.73,291.36,285.70,285.92,8339103,2405517056
SZ002594,2024-12-26T00:00:00.000000,285.92,286.80,284.00,284.86,6760455,1928774400
SZ002594,2024-12-27T00:00:00.000000,286.80,287.55,283.00,286.28,7868319,2249658112
SZ002594,2024-12-30T00:00:00.000000,287.20,289.50,283.33,284.99,8294681,2371257344
SZ002594,2024-12-31T00:00:00.000000,285.00,286.50,282.00,282.66,7761976,2201903360
SZ002594,2025-01-02T00:00:00.000000,283.00,283.08,269.42,271.10,16878404,4624073728
SZ002594,2025-01-03T00:00:00.000000,271.50,274.59,268.24,270.73,9936476,2693072128
SZ002594,2025-01-06T00:00:00.000000,271.94,273.89,269.03,271.28,8244683,2236590080
SZ002594,2025-01-07T00:00:00.000000,271.28,277.73,267.50,274.03,9572218,2627167232
SZ002594,2025-01-08T00:00:00.000000,272.99,273.99,265.81,269.18,10908247,2933447168
SZ002594,2025-01-09T00:00:00.000000,269.00,271.70,266.66,269.39,6561288,1766873728
SZ002594,2025-01-10T00:00:00.000000,269.00,270.39,264.78,266.02,8054821,2147363072
SZ002594,2025-01-13T00:00:00.000000,263.00,268.47,262.21,266.00,6721375,1787448704
SZ002594,2025-01-14T00:00:00.000000,266.34,277.15,266.01,276.30,12578973,3438827520
SZ002594,2025-01-15T00:00:00.000000,276.20,277.31,274.50,274.69,6233583,1718769152
SZ002594,2025-01-16T00:00:00.000000,274.70,277.33,270.53,272.76,7257175,1984685696
SZ002594,2025-01-17T00:00:00.000000,273.52,279.20,272.48,276.60,8614153,2376770816
SZ002594,2025-01-20T00:00:00.000000,279.00,286.43,278.92,284.43,13579709,3863727360
SZ002594,2025-01-21T00:00:00.000000,285.00,287.43,283.00,286.05,7644144,2184132864
SZ002594,2025-01-22T00:00:00.000000,285.00,286.30,279.80,282.50,8105689,2287303680
SZ002594,2025-01-23T00:00:00.000000,284.98,285.00,277.00,277.11,9617392,2690601216
SZ002594,2025-01-24T00:00:00.000000,276.51,280.50,276.00,279.08,6814367,1898979200
SZ002594,2025-01-27T00:00:00.000000,279.09,280.12,274.50,274.50,6340768,1755529344
SZ002594,2025-02-05T00:00:00.000000,282.73,286.75,281.60,282.80,14535090,4128876800
SZ002594,2025-02-06T00:00:00.000000,282.81,311.08,282.45,311.08,38145868,11416508416
SZ002594,2025-02-07T00:00:00.000000,320.00,330.00,314.00,326.90,48707526,15691988992
SZ002594,2025-02-10T00:00:00.000000,326.91,332.00,321.58,330.13,27271140,8908518400
SZ002594,2025-02-11T00:00:00.000000,339.30,340.30,326.01,329.90,28036356,9315885056
SZ002594,2025-02-12T00:00:00.000000,327.50,346.94,322.65,345.05,27935722,9451048960
SZ002594,2025-02-13T00:00:00.000000,341.20,346.35,339.50,341.30,19983985,6859997696
SZ002594,2025-02-14T00:00:00.000000,341.52,359.60,341.52,356.05,24364461,8574633472
SZ002594,2025-02-17T00:00:00.000000,356.05,358.80,344.50,348.50,23201509,8111345664
SZ002594,2025-02-18T00:00:00.000000,351.40,363.48,348.84,356.22,25179738,8977762304
SZ002594,2025-02-19T00:00:00.000000,353.52,360.00,353.00,358.50,16191782,5784129536
SZ002594,2025-02-20T00:00:00.000000,363.48,367.66,358.20,362.78,15693717,5695876608
SZ002594,2025-02-21T00:00:00.000000,366.00,386.50,365.23,383.00,23929245,9089498112
SZ002594,2025-02-24T00:00:00.000000,385.00,388.66,373.48,376.28,19940747,7586289152
SZ002594,2025-02-25T00:00:00.000000,370.00,380.00,368.81,372.49,16110252,6008878592
SZ002594,2025-02-26T00:00:00.000000,372.49,375.80,365.00,372.10,13852896,5125594624
SZ002594,2025-02-27T00:00:00.000000,382.00,383.99,371.01,375.50,16844614,6350435840
SZ002594,2025-02-28T00:00:00.000000,371.10,374.77,359.01,361.82,23930429,8762214400
SZ002594,2025-03-03T00:00:00.000000,369.00,370.00,357.79,360.21,15207822,5524500480
SZ002594,2025-03-04T00:00:00.000000,340.03,348.00,338.03,344.84,26345330,9062925312
SZ002594,2025-03-05T00:00:00.000000,347.00,355.19,347.00,353.96,13906886,4885879808
SZ002594,2025-03-06T00:00:00.000000,360.18,362.17,357.00,358.93,11460099,4120637696
SZ002594,2025-03-07T00:00:00.000000,358.90,361.00,355.24,356.40,8758413,3131517696
SZ002594,2025-03-10T00:00:00.000000,355.90,357.39,349.00,351.00,9917660,3484350976
SZ002594,2025-03-11T00:00:00.000000,345.00,351.77,344.88,350.38,9536997,3314689280
SZ002594,2025-03-12T00:00:00.000000,354.45,359.88,351.00,351.00,12951056,4593312768
SZ002594,2025-03-13T00:00:00.000000,351.87,357.36,351.13,354.50,10221085,3624759040
SZ002594,2025-03-14T00:00:00.000000,357.00,377.18,355.62,375.94,22469718,8292987392
SZ002594,2025-03-17T00:00:00.000000,382.32,383.00,375.96,380.25,13306887,5060211712
SZ002594,2025-03-18T00:00:00.000000,388.55,390.00,380.01,384.57,17333878,6672881152
SZ002594,2025-03-19T00:00:00.000000,384.53,399.00,382.54,397.07,18835150,7404859904
SZ002594,2025-03-20T00:00:00.000000,400.00,403.40,395.99,399.99,15941284,6372989440
SZ002594,2025-03-21T00:00:00.000000,393.01,393.31,370.00,372.00,28210676,10685254656
SZ002594,2025-03-24T00:00:00.000000,377.00,378.50,367.86,375.36,14789405,5522974208
SZ002594,2025-03-25T00:00:00.000000,377.98,379.60,368.98,369.59,12308536,4595791872
SZ002594,2025-03-26T00:00:00.000000,369.59,379.00,368.00,376.01,12020484,4503762944
SZ002594,2025-03-27T00:00:00.000000,376.10,391.28,376.09,386.50,14439437,5554865152
SZ002594,2025-03-28T00:00:00.000000,386.50,390.80,381.50,382.50,11493982,4428715520
SZ002594,2025-03-31T00:00:00.000000,380.00,383.28,374.00,374.90,11578391,4370400256
SZ002594,2025-04-01T00:00:00.000000,377.77,377.87,364.36,365.50,15407199,5663385088
SZ002594,2025-04-02T00:00:00.000000,365.00,365.67,358.88,360.50,11710041,4226638848
SZ002594,2025-04-03T00:00:00.000000,355.50,361.53,354.26,357.51,10102322,3618676992
SZ002594,2025-04-07T00:00:00.000000,333.34,337.70,321.76,321.76,27349840,8911483904
SZ002594,2025-04-08T00:00:00.000000,321.76,335.88,318.00,327.51,27464351,8924529664
SZ002594,2025-04-09T00:00:00.000000,319.80,328.00,313.66,324.60,21193856,6822376448
SZ002594,2025-04-10T00:00:00.000000,334.50,347.06,334.00,336.40,21089578,7165511680
SZ002594,2025-04-11T00:00:00.000000,337.00,357.55,336.40,354.98,18994493,6621821952
SZ002594,2025-04-14T00:00:00.000000,363.20,363.70,355.60,359.00,14206917,5115484160
SZ002594,2025-04-15T00:00:00.000000,364.60,365.00,357.33,359.97,11651557,4195947008
SZ002594,2025-04-16T00:00:00.000000,356.62,357.00,348.10,352.15,13182793,4618462208
SZ002594,2025-04-17T00:00:00.000000,349.94,353.45,346.67,349.68,8528864,2985985280
SZ002594,2025-04-18T00:00:00.000000,347.90,347.90,344.00,346.00,7386013,2553879808
SZ002594,2025-04-21T00:00:00.000000,346.00,349.87,345.24,348.76,7495341,2609226240
SZ002594,2025-04-22T00:00:00.000000,348.76,356.93,346.78,354.84,11212206,3956085760
SZ002594,2025-04-23T00:00:00.000000,377.00,378.00,367.23,371.99,24792689,9216822272
SZ002594,2025-04-24T00:00:00.000000,372.48,374.60,363.35,366.00,15089211,5557113344
SZ002594,2025-04-25T00:00:00.000000,370.00,375.30,368.10,370.83,13386942,4975314944
SZ002594,2025-04-28T00:00:00.000000,367.13,367.13,356.56,360.00,17978320,6459136512
SZ002594,2025-04-29T00:00:00.000000,359.10,360.63,353.00,355.00,11898307,4237606400
SZ002594,2025-04-30T00:00:00.000000,354.90,354.93,349.30,353.09,13047947,4599074304
SZ002594,2025-05-06T00:00:00.000000,360.00,362.30,355.92,359.96,14829353,5326196224
SZ002594,2025-05-07T00:00:00.000000,365.00,365.68,358.14,359.20,10883990,3937980416
SZ002594,2025-05-08T00:00:00.000000,356.52,361.98,355.70,359.28,8338169,2994908416
SZ002594,2025-05-09T00:00:00.000000,360.75,366.00,359.30,363.22,14372616,5218995712
SZ002594,2025-05-12T00:00:00.000000,365.00,370.28,360.58,370.28,16137017,5890708992
SZ002594,2025-05-13T00:00:00.000000,376.00,376.58,366.03,366.50,13177107,4874657792
SZ002594,2025-05-14T00:00:00.000000,366.50,373.10,363.36,373.10,13569307,5012059648
SZ002594,2025-05-15T00:00:00.000000,373.00,385.00,369.28,376.80,20880137,7894571008
SZ002594,2025-05-16T00:00:00.000000,375.03,390.99,373.58,389.17,22932794,8858484736
SZ002594,2025-05-19T00:00:00.000000,388.00,388.00,377.00,382.81,16137281,6159126016
SZ002594,2025-05-20T00:00:00.000000,383.50,394.80,381.50,394.80,17209991,6705399808
SZ002594,2025-05-21T00:00:00.000000,393.94,404.00,391.01,400.00,19947886,7967115264
SZ002594,2025-05-22T00:00:00.000000,399.98,405.56,398.00,398.80,14636280,5868800000
SZ002594,2025-05-23T00:00:00.000000,399.00,416.98,398.13,405.00,23557418,9627525120
SZ002594,2025-05-26T00:00:00.000000,401.81,403.00,380.00,381.00,30955063,12014228480
SZ002594,2025-05-27T00:00:00.000000,375.88,381.00,368.88,372.41,23027544,8594833408
SZ002594,2025-05-28T00:00:00.000000,372.41,372.95,362.07,362.88,17775388,6513230336
SZ002594,2025-05-29T00:00:00.000000,359.59,366.00,355.08,361.13,19206113,6942900224
SZ002594,2025-05-30T00:00:00.000000,357.02,358.80,351.30,352.30,19055991,6733498368
SZ002594,2025-06-03T00:00:00.000000,351.25,357.99,349.00,356.00,18189270,6453885952
SZ002594,2025-06-04T00:00:00.000000,359.50,364.32,358.15,360.52,14690410,5311223808
SZ002594,2025-06-05T00:00:00.000000,362.39,362.74,356.03,360.75,10861275,3908084224
SZ002594,2025-06-06T00:00:00.000000,361.00,362.38,357.50,359.96,8969768,3228098048
SZ002594,2025-06-09T00:00:00.000000,356.12,356.41,345.11,348.14,25509134,8932441088
SZ002594,2025-06-10T00:00:00.000000,349.60,355.00,348.23,353.13,17178588,6042960384
SZ002594,2025-06-11T00:00:00.000000,354.01,365.98,354.01,361.99,20310674,7326544896
SZ002594,2025-06-12T00:00:00.000000,359.89,359.89,353.01,353.24,14404696,5117764608
SZ002594,2025-06-13T00:00:00.000000,349.50,349.91,341.49,346.00,21023987,7256548352
SZ002594,2025-06-16T00:00:00.000000,345.99,347.04,340.80,344.43,10228405,3508947712
SZ002594,2025-06-17T00:00:00.000000,344.00,346.40,342.40,343.74,7004530,2408912896
SZ002594,2025-06-18T00:00:00.000000,342.82,349.20,341.97,346.95,10289697,3565398016
SZ002594,2025-06-19T00:00:00.000000,344.03,345.29,340.35,340.50,10038121,3437688832
SZ002594,2025-06-20T00:00:00.000000,340.03,342.97,339.80,340.25,7353816,2507526400
SZ002594,2025-06-23T00:00:00.000000,336.85,339.71,333.60,338.20,9459334,3185477376
SZ002594,2025-06-24T00:00:00.000000,341.23,346.20,341.23,343.38,14471259,4979495424
SZ002594,2025-06-25T00:00:00.000000,345.99,349.73,343.02,349.27,12573827,4352301568
SZ002594,2025-06-26T00:00:00.000000,344.31,344.31,336.83,337.44,20493214,6967640576
SZ002594,2025-06-27T00:00:00.000000,334.00,336.72,333.44,334.24,13861749,4633461760
SZ002594,2025-06-30T00:00:00.000000,334.24,334.24,328.59,331.91,14400344,4768270336
SZ002594,2025-07-01T00:00:00.000000,330.30,333.35,328.79,331.34,8851804,2931303424
SZ002594,2025-07-02T00:00:00.000000,332.00,333.86,328.93,330.66,9327011,3083342592
SZ002594,2025-07-03T00:00:00.000000,330.98,335.25,330.67,334.56,12349781,4123732480
SZ002594,2025-07-04T00:00:00.000000,332.55,334.99,329.77,331.00,10410355,3454495488
SZ002594,2025-07-07T00:00:00.000000,329.20,330.49,328.44,328.59,8820772,2901015552
SZ002594,2025-07-08T00:00:00.000000,327.00,329.78,325.72,326.88,11691814,3825413632
SZ002594,2025-07-09T00:00:00.000000,326.90,328.21,325.78,325.80,12163311,3969384192
SZ002594,2025-07-10T00:00:00.000000,325.81,326.09,318.85,321.23,21002206,6741345280
SZ002594,2025-07-11T00:00:00.000000,319.90,326.85,319.02,323.91,16826983,5456832000
SZ002594,2025-07-14T00:00:00.000000,323.91,323.91,317.56,318.49,17230914,5502331904
SZ002594,2025-07-15T00:00:00.000000,318.20,325.00,318.00,323.05,16279094,5252631552
SZ002594,2025-07-16T00:00:00.000000,323.06,325.91,323.06,323.72,11075835,3594544128
SZ002594,2025-07-17T00:00:00.000000,325.00,328.72,324.10,328.02,15689135,5138611200
SZ002594,2025-07-18T00:00:00.000000,329.13,329.50,325.25,329.11,13686649,4482466816
SZ002594,2025-07-21T00:00:00.000000,327.99,334.12,327.26,334.12,15394503,5102459392
SZ002594,2025-07-22T00:00:00.000000,335.00,342.01,333.21,341.69,21416417,7227730944
SZ002594,2025-07-23T00:00:00.000000,342.09,343.00,337.00,338.07,15890735,5395840512
SZ002594,2025-07-24T00:00:00.000000,338.08,346.54,337.63,342.72,18906327,6489370112
SZ002594,2025-07-25T00:00:00.000000,341.00,341.40,335.00,337.93,15704076,5307866624
SZ002594,2025-07-28T00:00:00.000000,337.93,339.10,335.53,337.00,11705670,3947001088
SZ002594,2025-07-29T00:00:00.000000,112.01,112.50,109.77,111.42,38735984,4322741760
SZ002594,2025-07-30T00:00:00.000000,108.05,111.16,107.12,108.70,52483427,5743878656
SZ002594,2025-07-31T00:00:00.000000,108.20,108.20,105.00,105.24,59949943,6344900608
SZ002594,2025-08-01T00:00:00.000000,104.95,106.24,104.36,105.80,36233692,3816659456
SZ002594,2025-08-04T00:00:00.000000,104.00,105.14,102.57,104.88,41293694,4293903616
SZ002594,2025-08-05T00:00:00.000000,104.88,105.21,103.78,104.86,33834986,3539636736
SZ002594,2025-08-06T00:00:00.000000,104.86,105.00,103.90,104.35,30561960,3184784896
SZ002594,2025-08-07T00:00:00.000000,104.27,106.43,104.16,105.33,42876298,4526612992
SZ002594,2025-08-08T00:00:00.000000,105.00,105.03,103.91,103.93,32661461,3405317376
SZ002594,2025-08-11T00:00:00.000000,103.88,105.66,103.23,105.52,35669790,3741329664
SZ002594,2025-08-12T00:00:00.000000,105.40,106.43,104.70,105.67,31219504,3302639104
SZ002594,2025-08-13T00:00:00.000000,106.29,107.65,105.84,106.83,45983014,4908744704
SZ002594,2025-08-14T00:00:00.000000,107.37,107.50,105.79,106.37,41954793,4478118912
SZ002594,2025-08-15T00:00:00.000000,105.85,106.64,105.32,106.07,36135346,3831047168
SZ002594,2025-08-18T00:00:00.000000,105.66,109.49,105.66,108.37,61925173,6680761856
SZ002594,2025-08-19T00:00:00.000000,108.67,108.92,107.18,107.63,38973519,4205349376
SZ002594,2025-08-20T00:00:00.000000,107.18,108.26,106.01,108.25,38505345,4130459136
SZ002594,2025-08-21T00:00:00.000000,107.80,108.83,107.00,107.10,44946378,4843670016
SZ002594,2025-08-22T00:00:00.000000,107.11,110.97,107.11,110.66,76312005,8351469568
SZ002594,2025-08-25T00:00:00.000000,111.31,112.49,110.31,111.61,61162758,6803183104
SZ002594,2025-08-26T00:00:00.000000,111.75,114.69,110.71,113.75,69291585,7850510848
SZ002594,2025-08-27T00:00:00.000000,113.96,114.06,110.66,110.68,68974693,7761766912
SZ002594,2025-08-28T00:00:00.000000,109.39,110.19,107.11,109.32,76252199,8278466048
SZ002594,2025-08-29T00:00:00.000000,108.88,116.59,108.12,114.06,114490194,12973326336
SZ002594,2025-09-01T00:00:00.000000,108.50,111.48,108.50,109.70,132986738,14546890752
SZ002594,2025-09-02T00:00:00.000000,108.79,111.10,108.60,110.02,77322410,8495472640
SZ002594,2025-09-03T00:00:00.000000,110.50,110.73,107.01,107.21,73522327,7975948800
SZ002594,2025-09-04T00:00:00.000000,106.59,107.09,103.71,104.00,81574074,8588835840
SZ002594,2025-09-05T00:00:00.000000,103.86,107.50,103.11,107.26,78752385,8307908096
SZ002594,2025-09-08T00:00:00.000000,106.15,107.13,105.51,106.25,55592345,5910440448
SZ002594,2025-09-09T00:00:00.000000,106.00,107.20,105.27,105.49,38163622,4049249536
SZ002594,2025-09-10T00:00:00.000000,105.52,106.45,105.02,105.20,32236895,3401353984
SZ002594,2025-09-11T00:00:00.000000,105.25,106.60,104.89,106.59,53778149,5683446784
SZ002594,2025-09-12T00:00:00.000000,106.60,107.58,105.90,105.91,45591018,4859782656
SZ002594,2025-09-15T00:00:00.000000,106.00,110.85,106.00,108.70,97480407,10620465152
SZ002594,2025-09-16T00:00:00.000000,109.00,109.00,107.22,107.80,53316021,5753438208
SZ002594,2025-09-17T00:00:00.000000,108.20,112.00,108.20,110.99,98123971,10827682816
SZ002594,2025-09-18T00:00:00.000000,110.99,112.80,108.56,109.71,93401380,10362192896
SZ002594,2025-09-19T00:00:00.000000,109.80,110.80,109.00,109.09,47297748,5188176384
SZ002594,2025-09-22T00:00:00.000000,108.87,108.91,107.15,107.99,49155923,5293961728
SZ002594,2025-09-23T00:00:00.000000,107.45,107.69,104.64,105.60,65096262,6888231936
SZ002594,2025-09-24T00:00:00.000000,105.00,105.83,104.00,105.71,54816227,5758922240
SZ002594,2025-09-25T00:00:00.000000,105.34,108.80,104.87,107.50,69348204,7421942272
SZ002594,2025-09-26T00:00:00.000000,107.45,111.23,107.00,107.29,75661207,8250492928
SZ002594,2025-09-29T00:00:00.000000,107.00,109.14,106.39,108.61,61398368,6621874176
SZ002594,2025-09-30T00:00:00.000000,108.19,109.98,107.76,109.21,56775550,6200518656
SZ002594,2025-10-09T00:00:00.000000,108.67,112.48,108.07,110.60,100872197,11196004352
SZ002594,2025-10-10T00:00:00.000000,110.55,110.55,107.58,107.79,59010253,6420415488
SZ002594,2025-10-13T00:00:00.000000,105.00,105.98,104.10,105.69,74442980,7841774592
SZ002594,2025-10-14T00:00:00.000000,106.68,109.36,105.62,105.99,76778627,8244228608
SZ002594,2025-10-15T00:00:00.000000,106.45,107.51,105.50,107.10,47579133,5063179776
SZ002594,2025-10-16T00:00:00.000000,107.00,109.30,106.51,106.96,52309638,5628738560
SZ002594,2025-10-17T00:00:00.000000,106.60,106.63,104.26,104.43,62572494,6576614912
SZ002594,2025-10-20T00:00:00.000000,105.22,105.63,104.08,104.52,35561452,3721699840
SZ002594,2025-10-21T00:00:00.000000,104.69,105.07,104.24,104.76,29907419,3133789440
SZ002594,2025-10-22T00:00:00.000000,104.10,104.32,103.37,103.78,35787419,3715302144
SZ002594,2025-10-23T00:00:00.000000,103.30,103.73,102.00,103.69,37860342,3889661696
SZ002594,2025-10-24T00:00:00.000000,103.98,104.37,103.61,103.76,30554268,3173964288
SZ002594,2025-10-27T00:00:00.000000,104.00,104.97,103.88,104.01,34598784,3607756800
SZ002594,2025-10-28T00:00:00.000000,104.02,104.32,103.50,103.72,26541583,2755526144
SZ002594,2025-10-29T00:00:00.000000,103.73,105.18,103.00,104.52,39734040,4128608256
SZ002594,2025-10-30T00:00:00.000000,104.00,104.86,103.50,103.61,35898945,3733925632
SZ002594,2025-10-31T00:00:00.000000,101.00,101.32,100.00,100.79,63705259,6418551296
SZ002594,2025-11-03T00:00:00.000000,100.79,100.99,98.50,99.60,55167021,5472679424
SZ002594,2025-11-04T00:00:00.000000,99.00,99.54,97.71,97.80,43501704,4274197504
SZ002594,2025-11-05T00:00:00.000000,96.66,96.66,94.73,95.80,58721510,5617216000
SZ002594,2025-11-06T00:00:00.000000,95.58,97.75,95.40,97.52,40200367,3897723904
SZ002594,2025-11-07T00:00:00.000000,97.00,98.15,96.83,97.20,32256073,3145818112
SZ002594,2025-11-10T00:00:00.000000,97.35,100.35,97.35,99.39,55487690,5513239040
SZ002594,2025-11-11T00:00:00.000000,99.50,99.78,98.14,98.71,31985788,3161124096
SZ002594,2025-11-12T00:00:00.000000,98.80,98.99,97.54,97.77,26064335,2555847680
SZ002594,2025-11-13T00:00:00.000000,97.01,100.50,97.01,99.83,57999022,5759429120
SZ002594,2025-11-14T00:00:00.000000,99.00,100.50,98.33,98.37,34298466,3396134912
SZ002594,2025-11-17T00:00:00.000000,97.80,98.59,97.25,98.08,20724759,2029207808
SZ002594,2025-11-18T00:00:00.000000,97.54,97.85,96.02,96.49,30475645,2949162752
SZ002594,2025-11-19T00:00:00.000000,96.40,96.66,95.01,95.17,34829235,3327809280
SZ002594,2025-11-20T00:00:00.000000,95.17,95.50,93.50,93.61,39181087,3692348160
SZ002594,2025-11-21T00:00:00.000000,92.49,94.39,91.70,92.70,45171313,4182916608
SZ002594,2025-11-24T00:00:00.000000,93.10,94.41,92.20,93.93,32730213,3064736768
SZ002594,2025-11-25T00:00:00.000000,94.00,95.38,93.70,93.91,27748887,2620855808
SZ002594,2025-11-26T00:00:00.000000,94.75,95.44,94.45,95.09,30657697,2914626304
SZ002594,2025-11-27T00:00:00.000000,94.60,95.16,94.22,94.29,20227996,1915349504
SZ002594,2025-11-28T00:00:00.000000,94.60,95.23,94.20,95.17,21935062,2080615680
SZ002594,2025-12-01T00:00:00.000000,95.39,96.30,95.14,95.77,23371272,2237016320
SZ002594,2025-12-02T00:00:00.000000,96.42,97.80,96.25,96.62,35921746,3483571712
SZ002594,2025-12-03T00:00:00.000000,96.64,96.65,94.89,95.05,23157284,2207429376
SZ002594,2025-12-04T00:00:00.000000,94.92,95.29,94.20,95.24,16614164,1576759424
SZ002594,2025-12-05T00:00:00.000000,95.29,96.22,94.71,95.98,21161847,2021250176
SZ002594,2025-12-08T00:00:00.000000,96.21,97.15,96.21,96.53,24780498,2397261824
SZ002594,2025-12-09T00:00:00.000000,96.21,96.66,95.70,96.03,16322702,1568057344
SZ002594,2025-12-10T00:00:00.000000,95.60,96.65,94.90,96.47,19840224,1902988160
SZ002594,2025-12-11T00:00:00.000000,96.98,97.12,95.85,96.23,25090767,2422448128
SZ002594,2025-12-12T00:00:00.000000,96.20,97.70,95.65,97.00,55462088,5390456320
SZ002594,2025-12-15T00:00:00.000000,96.55,97.16,95.53,95.53,29330099,2824248320
SZ002594,2025-12-16T00:00:00.000000,95.50,95.70,94.14,94.25,25876771,2450336512
SZ002594,2025-12-17T00:00:00.000000,94.50,95.70,93.68,95.21,27282500,2584139264
SZ002594,2025-12-18T00:00:00.000000,94.39,94.60,93.50,93.53,25279734,2376126976
SZ002594,2025-12-19T00:00:00.000000,94.00,95.27,93.73,94.23,27206794,2573037824
SZ002594,2025-12-22T00:00:00.000000,94.70,95.36,94.25,94.37,20623482,1952361856
SZ002594,2025-12-23T00:00:00.000000,94.50,95.50,94.50,94.81,23661741,2247679744
SZ002594,2025-12-24T00:00:00.000000,94.80,94.80,94.05,94.42,19280995,1819358208
SZ002594,2025-12-25T00:00:00.000000,94.43,95.23,94.12,94.84,18220163,1725723904
SZ002594,2025-12-26T00:00:00.000000,95.28,101.45,95.25,100.01,102095895,10178557952
SZ002594,2025-12-29T00:00:00.000000,100.50,101.30,99.60,100.21,51916696,5209488384
SZ002594,2025-12-30T00:00:00.000000,99.26,100.15,98.74,99.75,31875638,3174697984
SZ002594,2025-12-31T00:00:00.000000,99.98,100.20,97.38,97.72,40285887,3955310336
SZ002594,2026-01-05T00:00:00.000000,98.40,99.48,97.90,98.11,38262521,3762797824
SZ002594,2026-01-06T00:00:00.000000,98.22,100.50,98.12,99.99,52178486,5185026048
SZ002594,2026-01-07T00:00:00.000000,99.96,99.96,97.06,97.60,56084881,5502570496
SZ002594,2026-01-08T00:00:00.000000,97.20,97.20,96.33,96.88,30065475,2908439552
SZ002594,2026-01-09T00:00:00.000000,97.05,97.95,96.90,97.01,35034058,3412630272
SZ002594,2026-01-12T00:00:00.000000,97.01,98.00,96.30,97.47,42525719,4125432576
SZ002594,2026-01-13T00:00:00.000000,99.00,99.60,96.88,97.19,49872272,4905229824
SZ002594,2026-01-14T00:00:00.000000,96.81,97.74,95.51,96.10,51474973,4975154688
SZ002594,2026-01-15T00:00:00.000000,96.08,96.64,95.60,95.67,29563546,2835803136
SZ002594,2026-01-16T00:00:00.000000,96.70,97.44,95.60,95.86,38458802,3705328896
SZ002594,2026-01-19T00:00:00.000000,96.81,97.30,95.77,96.19,33492715,3227653888
SZ002594,2026-01-20T00:00:00.000000,96.22,96.26,94.68,94.74,38914947,3699337472
SZ002594,2026-01-21T00:00:00.000000,94.01,94.94,94.00,94.10,30833393,2910327552
SZ002594,2026-01-22T00:00:00.000000,94.72,95.13,93.89,94.12,29101425,2741536512
SZ002594,2026-01-23T00:00:00.000000,94.24,94.36,93.51,93.65,38330272,3598066432
SZ002594,2026-01-26T00:00:00.000000,93.65,93.66,92.50,92.63,37545961,3485372672
SZ002594,2026-01-27T00:00:00.000000,92.67,92.99,91.80,91.81,36298092,3340755968
SZ002594,2026-01-28T00:00:00.000000,91.80,93.50,90.01,93.34,71556618,6553149952
SZ002594,2026-01-29T00:00:00.000000,92.66,92.92,91.61,92.31,37182481,3423462400
SZ002594,2026-01-30T00:00:00.000000,92.27,92.27,90.70,90.89,32917560,3001871104
SZ002594,2026-02-02T00:00:00.000000,88.00,89.09,86.97,87.05,64697385,5676850688
SZ002594,2026-02-03T00:00:00.000000,87.20,87.40,85.88,87.37,37782685,3275997184
SZ002594,2026-02-04T00:00:00.000000,86.99,89.33,86.45,89.14,37650471,3322530304
SZ002594,2026-02-05T00:00:00.000000,88.50,91.23,88.33,90.11,35424031,3184480256
SZ002594,2026-02-06T00:00:00.000000,89.39,90.66,89.00,89.82,24708779,2217096960
SZ002594,2026-02-09T00:00:00.000000,90.50,90.65,89.83,90.06,20817951,1875980032
SZ002594,2026-02-10T00:00:00.000000,90.00,91.57,89.84,90.81,26760481,2434220032
SZ002594,2026-02-11T00:00:00.000000,90.88,92.95,90.88,92.28,39694959,3662117888
SZ002594,2026-02-12T00:00:00.000000,92.29,92.35,91.08,91.16,23031332,2106032256
SZ002594,2026-02-13T00:00:00.000000,90.05,91.09,89.88,90.27,21733887,1963579392
SZ002594,2026-02-24T00:00:00.000000,91.98,91.99,90.61,90.87,20644458,1879888768
SZ002594,2026-02-25T00:00:00.000000,90.89,92.79,90.89,91.45,32478010,2985714688
SZ002594,2026-02-26T00:00:00.000000,91.40,91.40,89.61,89.85,29101894,2619922176
SZ002594,2026-02-27T00:00:00.000000,89.40,89.94,89.10,89.32,21934083,1962319104
SZ002594,2026-03-02T00:00:00.000000,88.00,97.25,87.72,96.79,143513688,13507227648
SZ002594,2026-03-03T00:00:00.000000,96.39,96.99,93.99,95.21,86574145,8272503808
SZ002594,2026-03-04T00:00:00.000000,95.20,96.80,93.70,95.99,70096892,6674964480
SZ002594,2026-03-05T00:00:00.000000,96.80,96.82,93.89,94.47,55243997,5235746304
SZ002594,2026-03-06T00:00:00.000000,96.00,96.00,93.25,93.62,50354036,4743654912
SZ002594,2026-03-09T00:00:00.000000,93.62,98.00,93.00,97.52,109340896,10562485248
SZ002594,2026-03-10T00:00:00.000000,97.18,97.49,96.08,96.60,50746244,4907397120
SZ002594,2026-03-11T00:00:00.000000,96.75,100.34,95.67,99.22,90374376,8925093888
SZ002594,2026-03-12T00:00:00.000000,99.23,100.69,98.70,99.10,50252356,4995016192
SZ002594,2026-03-13T00:00:00.000000,99.00,100.79,98.30,99.67,51976480,5199004672
SZ002594,2026-03-16T00:00:00.000000,99.67,105.00,98.79,104.62,108781424,11184164864
SZ002594,2026-03-17T00:00:00.000000,104.63,106.66,102.71,102.87,84138864,8793237504
SZ002594,2026-03-18T00:00:00.000000,102.82,102.82,100.05,101.69,61799648,6257459200
SZ002594,2026-03-19T00:00:00.000000,100.99,103.88,100.47,102.31,53105940,5450382336
SZ002594,2026-03-20T00:00:00.000000,102.00,104.45,101.56,103.03,62878324,6495105024
SZ002594,2026-03-23T00:00:00.000000,103.87,111.82,103.18,107.63,178244544,19284920320
SZ002594,2026-03-24T00:00:00.000000,108.40,108.40,104.93,106.64,92144616,9784806400
SZ002594,2026-03-25T00:00:00.000000,106.72,107.66,105.28,106.60,66266488,7061311488
SZ002594,2026-03-26T00:00:00.000000,106.62,107.68,102.70,103.14,82812064,8655663104
SZ002594,2026-03-27T00:00:00.000000,103.99,105.89,102.75,105.30,65845464,6893709824
SZ002594,2026-03-30T00:00:00.000000,103.51,108.00,103.25,106.05,72755720,7713482240
SZ002594,2026-03-31T00:00:00.000000,107.00,108.49,105.10,105.25,58865900,6283344896
SZ002594,2026-04-01T00:00:00.000000,105.90,106.50,102.37,102.65,71519808,7383168512
SZ002594,2026-04-02T00:00:00.000000,102.49,103.48,100.50,101.65,60434948,6153958400
SZ002594,2026-04-03T00:00:00.000000,101.80,102.30,99.00,99.01,49174516,4921224192
SZ002594,2026-04-07T00:00:00.000000,99.50,99.77,97.45,97.98,37969744,3731963136
SZ002594,2026-04-08T00:00:00.000000,98.50,101.28,98.11,101.22,56281840,5621410304
SZ002594,2026-04-09T00:00:00.000000,100.21,100.21,98.81,99.03,37906292,3764528128
SZ002594,2026-04-10T00:00:00.000000,99.39,102.20,99.03,101.67,60573136,6130392576
SZ002594,2026-04-13T00:00:00.000000,101.57,104.99,100.81,104.25,66313600,6887089152
SZ002594,2026-04-14T00:00:00.000000,103.00,104.19,102.50,103.82,54334284,5614541312
SZ002594,2026-04-15T00:00:00.000000,103.82,104.77,102.50,103.03,42871916,4431952384
SZ002594,2026-04-16T00:00:00.000000,103.28,105.97,103.28,105.54,64366144,6763623936
SZ002594,2026-04-17T00:00:00.000000,104.99,105.46,103.12,103.78,44204764,4595671552
SZ002594,2026-04-20T00:00:00.000000,103.78,103.95,102.62,102.91,38367696,3957212928
SZ002594,2026-04-21T00:00:00.000000,102.91,103.19,101.33,101.53,43225768,4398233600
SZ002594,2026-04-22T00:00:00.000000,101.11,102.38,100.60,101.62,34373336,3485648128
SZ002594,2026-04-23T00:00:00.000000,101.57,101.59,99.01,99.98,49216376,4915554304
SZ002594,2026-04-24T00:00:00.000000,99.91,99.91,98.70,99.46,33773880,3348015872
SZ002594,2026-04-27T00:00:00.000000,100.00,104.00,99.88,102.34,60167020,6169037312
SZ002594,2026-04-28T00:00:00.000000,101.85,103.30,101.34,101.48,36155004,3687912704
SZ002594,2026-04-29T00:00:00.000000,101.47,105.64,101.00,105.40,105655784,11021927424
SZ002594,2026-04-30T00:00:00.000000,104.54,105.45,102.37,102.98,60097852,6206127104
SZ002594,2026-05-06T00:00:00.000000,101.70,101.89,100.20,100.75,67048712,6746578432
SZ002594,2026-05-07T00:00:00.000000,101.05,101.26,100.01,100.46,46884596,4708290048
SZ002594,2026-05-08T00:00:00.000000,100.47,101.00,99.80,100.02,38215752,3823822080
SZ002594,2026-05-11T00:00:00.000000,100.02,100.73,99.00,100.44,48281004,4812920832
SZ002594,2026-05-12T00:00:00.000000,99.97,100.10,99.10,99.23,35344128,3514548736
SZ002594,2026-05-13T00:00:00.000000,99.23,99.25,97.81,98.60,45619352,4481395712
SZ002594,2026-05-14T00:00:00.000000,99.00,100.00,98.45,98.73,33917988,3361151232
SZ002594,2026-05-15T00:00:00.000000,98.00,98.03,96.26,96.30,46621724,4507893760
SZ002594,2026-05-18T00:00:00.000000,95.34,95.94,94.30,94.51,35461316,3359745536
SZ002594,2026-05-19T00:00:00.000000,94.51,96.08,93.80,96.00,29618440,2822346496
SZ002594,2026-05-20T00:00:00.000000,95.30,95.49,93.30,93.36,41500992,3900216320
SZ002594,2026-05-21T00:00:00.000000,93.41,96.20,93.41,93.51,37394976,3540792320
SZ002594,2026-05-22T00:00:00.000000,93.55,94.19,92.61,93.75,26859176,2510616064
SZ002594,2026-05-25T00:00:00.000000,95.00,97.21,95.00,95.96,40599516,3900848640
SZ002594,2026-05-26T00:00:00.000000,95.80,96.92,94.51,96.55,38652436,3720039424
SZ002594,2026-05-27T00:00:00.000000,96.00,97.27,94.66,95.22,36237356,3467882752
SZ002594,2026-05-28T00:00:00.000000,95.22,95.99,94.03,95.88,31458976,2991315200
SZ002594,2026-05-29T00:00:00.000000,98.90,99.50,96.13,96.18,60629392,5901286400
SZ002594,2026-06-01T00:00:00.000000,96.18,96.22,93.60,93.65,44598076,4207350528
SZ002594,2026-06-02T00:00:00.000000,96.00,96.88,94.31,96.76,55496416,5321331200
SZ002594,2026-06-03T00:00:00.000000,96.00,96.00,94.50,94.82,37043376,3514157824
SZ002594,2026-06-04T00:00:00.000000,93.60,94.39,93.10,93.44,31871174,2982999552
SZ002594,2026-06-05T00:00:00.000000,93.52,94.00,92.30,93.01,33996896,3159266048
SZ002594,2026-06-08T00:00:00.000000,91.00,92.02,90.30,91.19,31684396,2885879296
SZ002594,2026-06-09T00:00:00.000000,91.22,91.92,90.03,91.89,28192696,2562233088
SZ002594,2026-06-10T00:00:00.000000,91.00,91.00,90.10,90.31,24128660,2182297088
SZ002594,2026-06-11T00:00:00.000000,90.10,90.80,88.88,89.80,31508734,2821436928
SZ002594,2026-06-12T00:00:00.000000,89.90,91.78,89.25,91.60,38535176,3497028608
SZ002594,2026-06-15T00:00:00.000000,91.61,91.90,90.40,90.82,31297908,2847656704
SZ002594,2026-06-16T00:00:00.000000,90.35,90.50,89.50,89.64,33601868,3017362688
SZ002594,2026-06-17T00:00:00.000000,89.00,89.30,87.00,87.47,49526712,4335318528
SZ002594,2026-06-18T00:00:00.000000,87.00,89.33,86.08,88.13,43578976,3820166912
SZ002594,2026-06-22T00:00:00.000000,87.00,87.90,84.60,87.59,63724220,5467321856
SZ002594,2026-06-23T00:00:00.000000,86.91,88.32,84.75,85.00,46621668,4016365824
SZ002594,2026-06-24T00:00:00.000000,84.50,84.70,82.78,83.30,45573528,3803649792
SZ002594,2026-06-25T00:00:00.000000,82.80,83.81,81.34,82.20,55643208,4579273216
SZ002594,2026-06-26T00:00:00.000000,81.51,81.80,78.20,78.20,66320800,5267490304
SZ002594,2026-06-29T00:00:00.000000,78.20,80.95,77.60,79.64,52370728,4160734976
SZ002594,2026-06-30T00:00:00.000000,79.58,80.55,78.58,79.70,38204308,3031865088
SZ002594,2026-07-01T00:00:00.000000,79.90,81.65,78.55,80.66,50317660,4035250944
SZ002594,2026-07-02T00:00:00.000000,81.90,85.67,81.90,83.57,82504624,6956784128
SZ002594,2026-07-03T00:00:00.000000,83.73,88.88,83.60,88.47,83898160,7298140160
SZ002594,2026-07-06T00:00:00.000000,88.52,88.95,86.61,87.54,48582828,4263991808
SZ002594,2026-07-07T00:00:00.000000,87.66,88.81,85.87,86.26,38946960,3378987264
SZ002594,2026-07-08T00:00:00.000000,86.01,88.34,85.28,87.80,40380908,3527472640
SZ002594,2026-07-09T00:00:00.000000,86.50,87.77,85.80,86.87,37739280,3270884096
SZ002594,2026-07-10T00:00:00.000000,86.84,90.83,84.88,90.00,70933248,6283278848
SZ002594,2026-07-13T00:00:00.000000,89.00,89.00,86.78,86.98,42458496,3714908416
SZ002594,2026-07-14T00:00:00.000000,86.89,90.68,86.50,90.18,54707492,4883296256
SZ002594,2026-07-15T00:00:00.000000,89.65,93.48,89.45,91.76,51415428,4733650432
SZ002594,2026-07-16T00:00:00.000000,91.74,94.76,91.15,94.14,60720396,5673387520
SZ002594,2026-07-17T00:00:00.000000,94.14,95.95,91.90,93.47,68734584,6442145792
SZ002594,2026-07-20T00:00:00.000000,93.49,95.28,92.77,93.92,43989032,4119522048
SZ002594,2026-07-21T00:00:00.000000,93.93,96.80,93.35,94.30,67159288,6390715392
SZ002594,2026-07-22T00:00:00.000000,92.63,93.00,90.51,91.57,60354972,5516076544
SZ002594,2026-07-23T00:00:00.000000,90.77,92.87,90.01,92.65,33801436,3104427264
SZ002594,2026-07-24T00:00:00.000000,91.53,93.08,91.31,91.89,24303384,2244617984
SZ002594,2026-07-27T00:00:00.000000,92.32,93.20,91.53,92.40,26533222,2448354048
SZ002594,2026-07-28T00:00:00.000000,92.02,94.61,92.02,93.35,36401500,3407827200
SZ002594,2026-07-29T00:00:00.000000,93.55,96.27,93.10,94.85,51445728,4891877888
SZ002594,2026-07-30T00:00:00.000000,94.92,96.66,94.75,96.20,48036112,4604080640
SZ002594,2026-07-31T00:00:00.000000,93.72,95.86,93.13,95.77,43613048,4139523584
SZ002594,2026-08-03T00:00:00.000000,96.03,96.59,94.10,94.45,36389712,3462874112
SZ002594,2026-08-04T00:00:00.000000,94.45,94.49,90.80,91.15,66771528,6134764032
SZ002594,2026-08-05T00:00:00.000000,91.08,91.18,89.15,90.82,51559760,4654040064
SZ002594,2026-08-06T00:00:00.000000,90.50,91.15,89.23,89.45,36737224,3299953408
SZ002594,2026-08-07T00:00:00.000000,89.77,90.28,88.55,90.04,40701576,3634152448
SZ002594,2026-08-10T00:00:00.000000,90.04,91.80,89.40,91.15,38573716,3510272512
SZ002594,2026-08-11T00:00:00.000000,91.18,91.66,89.93,90.12,24222760,2191435264
SZ002594,2026-08-12T00:00:00.000000,90.00,91.14,89.40,90.41,20818762,1881110784
SZ002594,2026-08-13T00:00:00.000000,90.37,90.70,89.70,89.71,22665356,2039695232
SZ002594,2026-08-14T00:00:00.000000,89.30,89.68,88.69,88.90,20585614,1832060416
SZ002594,2026-08-17T00:00:00.000000,88.90,90.44,88.61,89.88,24625400,2210303488
SZ002594,2026-08-18T00:00:00.000000,89.88,90.38,89.23,89.33,15150500,1361414400
SZ002594,2018-05-24T00:00:00.000000,54.50,54.99,53.80,54.15,5034905,273646240
SZ002594,2018-05-25T00:00:00.000000,54.20,55.23,54.20,54.22,5060632,276703136
SZ002594,2018-05-28T00:00:00.000000,54.29,54.98,52.72,52.78,6013217,322785120
SZ002594,2018-05-29T00:00:00.000000,52.53,54.28,52.42,53.50,7287745,391219744
SZ002594,2018-05-30T00:00:00.000000,53.00,53.02,50.01,50.40,10383038,531139584
SZ002594,2018-05-31T00:00:00.000000,50.42,51.25,50.42,51.15,5792853,295133216
SZ002594,2018-06-01T00:00:00.000000,51.36,51.37,50.02,50.91,4515916,229157936
SZ002594,2018-06-04T00:00:00.000000,50.72,51.20,50.05,50.20,5279613,265822592
SZ002594,2018-06-05T00:00:00.000000,50.20,51.24,49.80,51.22,5528592,279721408
SZ002594,2018-06-06T00:00:00.000000,50.85,51.80,50.60,51.12,6498378,331700736
SZ002594,2018-06-07T00:00:00.000000,51.50,51.57,50.90,50.92,4328999,221696048
SZ002594,2018-06-08T00:00:00.000000,50.92,50.99,49.90,50.13,5133867,257351120
SZ002594,2018-06-11T00:00:00.000000,50.12,50.13,49.30,49.42,4280618,212520368
SZ002594,2018-06-12T00:00:00.000000,49.69,50.20,49.00,50.03,4621218,229627056
SZ002594,2018-06-13T00:00:00.000000,50.10,50.12,48.91,49.06,4881987,240481696
SZ002594,2018-06-14T00:00:00.000000,48.68,49.44,48.60,49.05,3812559,186776448
SZ002594,2018-06-15T00:00:00.000000,49.09,49.28,48.13,48.18,4937586,239521344
SZ002594,2018-06-19T00:00:00.000000,47.60,47.60,43.45,44.98,11973944,544796160
SZ002594,2018-06-20T00:00:00.000000,44.44,46.22,44.44,45.39,5696299,257906368
SZ002594,2018-06-21T00:00:00.000000,45.77,47.36,45.40,45.77,7618262,353226560
SZ002594,2018-06-22T00:00:00.000000,45.82,47.25,45.52,46.85,6045474,280666464
SZ002594,2018-06-25T00:00:00.000000,47.70,47.70,45.92,46.06,5741805,267602976
SZ002594,2018-06-26T00:00:00.000000,45.99,47.12,45.22,46.38,6411604,297323008
SZ002594,2018-06-27T00:00:00.000000,46.59,48.10,46.50,47.10,9552488,453690784
SZ002594,2018-06-28T00:00:00.000000,47.10,47.44,45.81,46.01,6127316,285276160
SZ002594,2018-06-29T00:00:00.000000,46.12,47.77,45.99,47.68,7497605,351475136
SZ002594,2018-07-02T00:00:00.000000,47.67,47.67,45.85,45.98,6175749,288563456
SZ002594,2018-07-03T00:00:00.000000,46.46,46.72,44.06,45.35,9310313,421287424
SZ002594,2018-07-04T00:00:00.000000,45.35,46.13,45.00,45.79,6341935,289309696
SZ002594,2018-07-05T00:00:00.000000,45.79,46.89,45.40,45.58,5573749,257799360
SZ002594,2018-07-06T00:00:00.000000,46.27,46.76,45.52,46.03,6781212,314076544
SZ002594,2018-07-09T00:00:00.000000,46.39,46.95,45.91,46.52,7289341,337170016
SZ002594,2018-07-10T00:00:00.000000,46.55,46.88,46.31,46.63,4639056,216079248
SZ002594,2018-07-11T00:00:00.000000,45.62,46.03,44.73,45.46,5074254,230516240
SZ002594,2018-07-12T00:00:00.000000,45.80,47.00,45.68,46.52,6961729,322903040
SZ002594,2018-07-13T00:00:00.000000,46.62,46.62,45.80,45.95,5328370,246023440
SZ002594,2018-07-16T00:00:00.000000,44.80,44.80,42.80,43.95,12503328,549450624
SZ002594,2018-07-17T00:00:00.000000,43.46,43.90,42.78,43.55,6939540,300926784
SZ002594,2018-07-18T00:00:00.000000,43.55,44.24,43.22,43.30,4487454,196079168
SZ002594,2018-07-19T00:00:00.000000,43.58,43.58,41.98,42.15,6187697,263568672
SZ002594,2018-07-20T00:00:00.000000,42.50,43.16,42.16,42.91,5693464,243361984
SZ002594,2018-07-23T00:00:00.000000,42.69,43.85,42.51,43.50,5194110,225317616
SZ002594,2018-07-24T00:00:00.000000,43.70,44.43,43.41,44.29,5547984,244567200
SZ002594,2018-07-25T00:00:00.000000,44.54,44.54,43.70,44.05,6474865,285047296
SZ002594,2018-07-26T00:00:00.000000,44.05,44.23,42.88,43.00,5179019,224937888
SZ002594,2018-07-27T00:00:00.000000,43.02,43.34,42.72,42.99,3678962,158234192
SZ002594,2018-07-30T00:00:00.000000,42.95,43.10,41.85,42.50,5592982,236871680
SZ002594,2018-07-31T00:00:00.000000,42.54,42.54,42.04,42.24,3021163,127788056
SZ002594,2018-08-01T00:00:00.000000,42.82,42.97,41.88,41.98,4429180,187567712
SZ002594,2018-08-02T00:00:00.000000,41.95,41.98,39.50,40.10,10798045,434793696
SZ002594,2018-08-03T00:00:00.000000,40.28,40.48,38.20,38.33,9651578,378310912
SZ002594,2018-08-06T00:00:00.000000,38.33,38.65,36.88,37.29,7378820,279140192
SZ002594,2018-08-07T00:00:00.000000,37.68,38.00,36.73,38.00,6816475,255655376
SZ002594,2018-08-08T00:00:00.000000,38.02,39.49,38.02,38.29,7306954,282739392
SZ002594,2018-08-09T00:00:00.000000,37.89,39.55,37.83,39.25,7487555,292537440
SZ002594,2018-08-10T00:00:00.000000,39.40,41.77,39.40,41.69,10358365,422283648
SZ002594,2018-08-13T00:00:00.000000,41.10,43.55,40.88,43.17,13233097,562164160
SZ002594,2018-08-14T00:00:00.000000,43.17,43.95,42.61,43.15,8199057,354897696
SZ002594,2018-08-15T00:00:00.000000,43.00,43.90,41.78,42.13,9882281,422981152
SZ002594,2018-08-16T00:00:00.000000,41.45,43.20,41.24,42.26,7403766,313880320
SZ002594,2018-08-17T00:00:00.000000,42.95,43.00,42.01,42.45,5745969,244648240
SZ002594,2018-08-20T00:00:00.000000,42.97,45.35,42.90,45.24,14721713,652700928
SZ002594,2018-08-21T00:00:00.000000,45.25,45.58,44.40,44.90,9845957,442864992
SZ002594,2018-08-22T00:00:00.000000,45.55,45.81,44.16,44.79,9088071,408588416
SZ002594,2018-08-23T00:00:00.000000,44.82,45.40,43.62,44.32,8331691,370017536
SZ002594,2018-08-24T00:00:00.000000,44.35,44.35,42.82,43.45,7830950,339680032
SZ002594,2018-08-27T00:00:00.000000,43.44,45.25,43.38,45.01,8764104,392169184
SZ002594,2018-08-28T00:00:00.000000,45.05,46.15,44.92,45.59,8094281,368320448
SZ002594,2018-08-29T00:00:00.000000,45.41,46.82,45.41,46.30,9144833,423581632
SZ002594,2018-08-30T00:00:00.000000,45.50,46.42,44.64,45.00,9124095,413735712
SZ002594,2018-08-31T00:00:00.000000,44.42,44.88,43.90,44.46,6689826,296774496
SZ002594,2018-09-03T00:00:00.000000,44.39,44.39,43.13,43.67,5608026,244217936
SZ002594,2018-09-04T00:00:00.000000,43.89,44.58,43.61,44.52,5957430,263787456
SZ002594,2018-09-05T00:00:00.000000,44.08,44.51,42.50,42.50,8285524,358289760
SZ002594,2018-09-06T00:00:00.000000,42.50,43.20,42.05,42.60,4691589,200948432
SZ002594,2018-09-07T00:00:00.000000,43.29,44.08,42.65,42.82,6876474,298371264
SZ002594,2018-09-10T00:00:00.000000,42.98,43.44,41.15,41.73,5293319,222230736
SZ002594,2018-09-11T00:00:00.000000,41.55,41.86,40.91,41.52,3522314,145958368
SZ002594,2018-09-12T00:00:00.000000,41.01,42.50,40.71,42.04,5587593,233559552
SZ002594,2018-09-13T00:00:00.000000,42.71,43.05,42.09,42.92,5544831,235991200
SZ002594,2018-09-14T00:00:00.000000,44.21,45.45,44.21,44.81,10533703,470960352
SZ002594,2018-09-17T00:00:00.000000,44.00,45.46,43.50,44.81,8519487,380849824
SZ002594,2018-09-18T00:00:00.000000,44.17,45.34,44.05,45.08,6812547,305784416
SZ002594,2018-09-19T00:00:00.000000,45.10,47.38,44.70,46.96,13001123,605521152
SZ002594,2018-09-20T00:00:00.000000,46.96,47.50,45.95,45.95,8202530,384946496
SZ002594,2018-09-21T00:00:00.000000,47.50,48.75,46.60,47.01,16241236,771531264
SZ002594,2018-09-25T00:00:00.000000,47.30,48.65,47.30,48.20,10244705,493193088
SZ002594,2018-09-26T00:00:00.000000,48.66,48.95,47.78,48.26,9968182,481689824
SZ002594,2018-09-27T00:00:00.000000,48.50,48.60,47.50,47.80,6277425,301075040
SZ002594,2018-09-28T00:00:00.000000,48.00,49.28,47.90,49.10,7687114,375320288
SZ002594,2018-10-08T00:00:00.000000,47.00,47.95,46.42,46.55,11138904,525032416
SZ002594,2018-10-09T00:00:00.000000,46.61,47.60,46.61,47.09,4162304,196036928
SZ002594,2018-10-10T00:00:00.000000,47.35,47.56,45.45,45.91,8821547,406966976
SZ002594,2018-10-11T00:00:00.000000,44.41,45.18,42.67,42.82,11979539,525829632
SZ002594,2018-10-12T00:00:00.000000,43.21,46.80,43.21,46.42,12920513,582234048
SZ002594,2018-10-15T00:00:00.000000,46.58,47.85,46.30,46.93,9543135,449287104
SZ002594,2018-10-16T00:00:00.000000,46.95,47.46,45.28,45.96,6469709,298245824
SZ002594,2018-10-17T00:00:00.000000,46.70,47.66,45.88,47.31,11026262,517523040
SZ002594,2018-10-18T00:00:00.000000,47.00,47.30,45.71,46.18,8386495,389252608
SZ002594,2018-10-19T00:00:00.000000,45.08,47.27,44.00,47.02,11998553,548809984
SZ002594,2018-10-22T00:00:00.000000,47.61,50.20,47.56,50.01,16894490,830863872
SZ002594,2018-10-23T00:00:00.000000,49.85,49.99,47.30,48.46,11535817,561568000
SZ002594,2018-10-24T00:00:00.000000,48.30,49.74,48.01,48.77,10453687,511363104
SZ002594,2018-10-25T00:00:00.000000,47.35,49.75,46.89,49.60,11084735,534735616
SZ002594,2018-10-26T00:00:00.000000,49.99,50.14,47.98,48.62,7678049,375759904
SZ002594,2018-10-29T00:00:00.000000,48.63,48.98,46.90,47.38,6928376,330502208
SZ002594,2018-10-30T00:00:00.000000,47.45,47.74,44.88,46.53,9648676,446449792
SZ002594,2018-10-31T00:00:00.000000,46.44,47.45,46.10,46.79,6115922,286724576
SZ002594,2018-11-01T00:00:00.000000,47.23,47.50,44.98,45.70,10901961,506616960
SZ002594,2018-11-02T00:00:00.000000,46.45,48.15,45.70,48.02,13915635,653896192
SZ002594,2018-11-05T00:00:00.000000,48.00,49.12,47.20,48.25,11008811,530983616
SZ002594,2018-11-06T00:00:00.000000,48.17,48.18,46.90,47.63,5565795,263813776
SZ002594,2018-11-07T00:00:00.000000,46.60,48.05,46.59,47.25,6952911,328618528
SZ002594,2018-11-08T00:00:00.000000,47.68,49.55,47.68,48.98,14215855,691476032
SZ002594,2018-11-09T00:00:00.000000,48.80,50.89,48.33,50.00,14677306,733720320
SZ002594,2018-11-12T00:00:00.000000,49.98,52.10,49.70,51.61,13371184,686089536
SZ002594,2018-11-13T00:00:00.000000,50.62,52.45,50.50,51.00,10587544,544505088
SZ002594,2018-11-14T00:00:00.000000,50.93,52.80,50.88,51.90,10212868,532606592
SZ002594,2018-11-15T00:00:00.000000,51.66,52.29,51.36,51.81,6945786,359591456
SZ002594,2018-11-16T00:00:00.000000,52.00,52.70,50.89,51.55,11324088,586888000
SZ002594,2018-11-19T00:00:00.000000,51.72,55.30,51.58,54.70,16248777,875664704
SZ002594,2018-11-20T00:00:00.000000,54.00,56.98,53.40,55.40,17321080,959224896
SZ002594,2018-11-21T00:00:00.000000,54.76,56.00,54.10,55.00,9410096,516953984
SZ002594,2018-11-22T00:00:00.000000,54.65,56.96,54.65,55.30,10200186,570471552
SZ002594,2018-11-23T00:00:00.000000,55.30,55.67,53.31,54.00,9517096,515611648
SZ002594,2018-11-26T00:00:00.000000,53.91,55.30,53.48,54.16,8274626,449937024
SZ002594,2018-11-27T00:00:00.000000,54.55,57.40,54.55,57.25,15915610,898849536
SZ002594,2018-11-28T00:00:00.000000,57.25,58.68,56.31,57.65,12095946,695702144
SZ002594,2018-11-29T00:00:00.000000,57.85,59.10,57.10,57.65,10492041,609939072
SZ002594,2018-11-30T00:00:00.000000,57.43,58.40,56.42,57.00,8964839,514882208
SZ002594,2018-12-03T00:00:00.000000,58.35,58.92,55.58,56.08,19425836,1110534656
SZ002594,2018-12-04T00:00:00.000000,55.40,56.84,55.11,56.32,11827968,663603392
SZ002594,2018-12-05T00:00:00.000000,55.65,58.15,55.14,57.93,15624838,887736704
SZ002594,2018-12-06T00:00:00.000000,57.51,57.80,54.88,55.35,13582484,759428416
SZ002594,2018-12-07T00:00:00.000000,55.90,57.90,55.55,56.89,12635419,718653312
SZ002594,2018-12-10T00:00:00.000000,56.02,56.55,55.05,55.39,11549923,642323328
SZ002594,2018-12-11T00:00:00.000000,55.72,57.34,55.70,56.16,11147780,630306944
SZ002594,2018-12-12T00:00:00.000000,56.70,58.48,56.60,58.25,13120408,756590016
SZ002594,2018-12-13T00:00:00.000000,58.25,58.56,57.12,58.40,10106504,585047680
SZ002594,2018-12-14T00:00:00.000000,58.37,58.99,56.90,57.30,9291118,537878656
SZ002594,2018-12-17T00:00:00.000000,56.67,57.00,54.00,54.89,14295598,786141504
SZ002594,2018-12-18T00:00:00.000000,54.05,56.10,53.98,55.04,9136520,504509536
SZ002594,2018-12-19T00:00:00.000000,55.21,55.95,53.38,53.50,11336310,617053248
SZ002594,2018-12-20T00:00:00.000000,53.51,54.34,52.83,53.87,10432225,560669504
SZ002594,2018-12-21T00:00:00.000000,53.61,54.19,51.92,52.98,10320890,545598272
SZ002594,2018-12-24T00:00:00.000000,52.73,53.44,52.08,53.21,8160071,431280128
SZ002594,2018-12-25T00:00:00.000000,52.60,52.99,50.88,52.22,11245635,584096960
SZ002594,2018-12-26T00:00:00.000000,52.24,52.68,51.00,51.00,7739062,401148288
SZ002594,2018-12-27T00:00:00.000000,52.11,52.45,50.76,50.84,10076150,519075072
SZ002594,2018-12-28T00:00:00.000000,50.86,51.40,50.11,51.00,8250706,419993120
SZ002594,2019-01-02T00:00:00.000000,51.02,51.39,48.98,49.17,8555445,424670592
SZ002594,2019-01-03T00:00:00.000000,49.26,49.87,47.98,48.06,8347760,407386240
SZ002594,2019-01-04T00:00:00.000000,47.80,51.00,47.51,50.65,12653787,627892544
SZ002594,2019-01-07T00:00:00.000000,50.85,51.88,50.00,51.39,13604550,693197824
SZ002594,2019-01-08T00:00:00.000000,52.30,53.64,52.05,52.88,14705157,777381440
SZ002594,2019-01-09T00:00:00.000000,51.80,53.00,48.50,50.46,26220530,1327590656
SZ002594,2019-01-10T00:00:00.000000,49.90,50.19,48.64,48.85,15345590,757175104
SZ002594,2019-01-11T00:00:00.000000,48.50,49.29,48.38,49.02,9679955,472494720
SZ002594,2019-01-14T00:00:00.000000,49.20,49.21,47.31,48.80,10974634,527419456
SZ002594,2019-01-15T00:00:00.000000,48.39,48.96,47.85,48.80,8353065,405053056
SZ002594,2019-01-16T00:00:00.000000,48.80,49.12,48.32,48.93,6592379,321851872
SZ002594,2019-01-17T00:00:00.000000,48.90,48.91,47.33,47.49,9874378,471791904
SZ002594,2019-01-18T00:00:00.000000,47.49,47.49,46.04,46.82,12599591,587354368
SZ002594,2019-01-21T00:00:00.000000,46.76,48.26,46.12,48.21,13123326,623110336
SZ002594,2019-01-22T00:00:00.000000,48.06,48.80,47.60,47.70,8409377,405187168
SZ002594,2019-01-23T00:00:00.000000,47.42,48.88,47.33,48.80,9661967,468388896
SZ002594,2019-01-24T00:00:00.000000,48.93,48.97,47.66,48.52,7171159,346868864
SZ002594,2019-01-25T00:00:00.000000,48.55,49.64,48.19,49.18,10092916,495909184
SZ002594,2019-01-28T00:00:00.000000,49.20,49.85,48.28,48.46,8625359,421062144
SZ002594,2019-01-29T00:00:00.000000,48.45,48.45,47.03,48.00,6150317,294079264
SZ002594,2019-01-30T00:00:00.000000,47.95,48.27,46.90,47.15,8342614,395168896
SZ002594,2019-01-31T00:00:00.000000,47.10,47.49,46.27,46.42,7188509,336548864
SZ002594,2019-02-01T00:00:00.000000,46.75,48.31,46.51,48.27,9178000,437206880
SZ002594,2019-02-11T00:00:00.000000,48.80,50.33,48.80,50.20,12887065,643280512
SZ002594,2019-02-12T00:00:00.000000,50.21,51.15,49.88,50.58,10299151,520271552
SZ002594,2019-02-13T00:00:00.000000,50.58,52.09,50.32,51.57,12296482,631189952
SZ002594,2019-02-14T00:00:00.000000,51.85,54.06,51.85,53.72,16912415,900048064
SZ002594,2019-02-15T00:00:00.000000,53.40,53.40,51.52,51.67,15291589,798355776
SZ002594,2019-02-18T00:00:00.000000,51.93,52.79,51.64,52.45,16818485,878505536
SZ002594,2019-02-19T00:00:00.000000,52.50,52.66,50.99,51.74,14436453,746470464
SZ002594,2019-02-20T00:00:00.000000,51.80,52.80,51.54,52.36,12499899,653706176
SZ002594,2019-02-21T00:00:00.000000,52.30,53.01,51.56,51.94,12605557,659357696
SZ002594,2019-02-22T00:00:00.000000,51.80,51.88,50.90,51.88,11967784,614630400
SZ002594,2019-02-25T00:00:00.000000,51.88,55.13,51.50,55.06,25838209,1389427968
SZ002594,2019-02-26T00:00:00.000000,57.20,58.67,56.44,56.74,29199550,1676147840
SZ002594,2019-02-27T00:00:00.000000,56.20,56.25,54.15,54.96,22854262,1257964288
SZ002594,2019-02-28T00:00:00.000000,55.12,55.22,54.16,54.51,9423738,515781632
SZ002594,2019-03-01T00:00:00.000000,54.88,54.98,52.88,53.80,17456253,935733504
SZ002594,2019-03-04T00:00:00.000000,54.00,54.79,52.73,53.68,30225810,1617182208
SZ002594,2019-03-05T00:00:00.000000,53.66,54.23,53.00,54.08,19630591,1054132224
SZ002594,2019-03-06T00:00:00.000000,54.50,54.96,53.50,54.44,22052178,1195891968
SZ002594,2019-03-07T00:00:00.000000,54.10,54.10,53.01,53.38,18283943,976603648
SZ002594,2019-03-08T00:00:00.000000,53.00,53.00,51.05,51.12,18528150,962751232
SZ002594,2019-03-11T00:00:00.000000,51.10,52.48,51.10,52.37,12619650,654575680
SZ002594,2019-03-12T00:00:00.000000,52.40,52.88,51.71,51.99,13861548,725665664
SZ002594,2019-03-13T00:00:00.000000,51.78,52.77,51.30,52.00,12720968,662997504
SZ002594,2019-03-14T00:00:00.000000,52.01,55.15,52.01,54.57,35036743,1889955200
SZ002594,2019-03-15T00:00:00.000000,55.05,56.20,54.13,55.39,25542562,1416034176
SZ002594,2019-03-18T00:00:00.000000,55.50,56.44,55.39,55.66,15458909,863433536
SZ002594,2019-03-19T00:00:00.000000,56.15,56.66,55.51,55.99,12405988,695763520
SZ002594,2019-03-20T00:00:00.000000,56.25,56.67,54.85,55.40,12272270,685243136
SZ002594,2019-03-21T00:00:00.000000,55.40,55.98,54.64,55.05,10900192,603820544
SZ002594,2019-03-22T00:00:00.000000,55.15,57.58,54.99,57.00,17303254,982926464
SZ002594,2019-03-25T00:00:00.000000,56.00,57.97,55.72,56.50,12456202,709514816
SZ002594,2019-03-26T00:00:00.000000,57.00,57.55,55.08,55.25,10554904,594395008
SZ002594,2019-03-27T00:00:00.000000,54.77,56.55,53.70,54.71,14745006,804456192
SZ002594,2019-03-28T00:00:00.000000,55.65,55.66,52.50,52.77,16794728,895034560
SZ002594,2019-03-29T00:00:00.000000,52.86,53.56,52.16,53.49,12835396,680888768
SZ002594,2019-04-01T00:00:00.000000,53.54,54.79,53.30,54.45,16069815,870253120
SZ002594,2019-04-02T00:00:00.000000,54.61,54.98,54.00,54.68,12843660,697294592
SZ002594,2019-04-03T00:00:00.000000,54.71,54.90,54.17,54.39,10170257,554172096
SZ002594,2019-04-04T00:00:00.000000,54.54,55.64,54.42,55.19,14770621,814495104
SZ002594,2019-04-08T00:00:00.000000,55.48,55.62,52.90,53.44,16560019,896323904
SZ002594,2019-04-09T00:00:00.000000,53.55,55.30,53.55,54.93,13304870,724828864
SZ002594,2019-04-10T00:00:00.000000,54.95,56.30,53.67,55.52,17645457,976494656
SZ002594,2019-04-11T00:00:00.000000,55.78,57.40,54.73,54.93,18387302,1031866112
SZ002594,2019-04-12T00:00:00.000000,54.75,54.75,53.67,54.09,8946041,484592128
SZ002594,2019-04-15T00:00:00.000000,54.46,55.24,53.33,53.54,10020148,544377856
SZ002594,2019-04-16T00:00:00.000000,53.54,57.05,53.30,56.73,21009570,1165362432
SZ002594,2019-04-17T00:00:00.000000,58.10,62.40,58.10,62.40,49171414,2999382016
SZ002594,2019-04-18T00:00:00.000000,62.30,62.31,58.90,59.32,31469652,1902702592
SZ002594,2019-04-19T00:00:00.000000,59.01,61.80,58.51,60.13,17436429,1050880576
SZ002594,2019-04-22T00:00:00.000000,60.00,60.13,57.19,57.71,15252484,888126592
SZ002594,2019-04-23T00:00:00.000000,57.75,57.91,56.61,56.96,9968587,569865408
SZ002594,2019-04-24T00:00:00.000000,57.44,58.17,56.65,58.15,11292285,651607936
SZ002594,2019-04-25T00:00:00.000000,57.70,57.70,56.00,56.16,9292485,526376224
SZ002594,2019-04-26T00:00:00.000000,56.09,56.59,55.13,55.36,8208926,457693824
SZ002594,2019-04-29T00:00:00.000000,56.50,56.98,55.45,55.65,10512820,591529408
SZ002594,2019-04-30T00:00:00.000000,55.55,56.90,55.25,56.90,7927423,447723200
SZ002594,2019-05-06T00:00:00.000000,54.88,55.28,51.84,52.05,13554364,725208704
SZ002594,2019-05-07T00:00:00.000000,52.42,53.58,52.07,53.01,8574247,454013984
SZ002594,2019-05-08T00:00:00.000000,52.03,53.32,51.41,51.85,9814703,511300544
SZ002594,2019-05-09T00:00:00.000000,51.90,52.25,50.67,51.11,7426390,380777312
SZ002594,2019-05-10T00:00:00.000000,51.86,52.32,49.70,52.26,9046503,467950656
SZ002594,2019-05-13T00:00:00.000000,52.20,52.20,50.50,51.02,6496077,331705664
SZ002594,2019-05-14T00:00:00.000000,50.45,51.00,50.10,50.19,6297478,318067072
SZ002594,2019-05-15T00:00:00.000000,50.61,51.33,50.33,51.29,6802685,346688288
SZ002594,2019-05-16T00:00:00.000000,51.25,51.89,51.20,51.47,5837700,300715968
SZ002594,2019-05-17T00:00:00.000000,51.30,51.45,50.00,50.22,6750482,340767744
SZ002594,2019-05-20T00:00:00.000000,50.40,50.42,48.50,49.00,7829597,383243520
SZ002594,2019-05-21T00:00:00.000000,49.16,49.61,48.70,49.40,5986063,295136960
SZ002594,2019-05-22T00:00:00.000000,49.49,49.51,48.60,48.93,5262337,257348048
SZ002594,2019-05-23T00:00:00.000000,49.30,49.48,47.47,47.59,10705719,514288096
SZ002594,2019-05-24T00:00:00.000000,47.71,49.69,47.00,48.61,9376616,451740384
SZ002594,2019-05-27T00:00:00.000000,48.30,48.99,47.30,48.81,7956686,383543232
SZ002594,2019-05-28T00:00:00.000000,48.81,50.50,48.71,50.50,12252548,610836928
SZ002594,2019-05-29T00:00:00.000000,49.51,49.95,49.27,49.60,5665872,281063744
SZ002594,2019-05-30T00:00:00.000000,49.50,49.50,48.25,48.37,5540362,269187296
SZ002594,2019-05-31T00:00:00.000000,48.64,48.93,47.87,48.25,5359067,259382624
SZ002594,2019-06-03T00:00:00.000000,48.71,49.16,48.04,48.79,5396170,261923872
SZ002594,2019-06-04T00:00:00.000000,48.44,48.60,47.70,48.51,4933099,237326288
SZ002594,2019-06-05T00:00:00.000000,48.98,49.35,48.60,48.90,6727146,329419968
SZ002594,2019-06-06T00:00:00.000000,49.69,50.12,49.00,49.37,10634788,527701760
SZ002594,2019-06-10T00:00:00.000000,51.00,51.91,50.66,50.90,13108181,671025792
SZ002594,2019-06-11T00:00:00.000000,50.57,51.69,50.15,51.55,11968634,611970752
SZ002594,2019-06-12T00:00:00.000000,51.56,51.56,50.56,50.75,9379099,476661984
SZ002594,2019-06-13T00:00:00.000000,50.70,50.70,49.89,50.22,6805893,341679840
SZ002594,2019-06-14T00:00:00.000000,50.30,50.49,49.30,49.35,6255308,311449184
SZ002594,2019-06-17T00:00:00.000000,49.49,49.93,49.00,49.10,5300507,261630784
SZ002594,2019-06-18T00:00:00.000000,49.11,49.60,48.97,49.20,5472368,269093632
SZ002594,2019-06-19T00:00:00.000000,50.12,50.35,49.46,49.60,9254967,461559424
SZ002594,2019-06-20T00:00:00.000000,49.60,50.49,49.08,50.29,12116866,604664128
SZ002594,2019-06-21T00:00:00.000000,50.20,50.68,50.00,50.55,10652486,537052480
SZ002594,2019-06-24T00:00:00.000000,50.55,50.88,50.21,50.76,6540116,331224640
SZ002594,2019-06-25T00:00:00.000000,50.50,50.68,49.70,49.90,7874219,393724896
SZ002594,2019-06-26T00:00:00.000000,49.56,50.60,49.41,50.03,5713927,286425568
SZ002594,2019-06-27T00:00:00.000000,50.20,50.86,50.06,50.54,8118108,410302464
SZ002594,2019-06-28T00:00:00.000000,50.55,50.83,50.23,50.72,5517097,278912032
SZ002594,2019-07-01T00:00:00.000000,51.60,52.13,51.08,51.91,11436363,591468288
SZ002594,2019-07-02T00:00:00.000000,51.91,54.40,51.55,53.18,15855634,845974016
SZ002594,2019-07-03T00:00:00.000000,53.18,54.20,52.77,53.40,11872344,636771008
SZ002594,2019-07-04T00:00:00.000000,53.42,54.11,52.82,53.24,8147145,435697728
SZ002594,2019-07-05T00:00:00.000000,53.24,53.77,52.18,53.26,8251329,437855968
SZ002594,2019-07-08T00:00:00.000000,53.27,53.29,51.26,52.32,9730846,509579136
SZ002594,2019-07-09T00:00:00.000000,52.19,55.05,52.07,54.89,18105310,978273344
SZ002594,2019-07-10T00:00:00.000000,54.60,54.60,53.51,53.90,11979195,645839744
SZ002594,2019-07-11T00:00:00.000000,53.92,54.15,52.89,53.25,9230370,493283904
SZ002594,2019-07-12T00:00:00.000000,53.30,54.78,53.20,54.26,10375030,562711488
SZ002594,2019-07-15T00:00:00.000000,54.28,55.88,53.62,55.35,12220676,672943680
SZ002594,2019-07-16T00:00:00.000000,55.14,55.25,54.60,54.78,5394609,295764352
SZ002594,2019-07-17T00:00:00.000000,54.79,55.20,54.40,54.65,6212871,340228576
SZ002594,2019-07-18T00:00:00.000000,54.37,54.37,53.06,53.45,8958440,478991328
SZ002594,2019-07-19T00:00:00.000000,53.61,54.23,53.36,53.93,6007225,323902144
SZ002594,2019-07-22T00:00:00.000000,54.50,55.43,54.04,54.90,11534418,632700608
SZ002594,2019-07-23T00:00:00.000000,54.80,57.25,54.36,56.33,14107181,790276992
SZ002594,2019-07-24T00:00:00.000000,56.80,57.26,56.20,56.34,10612397,602258048
SZ002594,2019-07-25T00:00:00.000000,56.34,56.98,55.82,56.80,6902262,389643328
SZ002594,2019-07-26T00:00:00.000000,56.25,57.88,56.00,57.42,10588385,605449728
SZ002594,2019-07-29T00:00:00.000000,57.84,57.95,56.59,57.22,6343402,362394976
SZ002594,2019-07-30T00:00:00.000000,57.25,57.46,56.54,57.08,7548523,429968224
SZ002594,2019-07-31T00:00:00.000000,56.80,56.80,55.48,55.95,8971983,502687424
SZ002594,2019-08-01T00:00:00.000000,55.70,56.28,55.18,55.73,8866960,493036928
SZ002594,2019-08-02T00:00:00.000000,54.06,55.03,53.85,54.39,8417992,458483264
SZ002594,2019-08-05T00:00:00.000000,54.20,54.47,52.21,52.38,10457532,555556928
SZ002594,2019-08-06T00:00:00.000000,51.41,51.98,50.45,51.37,10836219,554889920
SZ002594,2019-08-07T00:00:00.000000,51.65,51.90,50.57,50.80,7113098,363369312
SZ002594,2019-08-08T00:00:00.000000,51.13,51.31,50.50,50.86,7145616,363707712
SZ002594,2019-08-09T00:00:00.000000,51.30,51.96,50.86,50.99,8577344,440459424
SZ002594,2019-08-12T00:00:00.000000,50.88,51.20,49.80,51.20,9073899,458849760
SZ002594,2019-08-13T00:00:00.000000,50.51,50.69,49.40,49.50,13533320,674159680
SZ002594,2019-08-14T00:00:00.000000,50.20,50.50,49.76,50.29,9268729,465589312
SZ002594,2019-08-15T00:00:00.000000,49.45,50.37,49.04,50.11,6644666,330083360
SZ002594,2019-08-16T00:00:00.000000,50.30,51.55,50.12,51.07,9030127,461801376
SZ002594,2019-08-19T00:00:00.000000,52.00,52.19,51.20,52.10,10680625,553165952
SZ002594,2019-08-20T00:00:00.000000,51.79,52.09,51.30,51.43,8799564,454068928
SZ002594,2019-08-21T00:00:00.000000,51.33,51.62,50.88,51.62,8567785,438446560
SZ002594,2019-08-22T00:00:00.000000,50.90,50.90,49.67,50.21,21108924,1057906176
SZ002594,2019-08-23T00:00:00.000000,50.00,50.01,48.24,48.89,24696939,1209219968
SZ002594,2019-08-26T00:00:00.000000,48.02,49.05,47.74,49.03,14227441,690592192
SZ002594,2019-08-27T00:00:00.000000,49.12,49.63,49.10,49.54,14479160,715147648
SZ002594,2019-08-28T00:00:00.000000,50.30,51.34,49.79,49.81,17650972,890016576
SZ002594,2019-08-29T00:00:00.000000,49.78,49.78,48.80,49.10,9740862,478134208
SZ002594,2019-08-30T00:00:00.000000,49.58,49.89,49.16,49.45,10182534,504256096
SZ002594,2019-09-02T00:00:00.000000,49.98,50.00,49.34,49.72,11833676,587224064
SZ002594,2019-09-03T00:00:00.000000,49.99,49.99,49.15,49.49,9567533,472364320
SZ002594,2019-09-04T00:00:00.000000,49.48,49.48,49.01,49.37,10703502,525959136
SZ002594,2019-09-05T00:00:00.000000,49.50,50.40,49.49,50.14,17490743,875402240
SZ002594,2019-09-06T00:00:00.000000,50.34,51.20,50.21,50.49,14657357,741340608
SZ002594,2019-09-09T00:00:00.000000,50.85,51.66,50.56,51.58,19482841,997120960
SZ002594,2019-09-10T00:00:00.000000,51.70,51.87,50.86,51.15,12837364,656697472
SZ002594,2019-09-11T00:00:00.000000,51.26,51.68,50.90,51.11,11635720,595551872
SZ002594,2019-09-12T00:00:00.000000,51.30,51.38,50.36,50.79,9914481,503285184
SZ002594,2019-09-16T00:00:00.000000,51.35,51.36,50.85,51.16,8378772,428267712
SZ002594,2019-09-17T00:00:00.000000,51.20,51.23,49.68,49.97,10559765,529991136
SZ002594,2019-09-18T00:00:00.000000,50.00,50.13,49.81,50.04,5328299,266325728
SZ002594,2019-09-19T00:00:00.000000,50.18,50.26,49.80,50.19,6170761,308751040
SZ002594,2019-09-20T00:00:00.000000,50.40,50.44,50.00,50.07,6876285,344745440
SZ002594,2019-09-23T00:00:00.000000,49.90,49.95,48.85,49.18,9593517,471134528
SZ002594,2019-09-24T00:00:00.000000,49.40,50.40,49.19,49.87,7983375,398163616
SZ002594,2019-09-25T00:00:00.000000,49.85,49.85,48.90,49.04,8075345,396537344
SZ002594,2019-09-26T00:00:00.000000,49.30,49.50,48.48,48.49,6952445,339274816
SZ002594,2019-09-27T00:00:00.000000,48.49,48.81,48.38,48.58,4068099,197703056
SZ002594,2019-09-30T00:00:00.000000,48.65,49.13,48.54,48.78,4914451,240165088
SZ002594,2019-10-08T00:00:00.000000,48.80,49.26,48.30,48.42,4861484,237568928
SZ002594,2019-10-09T00:00:00.000000,48.30,48.32,47.28,48.09,5047112,241379424
SZ002594,2019-10-10T00:00:00.000000,48.40,49.20,48.36,49.00,6255309,306006464
SZ002594,2019-10-11T00:00:00.000000,48.50,48.96,47.97,48.43,7574174,368013984
SZ002594,2019-10-14T00:00:00.000000,48.98,49.38,48.50,48.85,8388152,410269728
SZ002594,2019-10-15T00:00:00.000000,48.90,49.00,47.90,48.00,7661072,369180672
SZ002594,2019-10-16T00:00:00.000000,48.00,48.24,47.48,47.52,7150354,340699072
SZ002594,2019-10-17T00:00:00.000000,47.52,47.75,47.40,47.52,3851023,183173456
SZ002594,2019-10-18T00:00:00.000000,47.99,47.99,46.82,46.90,7500971,353826112
SZ002594,2019-10-21T00:00:00.000000,46.90,46.98,46.21,46.57,5282536,245221088
SZ002594,2019-10-22T00:00:00.000000,46.59,46.86,46.52,46.80,3322407,155146528
SZ002594,2019-10-23T00:00:00.000000,46.79,46.95,46.56,46.60,3036755,141635936
SZ002594,2019-10-24T00:00:00.000000,46.50,46.82,46.50,46.66,3156884,147314384
SZ002594,2019-10-25T00:00:00.000000,46.80,47.17,46.44,47.04,3707553,173422880
SZ002594,2019-10-28T00:00:00.000000,47.03,47.46,47.03,47.30,5259192,248669248
SZ002594,2019-10-29T00:00:00.000000,47.34,47.89,47.10,47.15,5510938,261660448
SZ002594,2019-10-30T00:00:00.000000,45.90,45.90,43.50,43.96,17241884,764931712
SZ002594,2019-10-31T00:00:00.000000,43.95,43.95,42.60,42.85,11068357,475701024
SZ002594,2019-11-01T00:00:00.000000,42.80,43.75,42.30,43.57,6730450,291051712
SZ002594,2019-11-04T00:00:00.000000,43.57,43.80,43.13,43.43,5411918,234941648
SZ002594,2019-11-05T00:00:00.000000,43.52,44.35,43.02,43.95,7699013,336061248
SZ002594,2019-11-06T00:00:00.000000,44.10,44.85,43.53,44.31,9671421,429240480
SZ002594,2019-11-07T00:00:00.000000,44.03,45.65,43.69,44.68,9683550,433523296
SZ002594,2019-11-08T00:00:00.000000,45.88,45.95,44.80,44.88,9137313,414639264
SZ002594,2019-11-11T00:00:00.000000,44.80,44.80,43.63,43.95,6167358,272426336
SZ002594,2019-11-12T00:00:00.000000,43.92,44.33,43.55,44.10,4456929,196281808
SZ002594,2019-11-13T00:00:00.000000,44.12,44.17,43.00,43.28,5797794,251998384
SZ002594,2019-11-14T00:00:00.000000,43.50,43.82,43.32,43.52,4039789,175929264
SZ002594,2019-11-15T00:00:00.000000,43.53,43.63,42.80,43.12,4614919,199139088
SZ002594,2019-11-18T00:00:00.000000,42.90,43.03,42.52,42.83,5368647,229761360
SZ002594,2019-11-19T00:00:00.000000,42.56,43.75,42.56,43.74,5346348,231949856
SZ002594,2019-11-20T00:00:00.000000,43.60,43.60,43.01,43.10,3938684,170528000
SZ002594,2019-11-21T00:00:00.000000,43.20,43.87,42.78,43.62,5699971,247633920
SZ002594,2019-11-22T00:00:00.000000,43.73,44.60,43.45,43.82,7026890,309191776
SZ002594,2019-11-25T00:00:00.000000,44.16,45.28,43.54,44.87,12172663,541772288
SZ002594,2019-11-26T00:00:00.000000,44.78,45.09,43.75,44.60,9956805,442825728
SZ002594,2019-11-27T00:00:00.000000,44.46,44.47,43.85,43.90,4833098,212902112
SZ002594,2019-11-28T00:00:00.000000,43.58,43.73,43.15,43.18,4812003,208644192
SZ002594,2019-11-29T00:00:00.000000,43.27,43.62,43.02,43.39,4410362,190926832
SZ002594,2019-12-02T00:00:00.000000,43.39,43.54,43.05,43.15,4331093,187308256
SZ002594,2019-12-03T00:00:00.000000,43.15,43.84,42.99,43.79,4704804,204097552
SZ002594,2019-12-04T00:00:00.000000,43.72,44.44,43.44,44.13,6895971,303525504
SZ002594,2019-12-05T00:00:00.000000,44.20,44.41,43.90,44.04,6286453,277165408
SZ002594,2019-12-06T00:00:00.000000,44.05,44.14,43.47,43.71,6814573,297440960
SZ002594,2019-12-09T00:00:00.000000,43.71,43.80,43.27,43.38,5825985,252881168
SZ002594,2019-12-10T00:00:00.000000,43.53,43.53,43.20,43.43,4217317,182927328
SZ002594,2019-12-11T00:00:00.000000,43.36,44.23,43.19,44.12,8887329,389740640
SZ002594,2019-12-12T00:00:00.000000,44.09,44.09,43.23,43.48,8092275,353467360
SZ002594,2019-12-13T00:00:00.000000,43.79,43.89,43.23,43.37,14160083,614076992
SZ002594,2019-12-16T00:00:00.000000,43.43,44.15,43.23,44.13,12526348,547285376
SZ002594,2019-12-17T00:00:00.000000,44.17,45.55,44.16,45.04,19047175,857264000
SZ002594,2019-12-18T00:00:00.000000,45.08,45.08,44.53,44.70,11322913,506519520
SZ002594,2019-12-19T00:00:00.000000,44.70,45.00,44.26,44.97,10116347,451499520
SZ002594,2019-12-20T00:00:00.000000,45.23,47.28,45.05,46.62,28983802,1344330880
SZ002594,2019-12-23T00:00:00.000000,46.32,46.42,45.47,45.54,13277509,608250688
SZ002594,2019-12-24T00:00:00.000000,45.75,46.85,45.75,46.78,15660222,725017600
SZ002594,2019-12-25T00:00:00.000000,47.05,48.14,46.51,46.85,19183257,906693888
SZ002594,2019-12-26T00:00:00.000000,46.21,47.25,46.14,46.41,11034572,513101984
SZ002594,2019-12-27T00:00:00.000000,46.20,46.85,46.00,46.00,10962127,507597024
SZ002594,2019-12-30T00:00:00.000000,46.35,47.80,46.02,47.64,19647712,925707968
SZ002594,2019-12-31T00:00:00.000000,47.51,48.10,46.90,47.67,13216616,626863872
SZ002594,2020-01-02T00:00:00.000000,47.69,48.47,47.51,48.17,15934570,765516480
SZ002594,2020-01-03T00:00:00.000000,48.20,48.99,47.68,48.04,12993607,628361984
SZ002594,2020-01-06T00:00:00.000000,47.39,49.19,47.19,48.28,16987138,822172480
SZ002594,2020-01-07T00:00:00.000000,48.31,48.50,47.77,48.05,9340058,449013440
SZ002594,2020-01-08T00:00:00.000000,47.55,48.35,47.15,47.28,11097445,529249408
SZ002594,2020-01-09T00:00:00.000000,47.75,48.20,47.38,47.65,8921700,425352448
SZ002594,2020-01-10T00:00:00.000000,47.66,47.66,46.61,46.92,10929463,512929728
SZ002594,2020-01-13T00:00:00.000000,51.61,51.61,50.51,51.61,51882759,2662873856
SZ002594,2020-01-14T00:00:00.000000,55.00,55.99,53.00,53.44,61497596,3356918784
SZ002594,2020-01-15T00:00:00.000000,54.01,54.75,52.28,53.31,29870523,1594534528
SZ002594,2020-01-16T00:00:00.000000,53.49,54.54,51.78,54.09,33573707,1778235648
SZ002594,2020-01-17T00:00:00.000000,53.86,59.50,53.20,57.95,53060038,3022542336
SZ002594,2020-01-20T00:00:00.000000,57.30,59.90,56.50,58.76,30077562,1742179840
SZ002594,2020-01-21T00:00:00.000000,57.72,57.73,56.55,56.72,20383657,1161444864
SZ002594,2020-01-22T00:00:00.000000,56.50,60.50,56.10,59.27,32797995,1927419392
SZ002594,2020-01-23T00:00:00.000000,57.99,61.88,57.51,59.83,29158496,1735366400
SZ002594,2020-02-03T00:00:00.000000,53.85,54.48,53.85,53.85,10039800,540735168
SZ002594,2020-02-04T00:00:00.000000,54.00,57.50,54.00,56.36,36777530,2057907712
SZ002594,2020-02-05T00:00:00.000000,57.70,62.00,56.99,60.81,44623025,2698234880
SZ002594,2020-02-06T00:00:00.000000,58.45,60.85,58.40,60.75,30113181,1792085760
SZ002594,2020-02-07T00:00:00.000000,60.74,60.74,56.66,57.90,32128159,1868897024
SZ002594,2020-02-10T00:00:00.000000,59.20,63.36,58.85,60.93,35279646,2143782528
SZ002594,2020-02-11T00:00:00.000000,60.00,60.12,58.28,59.04,19617574,1162310528
SZ002594,2020-02-12T00:00:00.000000,59.04,60.60,58.35,59.19,19745556,1171671680
SZ002594,2020-02-13T00:00:00.000000,58.50,60.13,57.50,57.55,23694703,1387055872
SZ002594,2020-02-14T00:00:00.000000,57.56,57.90,56.44,56.90,21117383,1205977344
SZ002594,2020-02-17T00:00:00.000000,56.91,58.56,56.91,58.48,20988900,1215249664
SZ002594,2020-02-18T00:00:00.000000,57.80,60.00,57.77,59.47,22836532,1350970752
SZ002594,2020-02-19T00:00:00.000000,64.47,64.48,61.66,61.91,43747653,2773613056
SZ002594,2020-02-20T00:00:00.000000,63.17,68.10,63.11,68.10,64939094,4366081536
SZ002594,2020-02-21T00:00:00.000000,67.00,68.27,65.68,67.50,45518916,3046191104
SZ002594,2020-02-24T00:00:00.000000,65.42,67.14,64.96,66.20,35796879,2351741696
SZ002594,2020-02-25T00:00:00.000000,64.40,72.19,64.17,70.85,40743409,2786635264
SZ002594,2020-02-26T00:00:00.000000,69.78,75.80,69.00,71.70,52276832,3774510848
SZ002594,2020-02-27T00:00:00.000000,71.68,73.15,68.08,70.05,27269996,1912686976
SZ002594,2020-02-28T00:00:00.000000,66.66,68.99,64.95,65.37,33825352,2251947776
SZ002594,2020-03-02T00:00:00.000000,65.60,67.23,64.00,66.85,22564321,1492112256
SZ002594,2020-03-03T00:00:00.000000,69.80,70.20,67.46,67.87,27425292,1880749824
SZ002594,2020-03-04T00:00:00.000000,66.95,67.80,64.72,66.58,18093253,1198529280
SZ002594,2020-03-05T00:00:00.000000,67.02,67.62,65.50,66.81,17000367,1128290432
SZ002594,2020-03-06T00:00:00.000000,65.50,67.55,65.33,65.36,14720960,972612992
SZ002594,2020-03-09T00:00:00.000000,63.29,63.29,59.18,59.45,29247882,1789143808
SZ002594,2020-03-10T00:00:00.000000,57.60,61.50,57.33,60.17,26680523,1578089216
SZ002594,2020-03-11T00:00:00.000000,60.77,61.15,58.60,58.75,22221247,1327803136
SZ002594,2020-03-12T00:00:00.000000,57.31,57.66,55.90,57.03,23238254,1319050368
SZ002594,2020-03-13T00:00:00.000000,53.80,56.50,52.35,55.66,21319807,1162290560
SZ002594,2020-03-16T00:00:00.000000,56.59,57.33,53.88,53.88,23877348,1326361216
SZ002594,2020-03-17T00:00:00.000000,53.88,54.96,51.88,53.04,18091852,961588992
SZ002594,2020-03-18T00:00:00.000000,53.59,54.67,52.02,52.09,17268432,925695040
SZ002594,2020-03-19T00:00:00.000000,52.11,52.52,49.88,51.36,19445000,993678528
SZ002594,2020-03-20T00:00:00.000000,52.30,52.79,51.40,52.52,14829620,772921088
SZ002594,2020-03-23T00:00:00.000000,50.25,50.80,47.89,48.15,24273976,1190535680
SZ002594,2020-03-24T00:00:00.000000,49.26,49.88,47.39,49.73,20502711,1002130048
SZ002594,2020-03-25T00:00:00.000000,51.55,52.80,51.04,52.25,28978742,1504804480
SZ002594,2020-03-26T00:00:00.000000,52.50,55.18,51.61,54.27,29662084,1588497024
SZ002594,2020-03-27T00:00:00.000000,55.40,56.05,54.44,54.78,22997249,1269534080
SZ002594,2020-03-30T00:00:00.000000,55.00,57.78,54.87,56.23,32893740,1855914368
SZ002594,2020-03-31T00:00:00.000000,56.76,59.99,55.45,59.97,35017444,2037070464
SZ002594,2020-04-01T00:00:00.000000,59.90,60.66,57.02,57.12,36556547,2139092096
SZ002594,2020-04-02T00:00:00.000000,56.70,56.70,54.80,56.59,23384169,1300691328
SZ002594,2020-04-03T00:00:00.000000,56.59,56.59,54.91,55.00,16918966,940495680
SZ002594,2020-04-07T00:00:00.000000,56.44,56.92,55.60,56.31,18911589,1061432576
SZ002594,2020-04-08T00:00:00.000000,55.80,55.80,55.04,55.32,12954327,717031936
SZ002594,2020-04-09T00:00:00.000000,55.81,56.54,55.55,55.65,13333832,746729536
SZ002594,2020-04-10T00:00:00.000000,56.28,56.28,54.15,54.57,13185472,727755072
SZ002594,2020-04-13T00:00:00.000000,54.73,55.94,54.73,55.80,10255956,569833088
SZ002594,2020-04-14T00:00:00.000000,55.80,58.00,55.38,57.92,23386305,1338857728
SZ002594,2020-04-15T00:00:00.000000,59.36,62.39,58.38,60.14,30622736,1847393280
SZ002594,2020-04-16T00:00:00.000000,60.10,61.30,59.05,60.01,16525891,992639168
SZ002594,2020-04-17T00:00:00.000000,60.60,60.98,58.68,58.80,15649005,931863488
SZ002594,2020-04-20T00:00:00.000000,59.40,59.40,58.16,58.86,10747360,630616704
SZ002594,2020-04-21T00:00:00.000000,58.50,59.68,57.80,59.37,14714834,864113088
SZ002594,2020-04-22T00:00:00.000000,58.40,60.00,57.88,59.43,12145802,715492480
SZ002594,2020-04-23T00:00:00.000000,59.99,60.55,58.04,58.25,11602798,686078400
SZ002594,2020-04-24T00:00:00.000000,58.67,60.49,58.50,58.73,13594893,806969216
SZ002594,2020-04-27T00:00:00.000000,59.02,59.09,56.88,56.98,13826532,799777344
SZ002594,2020-04-28T00:00:00.000000,57.00,57.59,54.76,56.98,12865794,725364992
SZ002594,2020-04-29T00:00:00.000000,58.20,59.45,57.56,58.00,16512556,964564480
SZ002594,2020-04-30T00:00:00.000000,58.82,60.58,58.51,59.96,21887625,1303496192
SZ002594,2020-05-06T00:00:00.000000,59.40,62.50,59.10,62.18,23190623,1420097920
SZ002594,2020-05-07T00:00:00.000000,62.17,62.17,59.98,60.09,22511802,1362997632
SZ002594,2020-05-08T00:00:00.000000,60.11,60.50,59.30,59.78,17147173,1025569472
SZ002594,2020-05-11T00:00:00.000000,59.29,59.66,58.11,58.88,19071621,1121805568
SZ002594,2020-05-12T00:00:00.000000,58.89,59.14,58.20,59.13,10401966,610124992
SZ002594,2020-05-13T00:00:00.000000,59.13,59.75,58.50,58.99,11111516,657744000
SZ002594,2020-05-14T00:00:00.000000,58.90,58.90,57.55,57.69,11836313,688315264
SZ002594,2020-05-15T00:00:00.000000,57.79,58.58,57.30,57.96,10277106,595823296
SZ002594,2020-05-18T00:00:00.000000,57.40,58.40,56.40,57.18,10474339,601110784
SZ002594,2020-05-19T00:00:00.000000,58.00,58.60,57.75,58.22,9404190,547143040
SZ002594,2020-05-20T00:00:00.000000,58.70,60.30,58.67,59.01,16470785,981282432
SZ002594,2020-05-21T00:00:00.000000,59.11,59.37,57.01,57.15,12096788,697047168
SZ002594,2020-05-22T00:00:00.000000,57.16,57.67,55.51,56.03,9234961,522767776
SZ002594,2020-05-25T00:00:00.000000,56.03,56.55,55.31,56.52,5969703,334368704
SZ002594,2020-05-26T00:00:00.000000,56.80,58.38,56.80,58.30,9854368,570419200
SZ002594,2020-05-27T00:00:00.000000,59.60,59.95,57.07,57.30,11361742,662802624
SZ002594,2020-05-28T00:00:00.000000,57.35,58.23,56.40,57.48,8630023,494679168
SZ002594,2020-05-29T00:00:00.000000,57.12,58.02,56.81,57.41,6803639,390882848
SZ002594,2020-06-01T00:00:00.000000,57.75,59.69,57.44,59.33,16106781,949983296
SZ002594,2020-06-02T00:00:00.000000,59.57,62.18,58.88,61.00,20479610,1235513472
SZ002594,2020-06-03T00:00:00.000000,60.79,61.05,59.48,59.93,14635695,882603776
SZ002594,2020-06-04T00:00:00.000000,60.48,61.20,59.71,60.11,10574332,637797440
SZ002594,2020-06-05T00:00:00.000000,61.00,63.28,60.33,63.20,26545122,1643855488
SZ002594,2020-06-08T00:00:00.000000,63.00,63.83,62.45,62.79,17244111,1087013120
SZ002594,2020-06-09T00:00:00.000000,63.00,64.41,61.69,61.98,20443053,1285542272
SZ002594,2020-06-10T00:00:00.000000,62.26,62.42,60.68,61.05,18619403,1140629376
SZ002594,2020-06-11T00:00:00.000000,61.87,64.20,61.51,62.84,28023252,1764678784
SZ002594,2020-06-12T00:00:00.000000,61.40,61.93,60.63,61.48,17549710,1075893120
SZ002594,2020-06-15T00:00:00.000000,62.50,63.88,61.25,62.50,19574028,1225432576
SZ002594,2020-06-16T00:00:00.000000,63.80,64.46,63.13,64.10,21411572,1367780352
SZ002594,2020-06-17T00:00:00.000000,64.00,64.11,62.36,64.11,14437818,912074304
SZ002594,2020-06-18T00:00:00.000000,63.80,66.76,62.94,66.74,27903336,1829902592
SZ002594,2020-06-19T00:00:00.000000,66.69,68.68,66.30,66.99,22061887,1487252992
SZ002594,2020-06-22T00:00:00.000000,66.60,68.78,66.29,68.00,19625480,1325805184
SZ002594,2020-06-23T00:00:00.000000,67.57,72.09,67.00,71.03,26037491,1812606848
SZ002594,2020-06-24T00:00:00.000000,71.10,73.06,70.76,71.70,19668098,1414432128
SZ002594,2020-06-29T00:00:00.000000,71.50,72.43,70.30,70.60,17337630,1233307776
SZ002594,2020-06-30T00:00:00.000000,71.41,72.85,70.87,71.80,16983101,1223207552
SZ002594,2020-07-01T00:00:00.000000,73.21,75.45,71.03,72.47,23509322,1726221312
SZ002594,2020-07-02T00:00:00.000000,72.63,74.61,71.80,72.14,21407418,1559734656
SZ002594,2020-07-03T00:00:00.000000,73.30,79.35,73.23,79.35,45538812,3497719552
SZ002594,2020-07-06T00:00:00.000000,79.33,81.59,77.41,80.90,46122416,3661516288
SZ002594,2020-07-07T00:00:00.000000,84.76,88.50,83.00,83.00,46670587,3978641408
SZ002594,2020-07-08T00:00:00.000000,81.94,84.28,81.86,82.75,31915588,2647763200
SZ002594,2020-07-09T00:00:00.000000,82.75,86.30,81.46,84.46,32797352,2764110592
SZ002594,2020-07-10T00:00:00.000000,84.47,92.36,83.05,89.00,39602931,3495161088
SZ002594,2020-07-13T00:00:00.000000,92.60,97.90,92.29,97.90,57987128,5536513024
SZ002594,2020-07-14T00:00:00.000000,97.90,97.91,90.58,96.55,53638869,5075817472
SZ002594,2020-07-15T00:00:00.000000,97.00,97.29,92.69,94.50,38869586,3699031040
SZ002594,2020-07-16T00:00:00.000000,94.40,95.50,85.05,85.05,56046663,4984540672
SZ002594,2020-07-17T00:00:00.000000,83.02,85.36,80.07,81.59,43096874,3549101568
SZ002594,2020-07-20T00:00:00.000000,83.70,89.30,81.61,87.17,43173031,3684539648
SZ002594,2020-07-21T00:00:00.000000,89.90,91.33,87.68,88.09,31722234,2834375680
SZ002594,2020-07-22T00:00:00.000000,86.00,89.48,85.50,87.19,26954483,2367987200
SZ002594,2020-07-23T00:00:00.000000,86.06,89.00,85.58,88.99,32728656,2869841152
SZ002594,2020-07-24T00:00:00.000000,87.78,88.14,82.50,83.00,38817374,3298033920
SZ002594,2020-07-27T00:00:00.000000,83.50,85.20,82.30,83.52,20882846,1753284480
SZ002594,2020-07-28T00:00:00.000000,85.98,86.66,83.00,83.91,21644067,1829407616
SZ002594,2020-07-29T00:00:00.000000,83.31,87.50,82.52,86.93,28797550,2464892416
SZ002594,2020-07-30T00:00:00.000000,87.02,87.63,84.30,85.00,22449269,1917850496
SZ002594,2020-07-31T00:00:00.000000,84.96,86.66,83.46,85.39,25812289,2201963264
SZ002594,2020-08-03T00:00:00.000000,85.41,86.50,84.40,86.17,28030360,2394349056
SZ002594,2020-08-04T00:00:00.000000,86.95,91.00,86.88,89.00,38395587,3414415360
SZ002594,2020-08-05T00:00:00.000000,89.00,89.00,86.58,88.15,19022684,1667411328
SZ002594,2020-08-06T00:00:00.000000,88.81,89.60,87.00,88.73,20533266,1815887488
SZ002594,2020-08-07T00:00:00.000000,87.60,88.76,83.81,85.38,24597416,2120266880
SZ002594,2020-08-10T00:00:00.000000,83.79,84.35,80.00,81.98,33653884,2752165120
SZ002594,2020-08-11T00:00:00.000000,81.90,83.20,80.95,81.00,19417260,1596334592
SZ002594,2020-08-12T00:00:00.000000,81.18,81.98,78.45,81.98,22097173,1768144512
SZ002594,2020-08-13T00:00:00.000000,83.50,83.80,81.65,81.80,13582779,1119875328
SZ002594,2020-08-14T00:00:00.000000,82.10,82.59,80.00,81.93,12062031,981262720
SZ002594,2020-08-17T00:00:00.000000,82.20,83.23,81.33,82.92,15103194,1246372736
SZ002594,2020-08-18T00:00:00.000000,84.01,84.51,81.80,82.18,16155250,1335564928
SZ002594,2020-08-19T00:00:00.000000,81.40,81.64,79.52,79.65,18735826,1504274048
SZ002594,2020-08-20T00:00:00.000000,79.64,80.00,78.10,78.55,12272430,967851072
SZ002594,2020-08-21T00:00:00.000000,80.00,80.64,78.90,79.58,11190548,893244032
SZ002594,2020-08-24T00:00:00.000000,79.90,82.28,79.69,81.44,17128061,1384872448
SZ002594,2020-08-25T00:00:00.000000,81.00,82.88,80.50,81.24,14510634,1182125952
SZ002594,2020-08-26T00:00:00.000000,82.00,85.31,81.68,83.42,32047153,2691953408
SZ002594,2020-08-27T00:00:00.000000,86.50,87.55,84.70,85.42,25203489,2168640256
SZ002594,2020-08-28T00:00:00.000000,85.00,86.06,83.02,85.39,18647043,1572760192
SZ002594,2020-08-31T00:00:00.000000,87.02,88.22,84.88,85.00,21534690,1864842752
SZ002594,2020-09-01T00:00:00.000000,86.99,93.50,86.31,93.50,39461265,3573272576
SZ002594,2020-09-02T00:00:00.000000,95.88,96.00,91.63,94.30,39704708,3719378688
SZ002594,2020-09-03T00:00:00.000000,92.88,95.16,92.15,92.59,22779495,2129704448
SZ002594,2020-09-04T00:00:00.000000,88.80,90.59,88.02,90.00,22202132,1979126656
SZ002594,2020-09-07T00:00:00.000000,89.48,97.50,89.40,94.74,40998653,3862436352
SZ002594,2020-09-08T00:00:00.000000,95.88,95.88,90.70,91.00,27908409,2590896640
SZ002594,2020-09-09T00:00:00.000000,88.01,88.70,84.85,85.99,26329156,2281813504
SZ002594,2020-09-10T00:00:00.000000,87.84,90.17,86.90,87.09,21706271,1923920256
SZ002594,2020-09-11T00:00:00.000000,87.85,91.20,87.22,91.20,20576370,1843068544
SZ002594,2020-09-14T00:00:00.000000,91.30,94.50,91.30,92.50,22383909,2078548992
SZ002594,2020-09-15T00:00:00.000000,94.01,101.75,93.50,101.30,57922128,5761285120
SZ002594,2020-09-16T00:00:00.000000,100.28,107.87,99.00,105.40,49378934,5154280960
SZ002594,2020-09-17T00:00:00.000000,105.51,115.94,105.15,115.94,60235110,6707262464
SZ002594,2020-09-18T00:00:00.000000,113.99,115.50,111.50,115.50,47375377,5363840000
SZ002594,2020-09-21T00:00:00.000000,116.00,119.32,104.34,105.77,58877087,6535043584
SZ002594,2020-09-22T00:00:00.000000,106.50,110.65,104.01,106.77,46288194,4971987456
SZ002594,2020-09-23T00:00:00.000000,109.00,111.01,106.30,110.40,38140914,4146613248
SZ002594,2020-09-24T00:00:00.000000,107.88,110.03,106.01,106.40,26612570,2864183040
SZ002594,2020-09-25T00:00:00.000000,108.20,109.79,103.80,105.09,32436317,3457966848
SZ002594,2020-09-28T00:00:00.000000,106.19,108.10,105.65,106.40,21188287,2260356096
SZ002594,2020-09-29T00:00:00.000000,108.59,109.51,104.25,107.89,27004576,2884124928
SZ002594,2020-09-30T00:00:00.000000,108.58,118.23,107.10,116.24,44420102,5073415168
SZ002594,2020-10-09T00:00:00.000000,123.10,126.14,119.20,120.35,55967807,6870685696
SZ002594,2020-10-12T00:00:00.000000,123.80,129.03,120.45,128.50,52808892,6521180672
SZ002594,2020-10-13T00:00:00.000000,128.00,131.88,125.00,129.29,46052746,5958598144
SZ002594,2020-10-14T00:00:00.000000,129.15,132.32,128.10,130.50,31047158,4041272320
SZ002594,2020-10-15T00:00:00.000000,134.60,137.73,131.33,131.55,40289307,5425288192
SZ002594,2020-10-16T00:00:00.000000,132.56,133.85,125.00,127.80,41353551,5301212672
SZ002594,2020-10-19T00:00:00.000000,128.00,129.81,126.30,128.08,22200611,2832538880
SZ002594,2020-10-20T00:00:00.000000,126.18,140.33,126.18,140.00,54167901,7240427520
SZ002594,2020-10-21T00:00:00.000000,137.99,139.70,134.17,137.50,38056707,5212917248
SZ002594,2020-10-22T00:00:00.000000,137.23,145.00,132.07,143.79,43438939,6061014016
SZ002594,2020-10-23T00:00:00.000000,142.02,145.78,136.50,138.67,40099412,5645291520
SZ002594,2020-10-26T00:00:00.000000,136.50,142.85,133.10,139.96,30979604,4319369728
SZ002594,2020-10-27T00:00:00.000000,137.42,141.50,135.83,140.28,29654540,4122784512
SZ002594,2020-10-28T00:00:00.000000,139.51,153.48,139.02,151.60,51797365,7669731328
SZ002594,2020-10-29T00:00:00.000000,147.91,166.76,147.91,158.38,63470495,10022999040
SZ002594,2020-10-30T00:00:00.000000,160.00,170.30,154.20,159.81,67329183,10882457600
SZ002594,2020-11-02T00:00:00.000000,160.91,168.75,160.50,167.98,52491093,8660252672
SZ002594,2020-11-03T00:00:00.000000,172.00,172.45,159.58,164.08,66161664,10960743424
SZ002594,2020-11-04T00:00:00.000000,167.00,170.33,163.00,168.03,46094823,7689440256
SZ002594,2020-11-05T00:00:00.000000,175.00,184.83,171.00,184.83,67409211,11951954944
SZ002594,2020-11-06T00:00:00.000000,189.50,198.85,179.89,190.44,80766685,15261972480
SZ002594,2020-11-09T00:00:00.000000,191.60,193.67,184.12,190.95,52501612,9934097408
SZ002594,2020-11-10T00:00:00.000000,186.86,186.88,176.88,182.58,63534950,11543486464
SZ002594,2020-11-11T00:00:00.000000,176.90,181.89,164.32,164.35,80567515,13840950272
SZ002594,2020-11-12T00:00:00.000000,168.00,173.30,165.78,169.33,58663961,9953359872
SZ002594,2020-11-13T00:00:00.000000,180.00,182.02,173.29,175.90,60919392,10790305792
SZ002594,2020-11-16T00:00:00.000000,171.03,171.50,163.50,170.02,54256539,9094656000
SZ002594,2020-11-17T00:00:00.000000,173.50,175.18,164.46,167.00,56840934,9641026560
SZ002594,2020-11-18T00:00:00.000000,165.88,169.18,162.25,167.00,41703316,6941379072
SZ002594,2020-11-19T00:00:00.000000,168.00,168.70,159.52,161.62,47005440,7652210688
SZ002594,2020-11-20T00:00:00.000000,164.65,177.24,163.22,176.06,70752694,12067220480
SZ002594,2020-11-23T00:00:00.000000,176.90,185.02,172.07,184.20,60402664,10841291776
SZ002594,2020-11-24T00:00:00.000000,191.77,194.99,180.71,184.19,64675209,12193378304
SZ002594,2020-11-25T00:00:00.000000,183.00,191.70,180.60,183.53,47385764,8798105600
SZ002594,2020-11-26T00:00:00.000000,183.61,184.80,171.23,175.82,49653819,8751195136
SZ002594,2020-11-27T00:00:00.000000,175.31,177.90,169.33,174.10,39747615,6868605952
SZ002594,2020-11-30T00:00:00.000000,171.50,176.74,166.01,172.15,37921283,6493584896
SZ002594,2020-12-01T00:00:00.000000,168.70,177.00,167.00,176.81,40156431,6983133696
SZ002594,2020-12-02T00:00:00.000000,171.10,172.50,168.00,169.75,49240138,8354836480
SZ002594,2020-12-03T00:00:00.000000,169.75,173.66,166.96,171.09,36558081,6251136000
SZ002594,2020-12-04T00:00:00.000000,171.60,178.80,170.40,171.86,39448988,6888910848
SZ002594,2020-12-07T00:00:00.000000,171.30,176.66,169.11,175.29,32218589,5617848320
SZ002594,2020-12-08T00:00:00.000000,178.10,182.00,176.70,177.97,44574324,7995315200
SZ002594,2020-12-09T00:00:00.000000,179.00,181.03,173.00,173.24,31571447,5563503616
SZ002594,2020-12-10T00:00:00.000000,168.00,171.66,166.02,169.52,37043628,6243808768
SZ002594,2020-12-11T00:00:00.000000,169.35,169.35,162.80,167.00,35487818,5902635008
SZ002594,2020-12-14T00:00:00.000000,166.80,170.88,163.00,170.20,30213225,5064250880
SZ002594,2020-12-15T00:00:00.000000,170.25,175.05,168.50,174.70,36221802,6234488320
SZ002594,2020-12-16T00:00:00.000000,176.00,176.70,170.90,171.87,23815385,4110951168
SZ002594,2020-12-17T00:00:00.000000,171.18,172.93,169.01,171.79,18977260,3245175552
SZ002594,2020-12-18T00:00:00.000000,172.50,180.09,171.22,176.00,48848510,8625943552
SZ002594,2020-12-21T00:00:00.000000,176.50,193.60,175.50,193.60,66779763,12342924288
SZ002594,2020-12-22T00:00:00.000000,192.98,192.98,183.66,184.00,58681041,11044848640
SZ002594,2020-12-23T00:00:00.000000,183.89,190.80,182.96,186.79,42707945,7982526976
SZ002594,2020-12-24T00:00:00.000000,185.00,185.00,180.00,183.00,26045354,4739171328
SZ002594,2020-12-25T00:00:00.000000,183.32,186.15,181.10,185.22,21133069,3892733184
SZ002594,2020-12-28T00:00:00.000000,184.30,190.37,182.60,187.93,30338431,5674752512
SZ002594,2020-12-29T00:00:00.000000,186.00,186.00,178.46,178.60,36117782,6530622464
SZ002594,2020-12-30T00:00:00.000000,180.66,191.95,180.66,186.00,51043108,9559070720
SZ002594,2020-12-31T00:00:00.000000,188.86,195.83,184.26,194.30,50511942,9665582080
SZ002594,2021-01-04T00:00:00.000000,189.00,211.16,187.09,206.76,58950161,11803190272
SZ002594,2021-01-05T00:00:00.000000,206.00,221.23,202.01,219.90,54530597,11642248192
SZ002594,2021-01-06T00:00:00.000000,219.72,222.18,212.00,216.30,43465214,9376648192
SZ002594,2021-01-07T00:00:00.000000,216.60,228.32,214.20,225.04,42860254,9516502016
SZ002594,2021-01-08T00:00:00.000000,233.00,234.32,220.70,227.51,42675836,9705879552
SZ002594,2021-01-11T00:00:00.000000,234.59,245.00,230.98,234.86,53425466,12681067520
SZ002594,2021-01-12T00:00:00.000000,231.80,239.75,220.00,236.99,43312458,9980651520
SZ002594,2021-01-13T00:00:00.000000,238.00,249.88,229.69,239.30,48034787,11590837248
SZ002594,2021-01-14T00:00:00.000000,232.00,235.45,222.34,223.95,44595502,10176086016
SZ002594,2021-01-15T00:00:00.000000,222.00,228.92,216.50,225.20,37705046,8420560896
SZ002594,2021-01-18T00:00:00.000000,220.00,224.00,216.26,221.69,26378933,5826658816
SZ002594,2021-01-19T00:00:00.000000,222.06,225.20,213.56,216.20,27625013,6035553280
SZ002594,2021-01-20T00:00:00.000000,219.90,226.30,218.01,222.00,38140108,8483028992
SZ002594,2021-01-21T00:00:00.000000,220.00,239.60,216.81,235.52,58570987,13384594432
SZ002594,2021-01-22T00:00:00.000000,235.72,243.66,231.51,242.92,42388678,10112061440
SZ002594,2021-01-25T00:00:00.000000,246.50,262.95,245.00,260.00,55938894,14213433344
SZ002594,2021-01-26T00:00:00.000000,257.00,262.59,250.99,254.22,39455544,10115831808
SZ002594,2021-01-27T00:00:00.000000,250.20,259.44,234.50,257.00,52135100,12813495296
SZ002594,2021-01-28T00:00:00.000000,245.97,252.50,242.98,244.36,32646175,8081858560
SZ002594,2021-01-29T00:00:00.000000,249.00,250.43,237.50,247.00,33598269,8182541824
SZ002594,2021-02-01T00:00:00.000000,245.00,250.13,239.00,246.89,26379450,6500021760
SZ002594,2021-02-02T00:00:00.000000,252.00,268.00,250.50,267.50,47109997,12220619776
SZ002594,2021-02-03T00:00:00.000000,268.10,273.37,260.30,263.00,38402952,10231620608
SZ002594,2021-02-04T00:00:00.000000,258.00,264.89,255.34,259.90,31035090,8061146624
SZ002594,2021-02-05T00:00:00.000000,262.00,268.28,247.50,249.00,48055051,12356334592
SZ002594,2021-02-08T00:00:00.000000,248.99,252.98,240.01,250.20,37246177,9210843136
SZ002594,2021-02-09T00:00:00.000000,253.10,259.02,247.50,257.00,37495428,9540423680
SZ002594,2021-02-10T00:00:00.000000,261.00,270.66,253.00,266.95,41893871,10995341312
SZ002594,2021-02-18T00:00:00.000000,268.86,268.86,255.33,258.99,47264558,12353076224
SZ002594,2021-02-19T00:00:00.000000,254.90,257.66,245.73,257.35,38258702,9607263232
SZ002594,2021-02-22T00:00:00.000000,256.60,256.66,239.45,239.52,42713093,10558143488
SZ002594,2021-02-23T00:00:00.000000,229.59,235.02,222.90,225.00,47651022,10877531136
SZ002594,2021-02-24T00:00:00.000000,225.00,228.59,203.60,208.99,67648518,14532205568
SZ002594,2021-02-25T00:00:00.000000,215.77,215.85,205.80,209.25,36953222,7788184064
SZ002594,2021-02-26T00:00:00.000000,196.50,204.00,194.00,197.27,50361602,9978745856
SZ002594,2021-03-01T00:00:00.000000,201.00,210.99,197.50,210.90,44429351,9087918080
SZ002594,2021-03-02T00:00:00.000000,214.65,215.80,205.22,211.40,38792835,8178911744
SZ002594,2021-03-03T00:00:00.000000,205.00,210.30,201.97,209.75,26306180,5431739392
SZ002594,2021-03-04T00:00:00.000000,205.00,205.10,197.30,198.50,34684991,6955695104
SZ002594,2021-03-05T00:00:00.000000,187.37,199.51,186.18,196.37,32531909,6313240576
SZ002594,2021-03-08T00:00:00.000000,196.37,197.33,176.73,176.73,59132823,10922889216
SZ002594,2021-03-09T00:00:00.000000,172.41,178.60,162.03,170.68,59920495,10247665664
SZ002594,2021-03-10T00:00:00.000000,180.00,181.88,175.78,177.19,43150717,7706833408
SZ002594,2021-03-11T00:00:00.000000,176.95,185.00,174.10,182.97,36782790,6671343104
SZ002594,2021-03-12T00:00:00.000000,186.17,187.99,178.90,181.68,30184822,5517620736
SZ002594,2021-03-15T00:00:00.000000,178.55,181.00,172.00,174.26,29560239,5187723264
SZ002594,2021-03-16T00:00:00.000000,177.58,179.10,173.37,176.47,19705640,3474844928
SZ002594,2021-03-17T00:00:00.000000,174.02,179.97,171.48,176.88,21370528,3770679552
SZ002594,2021-03-18T00:00:00.000000,178.79,180.63,177.28,178.55,20106437,3593541120
SZ002594,2021-03-19T00:00:00.000000,173.00,175.37,169.66,171.15,25822722,4438616064
SZ002594,2021-03-22T00:00:00.000000,172.33,175.48,170.01,173.80,18568291,3221954816
SZ002594,2021-03-23T00:00:00.000000,175.80,176.18,166.30,168.97,22664897,3844462848
SZ002594,2021-03-24T00:00:00.000000,167.99,169.24,162.00,162.74,24826930,4082242304
SZ002594,2021-03-25T00:00:00.000000,157.00,163.45,155.60,161.20,25619064,4082120960
SZ002594,2021-03-26T00:00:00.000000,163.01,172.00,162.90,170.99,32853032,5528686080
SZ002594,2021-03-29T00:00:00.000000,170.01,170.48,164.80,168.10,23472864,3941708800
SZ002594,2021-03-30T00:00:00.000000,161.00,169.00,159.10,169.00,33893090,5574391296
SZ002594,2021-03-31T00:00:00.000000,169.21,172.64,162.56,164.51,27015303,4488285696
SZ002594,2021-04-01T00:00:00.000000,168.00,171.90,167.01,169.07,29995780,5089544704
SZ002594,2021-04-02T00:00:00.000000,170.99,178.20,168.58,175.87,34953200,6083577344
SZ002594,2021-04-06T00:00:00.000000,176.80,179.24,172.80,176.09,25590985,4492985856
SZ002594,2021-04-07T00:00:00.000000,177.15,178.08,169.50,170.99,28170350,4848030208
SZ002594,2021-04-08T00:00:00.000000,169.00,171.50,167.12,170.48,16004306,2723993088
SZ002594,2021-04-09T00:00:00.000000,171.90,172.10,166.00,166.72,20499577,3436476672
SZ002594,2021-04-12T00:00:00.000000,166.73,169.39,162.60,163.46,20126800,3320602624
SZ002594,2021-04-13T00:00:00.000000,163.48,167.63,163.48,164.01,15857894,2617908992
SZ002594,2021-04-14T00:00:00.000000,167.00,171.00,167.00,170.95,29847317,5057752064
SZ002594,2021-04-15T00:00:00.000000,168.50,168.65,163.50,165.50,24991213,4136742912
SZ002594,2021-04-16T00:00:00.000000,165.40,166.40,160.33,165.30,23459944,3837152256
SZ002594,2021-04-19T00:00:00.000000,165.00,177.00,164.18,176.05,50735050,8764759040
SZ002594,2021-04-20T00:00:00.000000,175.00,175.00,169.78,171.24,37567703,6460740608
SZ002594,2021-04-21T00:00:00.000000,169.00,170.59,167.17,168.59,23048888,3880491520
SZ002594,2021-04-22T00:00:00.000000,170.00,171.78,167.22,168.71,19750844,3336754688
SZ002594,2021-04-23T00:00:00.000000,167.18,171.38,166.27,169.25,22882799,3878511104
SZ002594,2021-04-26T00:00:00.000000,170.00,173.00,167.25,167.50,31951410,5432612352
SZ002594,2021-04-27T00:00:00.000000,166.00,167.40,163.40,164.94,25563921,4211994624
SZ002594,2021-04-28T00:00:00.000000,164.86,168.54,162.96,165.50,21841198,3621682432
SZ002594,2021-04-29T00:00:00.000000,163.00,164.93,162.20,162.95,27585404,4496785408
SZ002594,2021-04-30T00:00:00.000000,161.49,162.20,156.71,158.57,35989914,5715463680
SZ002594,2021-05-06T00:00:00.000000,157.00,157.00,150.00,150.00,42315808,6423783424
SZ002594,2021-05-07T00:00:00.000000,148.12,149.96,143.39,143.95,37798038,5528741376
SZ002594,2021-05-10T00:00:00.000000,143.95,148.35,141.44,147.00,26073875,3802268928
SZ002594,2021-05-11T00:00:00.000000,143.70,148.76,140.97,146.56,26963996,3893703680
SZ002594,2021-05-12T00:00:00.000000,148.26,155.00,148.26,153.73,38465914,5872804352
SZ002594,2021-05-13T00:00:00.000000,150.75,151.00,148.56,148.99,21269609,3180710400
SZ002594,2021-05-14T00:00:00.000000,147.90,154.10,146.31,153.53,30027866,4532481536
SZ002594,2021-05-17T00:00:00.000000,155.43,160.88,154.45,159.78,36300256,5761021440
SZ002594,2021-05-18T00:00:00.000000,160.00,161.80,156.88,158.70,19495212,3094498304
SZ002594,2021-05-19T00:00:00.000000,159.90,174.00,159.88,172.78,59649087,10150054912
SZ002594,2021-05-20T00:00:00.000000,170.00,177.56,169.10,172.94,49988848,8686052352
SZ002594,2021-05-21T00:00:00.000000,174.01,177.99,170.10,173.20,33496551,5822862848
SZ002594,2021-05-24T00:00:00.000000,171.91,175.50,169.98,173.47,27172287,4685926912
SZ002594,2021-05-25T00:00:00.000000,175.00,178.00,172.70,176.52,33152287,5830353408
SZ002594,2021-05-26T00:00:00.000000,178.00,184.58,176.00,176.17,34557799,6206769664
SZ002594,2021-05-27T00:00:00.000000,179.00,179.68,174.50,177.45,23402610,4146048256
SZ002594,2021-05-28T00:00:00.000000,177.45,185.00,176.07,181.68,37119487,6754993664
SZ002594,2021-05-31T00:00:00.000000,175.26,179.11,170.18,178.70,43755316,7660152320
SZ002594,2021-06-01T00:00:00.000000,178.73,190.90,178.73,189.46,51360412,9530431488
SZ002594,2021-06-02T00:00:00.000000,190.00,191.85,185.20,186.50,29434964,5527643648
SZ002594,2021-06-03T00:00:00.000000,186.60,187.50,180.18,183.90,25080057,4608194560
SZ002594,2021-06-04T00:00:00.000000,181.61,192.00,180.52,189.40,31984839,6004827136
SZ002594,2021-06-07T00:00:00.000000,191.00,192.87,187.00,190.35,25451802,4842637824
SZ002594,2021-06-08T00:00:00.000000,194.00,205.60,193.25,202.81,55923856,11191285760
SZ002594,2021-06-09T00:00:00.000000,202.90,203.50,197.02,202.00,31655582,6342951424
SZ002594,2021-06-10T00:00:00.000000,202.05,216.05,201.00,214.11,44100032,9339299840
SZ002594,2021-06-11T00:00:00.000000,214.30,229.95,212.08,227.02,54008511,11985829888
SZ002594,2021-06-15T00:00:00.000000,231.54,237.80,224.87,232.32,51810075,12090497024
SZ002594,2021-06-16T00:00:00.000000,226.00,231.66,210.66,211.00,61817590,13579273216
SZ002594,2021-06-17T00:00:00.000000,210.96,232.10,210.83,232.10,51997758,11627217920
SZ002594,2021-06-18T00:00:00.000000,236.00,252.32,234.65,245.00,57189601,13931101184
SZ002594,2021-06-21T00:00:00.000000,243.88,249.56,232.13,242.58,43052635,10400538624
SZ002594,2021-06-22T00:00:00.000000,243.00,247.00,236.00,237.88,31642808,7571777536
SZ002594,2021-06-23T00:00:00.000000,233.00,249.80,232.50,243.30,39450060,9605892096
SZ002594,2021-06-24T00:00:00.000000,244.00,251.87,240.18,244.89,31228504,7696250368
SZ002594,2021-06-25T00:00:00.000000,247.00,248.66,238.00,244.99,29650236,7205571072
SZ002594,2021-06-28T00:00:00.000000,244.99,255.00,243.52,253.63,34727198,8732380160
SZ002594,2021-06-29T00:00:00.000000,257.40,259.60,250.00,253.30,30625754,7778037760
SZ002594,2021-06-30T00:00:00.000000,250.00,256.50,246.00,251.00,28540731,7146112512
SZ002594,2021-07-01T00:00:00.000000,251.00,252.50,235.60,236.60,42260287,10182009856
SZ002594,2021-07-02T00:00:00.000000,233.00,243.50,228.89,239.04,37426013,8897623040
SZ002594,2021-07-05T00:00:00.000000,236.04,250.00,235.57,249.55,32490116,7984671232
SZ002594,2021-07-06T00:00:00.000000,255.00,261.02,241.00,250.50,51791670,13098185728
SZ002594,2021-07-07T00:00:00.000000,244.00,258.60,240.88,255.09,38638656,9711794176
SZ002594,2021-07-08T00:00:00.000000,253.00,261.54,251.12,251.96,39390995,10127586304
SZ002594,2021-07-09T00:00:00.000000,250.88,254.99,241.88,248.82,36494699,9057948672
SZ002594,2021-07-12T00:00:00.000000,253.30,272.91,251.50,266.48,56005708,14759940096
SZ002594,2021-07-13T00:00:00.000000,266.49,269.73,260.22,265.10,27731391,7330680832
SZ002594,2021-07-14T00:00:00.000000,261.00,261.00,245.00,245.29,61271686,15300069376
SZ002594,2021-07-15T00:00:00.000000,239.00,243.55,230.00,236.40,55189867,13026880512
SZ002594,2021-07-16T00:00:00.000000,235.75,235.75,221.03,222.92,56274148,12801309696
SZ002594,2021-07-19T00:00:00.000000,220.00,231.99,214.30,223.97,37218723,8367318528
SZ002594,2021-07-20T00:00:00.000000,220.00,229.46,219.11,227.50,24674966,5582671872
SZ002594,2021-07-21T00:00:00.000000,231.20,244.99,230.01,241.23,47151119,11232168960
SZ002594,2021-07-22T00:00:00.000000,246.30,249.44,240.17,248.96,37477327,9242618880
SZ002594,2021-07-23T00:00:00.000000,247.44,262.00,245.08,258.68,46056227,11846110208
SZ002594,2021-07-26T00:00:00.000000,250.58,259.74,241.01,248.55,40442824,10130660352
SZ002594,2021-07-27T00:00:00.000000,246.00,257.88,237.20,238.71,37770720,9406137344
SZ002594,2021-07-28T00:00:00.000000,229.99,241.10,223.99,236.50,33219863,7758094336
SZ002594,2021-07-29T00:00:00.000000,246.94,257.30,242.82,257.20,42885105,10764228608
SZ002594,2021-07-30T00:00:00.000000,257.19,268.30,252.13,264.71,45799399,11995908096
SZ002594,2021-08-02T00:00:00.000000,276.00,291.18,273.30,291.18,62225903,17648920576
SZ002594,2021-08-03T00:00:00.000000,299.00,299.00,275.01,280.08,48934853,13975748608
SZ002594,2021-08-04T00:00:00.000000,283.01,308.09,282.00,308.09,53430639,16003136512
SZ002594,2021-08-05T00:00:00.000000,301.00,306.25,294.87,299.46,36882291,11063465984
SZ002594,2021-08-06T00:00:00.000000,313.00,317.30,298.50,303.48,45362627,13945125888
SZ002594,2021-08-09T00:00:00.000000,295.00,297.40,283.00,293.55,34162079,9914944512
SZ002594,2021-08-10T00:00:00.000000,293.56,302.31,282.00,292.00,33103516,9604456448
SZ002594,2021-08-11T00:00:00.000000,289.00,298.83,286.16,294.99,26399395,7742097408
SZ002594,2021-08-12T00:00:00.000000,293.00,313.38,289.37,308.98,38277898,11687504896
SZ002594,2021-08-13T00:00:00.000000,303.00,312.50,297.99,300.02,24690646,7475335680
SZ002594,2021-08-16T00:00:00.000000,297.00,297.00,285.00,285.40,30506701,8815873024
SZ002594,2021-08-17T00:00:00.000000,283.45,290.50,278.00,280.31,27205840,7713091584
SZ002594,2021-08-18T00:00:00.000000,285.41,288.09,278.19,283.66,22172302,6281190912
SZ002594,2021-08-19T00:00:00.000000,283.66,298.68,278.57,293.72,36167179,10474777600
SZ002594,2021-08-20T00:00:00.000000,289.00,293.60,282.00,285.09,24717320,7084185600
SZ002594,2021-08-23T00:00:00.000000,281.50,294.44,275.55,289.80,29582687,8526533120
SZ002594,2021-08-24T00:00:00.000000,292.79,302.00,290.05,298.25,27439906,8152952320
SZ002594,2021-08-25T00:00:00.000000,297.80,299.80,291.00,296.20,17914538,5272706560
SZ002594,2021-08-26T00:00:00.000000,297.00,298.77,282.50,282.50,26368159,7570972672
SZ002594,2021-08-27T00:00:00.000000,280.99,296.03,280.00,288.15,26288930,7628216320
SZ002594,2021-08-30T00:00:00.000000,277.44,288.00,273.96,281.97,41909234,11735714816
SZ002594,2021-08-31T00:00:00.000000,286.88,286.88,266.55,277.00,32966834,9041075200
SZ002594,2021-09-01T00:00:00.000000,277.00,277.97,257.60,266.30,28767422,7678475264
SZ002594,2021-09-02T00:00:00.000000,267.01,271.99,262.70,267.00,16524443,4421950976
SZ002594,2021-09-03T00:00:00.000000,267.01,271.00,250.40,254.11,28796413,7420408832
SZ002594,2021-09-06T00:00:00.000000,259.99,279.00,259.00,277.60,39778881,10725519360
SZ002594,2021-09-07T00:00:00.000000,277.60,281.11,273.27,275.95,20763353,5743962112
SZ002594,2021-09-08T00:00:00.000000,277.90,279.28,268.61,269.59,18257806,4971116544
SZ002594,2021-09-09T00:00:00.000000,272.00,279.58,265.80,271.71,21625641,5891876352
SZ002594,2021-09-10T00:00:00.000000,271.71,272.53,262.64,265.61,23875736,6341377536
SZ002594,2021-09-13T00:00:00.000000,268.33,271.98,259.18,261.36,21349179,5623333376
SZ002594,2021-09-14T00:00:00.000000,261.39,276.00,257.06,269.23,35469000,9581432832
SZ002594,2021-09-15T00:00:00.000000,267.89,270.00,260.00,261.15,21880911,5742276608
SZ002594,2021-09-16T00:00:00.000000,261.15,264.77,250.53,251.00,22080971,5613770240
SZ002594,2021-09-17T00:00:00.000000,253.00,257.00,250.49,255.12,13942107,3544731136
SZ002594,2021-09-22T00:00:00.000000,248.00,251.44,244.03,247.20,16341286,4037944320
SZ002594,2021-09-23T00:00:00.000000,253.83,257.52,248.88,249.92,14978418,3773864448
SZ002594,2021-09-24T00:00:00.000000,250.96,257.50,247.00,251.77,15826700,4002973184
SZ002594,2021-09-27T00:00:00.000000,254.00,257.49,246.80,252.50,17999094,4548951040
SZ002594,2021-09-28T00:00:00.000000,251.90,253.82,246.29,246.86,16244438,4060118528
SZ002594,2021-09-29T00:00:00.000000,243.00,244.88,235.00,236.00,24555481,5859195904
SZ002594,2021-09-30T00:00:00.000000,238.20,249.70,237.20,249.51,22503801,5528259584
SZ002594,2021-10-08T00:00:00.000000,257.98,259.98,250.00,253.00,19410395,4939109376
SZ002594,2021-10-11T00:00:00.000000,253.10,263.10,248.00,255.75,21197273,5448306688
SZ002594,2021-10-12T00:00:00.000000,255.00,262.90,253.01,257.01,21165134,5464868352
SZ002594,2021-10-13T00:00:00.000000,257.01,273.60,254.33,271.20,32197810,8631471104
SZ002594,2021-10-14T00:00:00.000000,271.00,275.99,268.14,272.94,17779932,4844828160
SZ002594,2021-10-15T00:00:00.000000,275.00,287.50,271.00,283.33,28784505,8089636864
SZ002594,2021-10-18T00:00:00.000000,284.25,288.63,280.04,285.92,21621378,6155819008
SZ002594,2021-10-19T00:00:00.000000,288.00,294.91,284.00,284.79,19385785,5581983744
SZ002594,2021-10-20T00:00:00.000000,286.00,295.00,285.24,290.60,21704509,6300646912
SZ002594,2021-10-21T00:00:00.000000,291.00,292.60,284.01,287.01,18062575,5184267776
SZ002594,2021-10-22T00:00:00.000000,292.20,301.00,289.00,300.00,33654868,10022899712
SZ002594,2021-10-25T00:00:00.000000,303.11,318.65,302.23,317.35,33518976,10469605376
SZ002594,2021-10-26T00:00:00.000000,330.50,333.33,317.76,319.01,31324434,10148404224
SZ002594,2021-10-27T00:00:00.000000,313.00,326.73,311.28,321.74,21906777,7024365568
SZ002594,2021-10-28T00:00:00.000000,319.61,323.80,305.40,307.98,29826714,9334453248
SZ002594,2021-10-29T00:00:00.000000,305.13,313.76,293.77,311.31,34715958,10585996288
SZ002594,2021-11-01T00:00:00.000000,301.41,308.41,293.82,302.00,28478587,8570609664
SZ002594,2021-11-02T00:00:00.000000,310.00,319.80,307.64,313.88,29008740,9102548992
SZ002594,2021-11-03T00:00:00.000000,313.13,313.85,299.86,303.01,19724814,6017080320
SZ002594,2021-11-04T00:00:00.000000,311.13,329.00,309.03,325.00,34996434,11223981056
SZ002594,2021-11-05T00:00:00.000000,324.00,327.00,313.01,314.00,19418326,6178126336
SZ002594,2021-11-08T00:00:00.000000,308.09,319.61,307.00,315.00,16984947,5344230912
SZ002594,2021-11-09T00:00:00.000000,315.05,329.97,315.05,320.69,20330504,6580787712
SZ002594,2021-11-10T00:00:00.000000,314.00,315.60,301.58,310.26,27487850,8480095744
SZ002594,2021-11-11T00:00:00.000000,313.00,316.99,308.05,311.99,13885150,4327235584
SZ002594,2021-11-12T00:00:00.000000,315.80,316.74,305.50,306.78,14888382,4590558720
SZ002594,2021-11-15T00:00:00.000000,306.78,306.78,290.44,294.94,22537224,6667950080
SZ002594,2021-11-16T00:00:00.000000,294.00,297.69,288.00,293.51,15180848,4462067712
SZ002594,2021-11-17T00:00:00.000000,300.00,303.24,294.00,296.85,16337775,4875748864
SZ002594,2021-11-18T00:00:00.000000,294.80,298.88,290.00,295.40,12909722,3802420992
SZ002594,2021-11-19T00:00:00.000000,295.72,300.00,288.00,296.82,17515864,5144669184
SZ002594,2021-11-22T00:00:00.000000,298.40,311.51,298.20,311.00,28702045,8785850368
SZ002594,2021-11-23T00:00:00.000000,307.88,309.73,303.98,308.48,15036257,4609989120
SZ002594,2021-11-24T00:00:00.000000,305.43,309.60,301.00,303.20,14193817,4319711232
SZ002594,2021-11-25T00:00:00.000000,303.20,304.49,291.30,298.00,17097144,5070667776
SZ002594,2021-11-26T00:00:00.000000,295.00,304.77,294.05,297.66,12249393,3671367424
SZ002594,2021-11-29T00:00:00.000000,291.80,307.07,289.93,304.46,20015675,6053231104
SZ002594,2021-11-30T00:00:00.000000,307.00,308.00,303.00,304.70,13178826,4023809792
SZ002594,2021-12-01T00:00:00.000000,305.20,307.50,300.38,305.32,10827864,3295906048
SZ002594,2021-12-02T00:00:00.000000,305.00,314.06,303.10,308.80,18007211,5567674880
SZ002594,2021-12-03T00:00:00.000000,306.99,309.80,298.86,306.90,21032715,6367075328
SZ002594,2021-12-06T00:00:00.000000,301.00,311.51,300.86,301.75,17880086,5465317888
SZ002594,2021-12-07T00:00:00.000000,306.01,306.35,291.08,294.80,22767860,6727286784
SZ002594,2021-12-08T00:00:00.000000,296.01,301.00,294.50,300.79,15438176,4606774784
SZ002594,2021-12-09T00:00:00.000000,300.00,300.63,297.03,299.50,11295711,3375316224
SZ002594,2021-12-10T00:00:00.000000,295.99,302.03,292.80,301.42,14487273,4325990912
SZ002594,2021-12-13T00:00:00.000000,302.99,303.00,298.00,298.40,14294124,4278869504
SZ002594,2021-12-14T00:00:00.000000,295.50,297.07,291.69,293.40,15711128,4609509888
SZ002594,2021-12-15T00:00:00.000000,293.41,295.50,291.71,293.35,9815036,2877856000
SZ002594,2021-12-16T00:00:00.000000,293.00,293.49,279.00,286.20,27866516,7928142336
SZ002594,2021-12-17T00:00:00.000000,284.00,285.88,278.61,278.98,15111815,4240478208
SZ002594,2021-12-20T00:00:00.000000,279.23,281.47,268.28,270.50,21784503,5964658176
SZ002594,2021-12-21T00:00:00.000000,270.50,276.78,269.41,276.21,14965305,4098708736
SZ002594,2021-12-22T00:00:00.000000,280.01,285.18,277.01,279.22,14444230,4061024256
SZ002594,2021-12-23T00:00:00.000000,282.03,284.90,277.16,279.99,12302134,3451820032
SZ002594,2021-12-24T00:00:00.000000,281.98,282.00,264.96,270.00,20996881,5675961344
SZ002594,2021-12-27T00:00:00.000000,269.00,271.54,266.00,267.03,10718995,2874395648
SZ002594,2021-12-28T00:00:00.000000,268.15,271.00,266.21,270.85,11854284,3183321088
SZ002594,2021-12-29T00:00:00.000000,272.15,272.22,263.00,269.00,14160304,3783958016
SZ002594,2021-12-30T00:00:00.000000,268.00,272.98,266.00,267.13,11732673,3158736128
SZ002594,2021-12-31T00:00:00.000000,273.00,274.19,267.00,268.12,11629197,3136714752
SZ002594,2022-01-04T00:00:00.000000,276.00,279.45,265.22,271.00,24466089,6673692672
SZ002594,2022-01-05T00:00:00.000000,264.55,266.48,251.72,253.26,30170891,7725244416
SZ002594,2022-01-06T00:00:00.000000,250.00,254.53,247.89,250.02,17590784,4396413440
SZ002594,2022-01-07T00:00:00.000000,251.80,252.96,245.00,246.50,16193355,4009535488
SZ002594,2022-01-10T00:00:00.000000,245.00,249.47,239.03,246.30,16214182,3964485376
SZ002594,2022-01-11T00:00:00.000000,246.28,246.28,237.80,239.09,21244147,5100240896
SZ002594,2022-01-12T00:00:00.000000,246.00,256.00,244.31,256.00,32360224,8103335936
SZ002594,2022-01-13T00:00:00.000000,257.74,258.56,248.61,255.31,21710390,5516666368
SZ002594,2022-01-14T00:00:00.000000,250.80,257.30,250.00,253.14,14954815,3798549504
SZ002594,2022-01-17T00:00:00.000000,253.02,267.49,253.02,266.49,24114466,6349271040
SZ002594,2022-01-18T00:00:00.000000,266.41,268.96,262.30,266.08,12505443,3325099776
SZ002594,2022-01-19T00:00:00.000000,265.95,267.88,250.31,252.97,23188180,5960665088
SZ002594,2022-01-20T00:00:00.000000,252.10,253.71,247.00,251.07,14998647,3759819264
SZ002594,2022-01-21T00:00:00.000000,251.08,255.74,246.33,250.40,11239432,2822719744
SZ002594,2022-01-24T00:00:00.000000,246.08,252.88,244.27,251.40,10837686,2706367232
SZ002594,2022-01-25T00:00:00.000000,248.00,251.00,240.00,240.31,17277223,4222849024
SZ002594,2022-01-26T00:00:00.000000,245.00,251.38,242.31,249.49,17444584,4321964032
SZ002594,2022-01-27T00:00:00.000000,247.00,249.30,241.00,241.27,13264963,3242987776
SZ002594,2022-01-28T00:00:00.000000,239.98,242.00,219.76,226.80,32437311,7392709632
SZ002594,2022-02-07T00:00:00.000000,240.79,249.28,238.01,244.40,25112453,6117950464
SZ002594,2022-02-08T00:00:00.000000,243.00,243.00,230.64,236.97,19903953,4669048832
SZ002594,2022-02-09T00:00:00.000000,239.05,246.40,235.03,245.18,19992864,4854529024
SZ002594,2022-02-10T00:00:00.000000,246.77,248.00,238.10,240.12,14628460,3521519872
SZ002594,2022-02-11T00:00:00.000000,236.05,240.12,228.50,230.19,19943926,4646312960
SZ002594,2022-02-14T00:00:00.000000,230.20,235.00,225.00,231.98,13319949,3079221504
SZ002594,2022-02-15T00:00:00.000000,232.18,239.96,232.18,238.31,15852428,3757722112
SZ002594,2022-02-16T00:00:00.000000,242.00,244.99,240.39,240.60,12872491,3117890816
SZ002594,2022-02-17T00:00:00.000000,242.24,248.74,239.00,245.41,19106386,4670631936
SZ002594,2022-02-18T00:00:00.000000,241.00,245.39,240.00,242.96,9910466,2407158528
SZ002594,2022-02-21T00:00:00.000000,241.00,245.80,239.64,241.89,10953804,2657588992
SZ002594,2022-02-22T00:00:00.000000,239.00,239.00,234.30,237.45,12545211,2966441472
SZ002594,2022-02-23T00:00:00.000000,241.90,252.52,239.01,252.00,29114890,7232161792
SZ002594,2022-02-24T00:00:00.000000,248.11,251.78,241.58,244.86,23821988,5865805824
SZ002594,2022-02-25T00:00:00.000000,249.90,252.38,247.83,247.84,14601353,3646918912
SZ002594,2022-02-28T00:00:00.000000,246.90,250.19,246.00,249.60,11829090,2936223744
SZ002594,2022-03-01T00:00:00.000000,255.00,256.61,249.25,251.78,17651958,4476715008
SZ002594,2022-03-02T00:00:00.000000,249.00,249.36,243.96,248.60,12124247,2998567680
SZ002594,2022-03-03T00:00:00.000000,249.52,250.86,244.00,245.21,9963340,2449485312
SZ002594,2022-03-04T00:00:00.000000,237.31,241.86,230.00,233.80,29170634,6857430528
SZ002594,2022-03-07T00:00:00.000000,226.89,227.69,220.02,223.61,23612920,5286035968
SZ002594,2022-03-08T00:00:00.000000,221.08,225.49,210.00,216.19,29149934,6317187584
SZ002594,2022-03-09T00:00:00.000000,217.00,223.60,210.00,223.59,25113522,5484773888
SZ002594,2022-03-10T00:00:00.000000,232.91,233.43,229.00,229.10,24834283,5744788992
SZ002594,2022-03-11T00:00:00.000000,222.00,231.79,220.02,229.85,18611604,4186646016
SZ002594,2022-03-14T00:00:00.000000,225.00,225.00,219.00,219.00,15084061,3336922880
SZ002594,2022-03-15T00:00:00.000000,211.13,222.00,209.43,212.80,19820362,4269341952
SZ002594,2022-03-16T00:00:00.000000,221.00,230.00,214.20,229.43,33376627,7432043520
SZ002594,2022-03-17T00:00:00.000000,240.38,240.88,234.66,234.90,31584430,7518685184
SZ002594,2022-03-18T00:00:00.000000,234.90,238.87,232.05,234.50,15054856,3530653184
SZ002594,2022-03-21T00:00:00.000000,240.00,248.87,238.17,245.38,27917768,6829415424
SZ002594,2022-03-22T00:00:00.000000,245.00,247.40,242.02,244.80,11507907,2815900928
SZ002594,2022-03-23T00:00:00.000000,250.00,251.00,246.27,247.17,14850096,3696654336
SZ002594,2022-03-24T00:00:00.000000,243.70,250.00,242.40,247.08,11368127,2794432768
SZ002594,2022-03-25T00:00:00.000000,247.10,248.96,234.01,235.31,20802373,4984988672
SZ002594,2022-03-28T00:00:00.000000,234.90,234.90,228.88,230.40,14310354,3306510592
SZ002594,2022-03-29T00:00:00.000000,232.92,236.50,228.80,231.00,13858731,3224438272
SZ002594,2022-03-30T00:00:00.000000,227.00,237.02,222.22,237.02,25125996,5807876608
SZ002594,2022-03-31T00:00:00.000000,234.21,235.00,226.89,229.80,16173143,3721363200
SZ002594,2022-04-01T00:00:00.000000,226.79,239.56,226.60,235.96,18294805,4301758464
SZ002594,2022-04-06T00:00:00.000000,245.00,246.00,239.61,241.90,20529330,4976485376
SZ002594,2022-04-07T00:00:00.000000,240.00,245.30,239.01,240.00,12269953,2964659968
SZ002594,2022-04-08T00:00:00.000000,240.01,246.50,239.10,243.98,17171897,4185742848
SZ002594,2022-04-11T00:00:00.000000,240.00,241.48,229.50,233.00,19307007,4519392768
SZ002594,2022-04-12T00:00:00.000000,232.00,238.56,231.20,238.16,12888867,3034073600
SZ002594,2022-04-13T00:00:00.000000,235.02,241.95,233.01,237.00,10967251,2614119680
SZ002594,2022-04-14T00:00:00.000000,242.00,244.99,240.87,241.29,13163750,3198011136
SZ002594,2022-04-15T00:00:00.000000,238.50,240.00,232.75,236.20,12923931,3049510912
SZ002594,2022-04-18T00:00:00.000000,234.79,241.00,230.00,239.10,11059238,2613800704
SZ002594,2022-04-19T00:00:00.000000,243.16,250.90,243.13,244.86,20778154,5140377600
SZ002594,2022-04-20T00:00:00.000000,247.66,248.33,240.86,241.78,13078093,3187144192
SZ002594,2022-04-21T00:00:00.000000,237.77,240.77,232.10,234.04,15404876,3625535232
SZ002594,2022-04-22T00:00:00.000000,230.01,235.66,229.06,235.40,10816219,2522974976
SZ002594,2022-04-25T00:00:00.000000,230.00,236.44,226.62,227.50,16188917,3741670656
SZ002594,2022-04-26T00:00:00.000000,228.99,235.85,228.43,231.81,15817620,3670084864
SZ002594,2022-04-27T00:00:00.000000,226.61,235.81,218.81,235.01,25434167,5794106368
SZ002594,2022-04-28T00:00:00.000000,234.60,235.50,230.00,231.98,14637213,3405250048
SZ002594,2022-04-29T00:00:00.000000,233.80,243.83,230.75,243.00,24816310,5912448512
SZ002594,2022-05-05T00:00:00.000000,246.20,252.39,241.77,248.80,25325879,6282897408
SZ002594,2022-05-06T00:00:00.000000,241.02,246.00,240.10,242.08,14548866,3530097152
SZ002594,2022-05-09T00:00:00.000000,231.00,236.89,231.00,232.73,17511635,4086614016
SZ002594,2022-05-10T00:00:00.000000,224.10,233.66,222.28,233.33,20969664,4792958464
SZ002594,2022-05-11T00:00:00.000000,232.00,256.66,231.50,252.70,45952571,11482476544
SZ002594,2022-05-12T00:00:00.000000,249.99,257.70,248.71,254.09,24115606,6107994624
SZ002594,2022-05-13T00:00:00.000000,259.80,271.50,255.91,270.08,36712061,9733352448
SZ002594,2022-05-16T00:00:00.000000,271.11,273.00,265.30,267.12,20236880,5441551360
SZ002594,2022-05-17T00:00:00.000000,268.98,285.00,268.50,282.50,29348903,8193618944
SZ002594,2022-05-18T00:00:00.000000,282.50,288.00,279.00,281.42,20530270,5812000768
SZ002594,2022-05-19T00:00:00.000000,275.31,285.35,274.30,284.51,17363651,4879756288
SZ002594,2022-05-20T00:00:00.000000,287.01,291.61,281.20,287.70,17868336,5125699584
SZ002594,2022-05-23T00:00:00.000000,292.70,298.00,287.81,295.20,25558816,7496178176
SZ002594,2022-05-24T00:00:00.000000,290.00,292.96,281.00,281.00,29049653,8303003648
SZ002594,2022-05-25T00:00:00.000000,281.26,288.65,278.03,287.20,23085773,6563211776
SZ002594,2022-05-26T00:00:00.000000,287.37,291.22,282.50,286.64,14309499,4106312192
SZ002594,2022-05-27T00:00:00.000000,292.95,297.61,286.65,288.88,15318685,4467796480
SZ002594,2022-05-30T00:00:00.000000,292.00,299.70,291.08,298.12,21852350,6485731840
SZ002594,2022-05-31T00:00:00.000000,300.00,300.96,293.51,295.91,17701119,5242211328
SZ002594,2022-06-01T00:00:00.000000,298.00,304.80,293.12,299.98,21691175,6501902336
SZ002594,2022-06-02T00:00:00.000000,296.00,305.00,295.22,301.02,17772777,5355773440
SZ002594,2022-06-06T00:00:00.000000,304.00,320.47,302.55,318.23,29475729,9260502016
SZ002594,2022-06-07T00:00:00.000000,318.00,319.87,311.11,314.89,20022089,6296538112
SZ002594,2022-06-08T00:00:00.000000,318.60,328.06,313.01,327.41,29051340,9321932800
SZ002594,2022-06-09T00:00:00.000000,334.03,334.80,321.00,322.41,30754172,10050640896
SZ002594,2022-06-10T00:00:00.000000,321.50,350.00,321.06,348.80,43824900,14790622208
SZ002594,2022-06-13T00:00:00.000000,346.00,358.86,340.60,348.80,36068132,12573534208
SZ002594,2022-06-14T00:00:00.000000,342.00,344.79,327.23,343.59,40478934,13634616320
SZ002594,2022-06-15T00:00:00.000000,343.97,346.23,332.52,335.00,30394787,10285857792
SZ002594,2022-06-16T00:00:00.000000,335.50,342.70,333.41,336.00,19017245,6410739712
SZ002594,2022-06-17T00:00:00.000000,330.10,341.20,327.07,338.00,26214759,8830738432
SZ002594,2022-06-20T00:00:00.000000,338.08,348.66,335.02,342.18,24541557,8405361664
SZ002594,2022-06-21T00:00:00.000000,339.76,341.80,332.20,341.00,19782739,6666969600
SZ002594,2022-06-22T00:00:00.000000,342.42,347.63,338.00,339.88,18678783,6412051968
SZ002594,2022-06-23T00:00:00.000000,344.70,354.05,338.00,353.50,32314226,11251775488
SZ002594,2022-06-24T00:00:00.000000,352.99,356.28,346.01,351.05,23598355,8273168384
SZ002594,2022-06-27T00:00:00.000000,352.07,357.00,348.33,349.69,21715524,7630684672
SZ002594,2022-06-28T00:00:00.000000,347.00,358.80,342.71,352.90,26963471,9447959552
SZ002594,2022-06-29T00:00:00.000000,349.99,350.00,331.49,331.61,36114602,12246017024
SZ002594,2022-06-30T00:00:00.000000,331.00,339.35,330.00,333.49,22014478,7372602880
SZ002594,2022-07-01T00:00:00.000000,332.18,333.00,320.10,329.20,23411263,7658689536
SZ002594,2022-07-04T00:00:00.000000,332.00,338.21,330.20,336.16,20951206,7020823552
SZ002594,2022-07-05T00:00:00.000000,337.00,340.60,329.59,333.89,17375703,5819208192
SZ002594,2022-07-06T00:00:00.000000,333.80,340.60,331.99,336.10,18343420,6179119616
SZ002594,2022-07-07T00:00:00.000000,337.70,351.95,333.37,349.38,30464874,10511816704
SZ002594,2022-07-08T00:00:00.000000,349.38,351.88,338.00,338.00,19047757,6547699200
SZ002594,2022-07-11T00:00:00.000000,335.88,335.88,318.88,324.30,25431744,8284856832
SZ002594,2022-07-12T00:00:00.000000,320.00,321.00,300.08,309.00,45051469,13935271936
SZ002594,2022-07-13T00:00:00.000000,309.00,313.84,296.77,309.88,34106695,10439433216
SZ002594,2022-07-14T00:00:00.000000,308.91,323.00,307.00,323.00,27248936,8631732224
SZ002594,2022-07-15T00:00:00.000000,335.00,349.89,333.00,338.19,44450784,15284698112
SZ002594,2022-07-18T00:00:00.000000,345.00,346.00,328.00,337.10,23891156,8007559680
SZ002594,2022-07-19T00:00:00.000000,337.10,337.10,327.62,331.10,15818025,5239778304
SZ002594,2022-07-20T00:00:00.000000,332.98,333.86,329.08,331.70,10326348,3425067008
SZ002594,2022-07-21T00:00:00.000000,329.00,331.00,322.94,324.50,13200328,4303073792
SZ002594,2022-07-22T00:00:00.000000,326.01,334.66,326.00,329.62,14177374,4687025152
SZ002594,2022-07-25T00:00:00.000000,326.00,327.00,320.00,322.95,11501710,3705167360
SZ002594,2022-07-26T00:00:00.000000,322.48,327.68,320.00,325.00,10765616,3493834496
SZ002594,2022-07-27T00:00:00.000000,324.00,329.80,321.01,325.80,9105572,2961812224
SZ002594,2022-07-28T00:00:00.000000,329.02,331.45,324.00,325.43,10906517,3572559104
SZ002594,2022-07-29T00:00:00.000000,323.00,327.80,317.96,320.36,11485364,3695131392
SZ002594,2022-08-01T00:00:00.000000,317.98,332.08,316.32,330.54,18758376,6141512192
SZ002594,2022-08-02T00:00:00.000000,324.90,330.48,321.30,326.60,15664266,5110091264
SZ002594,2022-08-03T00:00:00.000000,326.70,334.85,318.89,321.99,18872311,6197191168
SZ002594,2022-08-04T00:00:00.000000,328.00,331.47,322.10,326.80,18663677,6098859008
SZ002594,2022-08-05T00:00:00.000000,330.00,331.89,318.28,324.49,15756385,5115620352
SZ002594,2022-08-08T00:00:00.000000,322.11,324.90,319.00,321.35,12948786,4158491904
SZ002594,2022-08-09T00:00:00.000000,321.18,323.80,318.15,319.72,11610661,3719885568
SZ002594,2022-08-10T00:00:00.000000,319.70,319.70,305.00,308.35,25849901,7998810624
SZ002594,2022-08-11T00:00:00.000000,311.43,315.89,305.60,315.02,16544481,5159742976
SZ002594,2022-08-12T00:00:00.000000,315.02,316.28,310.00,311.93,10133763,3165436416
SZ002594,2022-08-15T00:00:00.000000,312.20,319.23,311.22,315.21,13511926,4265356032
SZ002594,2022-08-16T00:00:00.000000,315.80,321.89,315.50,318.92,15724331,5029761536
SZ002594,2022-08-17T00:00:00.000000,319.99,329.60,316.72,327.93,21087113,6808620032
SZ002594,2022-08-18T00:00:00.000000,327.00,330.00,323.84,326.04,14279044,4659424768
SZ002594,2022-08-19T00:00:00.000000,325.03,327.44,317.00,319.39,12428923,3993178368
SZ002594,2022-08-22T00:00:00.000000,316.00,326.09,312.22,323.09,14766765,4747212800
SZ002594,2022-08-23T00:00:00.000000,324.00,325.55,318.98,321.61,9299975,2989844224
SZ002594,2022-08-24T00:00:00.000000,321.68,322.96,309.30,309.50,18678283,5854016000
SZ002594,2022-08-25T00:00:00.000000,309.56,311.08,302.66,309.58,14022073,4308297728
SZ002594,2022-08-26T00:00:00.000000,312.99,317.93,310.00,315.73,12212655,3849213696
SZ002594,2022-08-29T00:00:00.000000,313.67,316.87,311.49,313.55,8591166,2696123136
SZ002594,2022-08-30T00:00:00.000000,315.50,318.50,310.00,310.85,11024737,3454778624
SZ002594,2022-08-31T00:00:00.000000,291.00,296.60,284.00,287.98,40805974,11841918976
SZ002594,2022-09-01T00:00:00.000000,285.00,294.60,284.03,286.70,19258233,5566419968
SZ002594,2022-09-02T00:00:00.000000,288.70,289.60,278.10,282.00,16166192,4561284608
SZ002594,2022-09-05T00:00:00.000000,269.00,270.88,261.10,268.76,35120827,9364600832
SZ002594,2022-09-06T00:00:00.000000,268.77,274.45,267.21,272.94,18990284,5154529280
SZ002594,2022-09-07T00:00:00.000000,272.00,285.05,270.60,282.70,19087317,5345728000
SZ002594,2022-09-08T00:00:00.000000,283.00,284.99,277.00,278.26,11642911,3267426048
SZ002594,2022-09-09T00:00:00.000000,280.99,281.49,276.99,279.70,7609826,2125233664
SZ002594,2022-09-13T00:00:00.000000,282.00,286.69,279.37,284.80,11152411,3162351104
SZ002594,2022-09-14T00:00:00.000000,282.00,283.80,276.26,278.33,10515106,2935617024
SZ002594,2022-09-15T00:00:00.000000,280.00,280.50,266.91,269.50,15239523,4126260480
SZ002594,2022-09-16T00:00:00.000000,268.00,271.45,264.36,265.98,10447636,2797971968
SZ002594,2022-09-19T00:00:00.000000,268.00,273.90,266.68,270.35,11094999,3006108160
SZ002594,2022-09-20T00:00:00.000000,273.80,277.49,272.01,274.21,11124502,3058894080
SZ002594,2022-09-21T00:00:00.000000,271.80,272.61,267.00,270.00,8375363,2258898432
SZ002594,2022-09-22T00:00:00.000000,267.49,269.38,261.30,268.55,9279950,2468839424
SZ002594,2022-09-23T00:00:00.000000,267.09,269.77,264.28,266.40,7964412,2125444096
SZ002594,2022-09-26T00:00:00.000000,266.40,276.00,263.58,272.95,14360640,3911414016
SZ002594,2022-09-27T00:00:00.000000,272.96,274.83,270.06,273.96,8309593,2262822656
SZ002594,2022-09-28T00:00:00.000000,273.00,273.00,265.50,265.62,8562018,2293531392
SZ002594,2022-09-29T00:00:00.000000,270.00,271.80,264.00,264.57,8835668,2355802880
SZ002594,2022-09-30T00:00:00.000000,263.00,263.55,249.00,252.01,21403588,5421385216
SZ002594,2022-10-10T00:00:00.000000,252.27,256.40,249.44,251.20,11747850,2967008000
SZ002594,2022-10-11T00:00:00.000000,252.00,257.38,249.33,255.01,13282039,3370370048
SZ002594,2022-10-12T00:00:00.000000,254.00,263.25,249.95,262.34,14487143,3708582144
SZ002594,2022-10-13T00:00:00.000000,260.00,263.00,258.08,258.18,9618660,2497933056
SZ002594,2022-10-14T00:00:00.000000,262.08,269.10,259.95,264.54,14569451,3854443008
SZ002594,2022-10-17T00:00:00.000000,263.00,263.00,256.69,260.66,10967836,2842978560
SZ002594,2022-10-18T00:00:00.000000,279.00,279.00,272.50,273.67,24414179,6717206528
SZ002594,2022-10-19T00:00:00.000000,273.67,276.44,266.88,267.50,13400403,3642369280
SZ002594,2022-10-20T00:00:00.000000,264.00,265.58,257.40,263.51,12841678,3355270144
SZ002594,2022-10-21T00:00:00.000000,263.52,270.88,262.01,266.30,10478554,2794657536
SZ002594,2022-10-24T00:00:00.000000,264.90,266.31,253.57,255.57,16741256,4324097536
SZ002594,2022-10-25T00:00:00.000000,253.00,260.59,250.03,257.91,11324267,2897739520
SZ002594,2022-10-26T00:00:00.000000,260.00,264.04,255.29,257.87,12641527,3279130624
SZ002594,2022-10-27T00:00:00.000000,258.99,260.72,255.00,255.00,9776582,2516239104
SZ002594,2022-10-28T00:00:00.000000,253.00,253.00,235.81,239.89,26316393,6372054016
SZ002594,2022-10-31T00:00:00.000000,237.50,251.00,237.11,246.67,18794233,4625511424
SZ002594,2022-11-01T00:00:00.000000,247.11,262.20,247.00,261.82,21928271,5620272128
SZ002594,2022-11-02T00:00:00.000000,261.00,271.60,258.36,267.56,18731929,4980989952
SZ002594,2022-11-03T00:00:00.000000,265.02,271.76,264.10,267.98,10238397,2747240704
SZ002594,2022-11-04T00:00:00.000000,268.98,283.02,268.00,280.20,22488689,6270505472
SZ002594,2022-11-07T00:00:00.000000,275.00,282.03,272.99,278.88,13584206,3781158400
SZ002594,2022-11-08T00:00:00.000000,279.45,282.60,273.50,276.41,10563449,2925766912
SZ002594,2022-11-09T00:00:00.000000,278.15,278.88,268.64,269.63,11194636,3038705664
SZ002594,2022-11-10T00:00:00.000000,264.63,264.97,255.80,260.26,15549677,4039239936
SZ002594,2022-11-11T00:00:00.000000,270.50,272.97,265.16,268.80,16609959,4467701248
SZ002594,2022-11-14T00:00:00.000000,269.23,272.54,262.76,263.79,11523697,3071390464
SZ002594,2022-11-15T00:00:00.000000,263.99,268.30,260.10,267.00,11284835,2985500672
SZ002594,2022-11-16T00:00:00.000000,265.78,266.60,260.10,261.08,10354941,2719934720
SZ002594,2022-11-17T00:00:00.000000,259.91,259.91,253.58,257.00,11126057,2842104576
SZ002594,2022-11-18T00:00:00.000000,257.77,259.56,253.50,254.68,10118376,2595461632
SZ002594,2022-11-21T00:00:00.000000,252.84,254.60,248.51,254.20,8251507,2082807808
SZ002594,2022-11-22T00:00:00.000000,255.00,255.25,250.00,250.49,8014551,2013576320
SZ002594,2022-11-23T00:00:00.000000,250.49,251.50,247.20,251.50,8846881,2209509376
SZ002594,2022-11-24T00:00:00.000000,253.35,255.00,248.28,249.39,8531406,2137710336
SZ002594,2022-11-25T00:00:00.000000,249.00,249.00,245.00,245.05,8782164,2160628992
SZ002594,2022-11-28T00:00:00.000000,240.00,245.13,237.22,245.11,9910928,2387430912
SZ002594,2022-11-29T00:00:00.000000,246.28,249.68,243.00,248.30,12358078,3051509248
SZ002594,2022-11-30T00:00:00.000000,248.36,260.00,246.48,259.52,21287338,5434244608
SZ002594,2022-12-01T00:00:00.000000,268.00,270.95,264.92,266.66,25798585,6927128576
SZ002594,2022-12-02T00:00:00.000000,264.92,267.57,260.48,262.08,11607538,3062453760
SZ002594,2022-12-05T00:00:00.000000,265.95,267.59,261.90,263.36,10523309,2776465920
SZ002594,2022-12-06T00:00:00.000000,260.55,271.63,260.01,267.60,12300679,3283672576
SZ002594,2022-12-07T00:00:00.000000,267.65,278.28,267.65,273.74,19266593,5284876800
SZ002594,2022-12-08T00:00:00.000000,273.75,275.00,270.87,274.29,9458065,2587392512
SZ002594,2022-12-09T00:00:00.000000,275.48,277.70,271.45,274.70,10099232,2768392960
SZ002594,2022-12-12T00:00:00.000000,271.96,273.47,268.00,269.88,8012821,2168695296
SZ002594,2022-12-13T00:00:00.000000,272.00,275.00,269.50,269.80,6138433,1667300864
SZ002594,2022-12-14T00:00:00.000000,269.41,269.44,263.60,266.40,9436462,2507895808
SZ002594,2022-12-15T00:00:00.000000,266.33,272.28,263.51,271.46,9712345,2610706432
SZ002594,2022-12-16T00:00:00.000000,270.07,271.37,267.55,270.51,5619664,1512400640
SZ002594,2022-12-19T00:00:00.000000,268.99,275.00,265.61,266.50,8403891,2264390144
SZ002594,2022-12-20T00:00:00.000000,265.90,265.90,258.68,261.60,8490821,2218820864
SZ002594,2022-12-21T00:00:00.000000,261.58,262.85,259.60,260.80,4196630,1095313280
SZ002594,2022-12-22T00:00:00.000000,263.00,263.50,258.51,259.19,5920995,1543323264
SZ002594,2022-12-23T00:00:00.000000,256.10,256.40,250.50,252.18,9081868,2294100992
SZ002594,2022-12-26T00:00:00.000000,252.20,263.50,252.19,262.42,9354753,2430254848
SZ002594,2022-12-27T00:00:00.000000,263.46,263.98,259.80,262.12,5553654,1453872000
SZ002594,2022-12-28T00:00:00.000000,257.50,259.20,253.00,254.62,10256378,2612261120
SZ002594,2022-12-29T00:00:00.000000,253.99,258.86,252.13,254.76,7225577,1841122304
SZ002594,2022-12-30T00:00:00.000000,258.50,260.37,256.51,256.97,7488973,1931977344
SZ002594,2023-01-03T00:00:00.000000,256.41,261.92,250.00,260.48,12137430,3108609024
SZ002594,2023-01-04T00:00:00.000000,260.00,260.48,256.50,259.10,7267459,1881537664
SZ002594,2023-01-05T00:00:00.000000,262.52,267.59,261.06,265.08,11893600,3143084288
SZ002594,2023-01-06T00:00:00.000000,267.91,271.20,265.10,266.20,13885523,3726792704
SZ002594,2023-01-09T00:00:00.000000,268.00,268.00,262.29,263.38,11416882,3020383488
SZ002594,2023-01-10T00:00:00.000000,262.05,269.58,257.31,266.59,17351254,4568518656
SZ002594,2023-01-11T00:00:00.000000,264.90,271.00,261.41,268.99,12836375,3429408768
SZ002594,2023-01-12T00:00:00.000000,271.51,284.45,270.70,277.30,22347919,6213489664
SZ002594,2023-01-13T00:00:00.000000,277.41,279.93,275.00,278.58,12841101,3556565504
SZ002594,2023-01-16T00:00:00.000000,278.58,278.77,272.00,273.80,16499989,4536354816
SZ002594,2023-01-17T00:00:00.000000,273.81,274.50,268.93,269.99,11166571,3020382976
SZ002594,2023-01-18T00:00:00.000000,269.85,272.50,266.49,269.00,8610817,2315435008
SZ002594,2023-01-19T00:00:00.000000,267.88,270.85,266.52,270.50,8123863,2185520128
SZ002594,2023-01-20T00:00:00.000000,271.00,271.88,267.02,270.07,10464935,2819530240
SZ002594,2023-01-30T00:00:00.000000,285.00,288.00,281.00,281.99,28185441,8014418432
SZ002594,2023-01-31T00:00:00.000000,285.00,288.80,280.39,285.80,18711017,5339962368
SZ002594,2023-02-01T00:00:00.000000,287.98,304.33,286.14,304.33,27298697,8144001024
SZ002594,2023-02-02T00:00:00.000000,305.87,306.13,299.96,302.62,14802993,4485490176
SZ002594,2023-02-03T00:00:00.000000,299.95,299.95,292.80,295.00,15294828,4517779968
SZ002594,2023-02-06T00:00:00.000000,291.69,291.69,287.61,289.98,10044660,2906251520
SZ002594,2023-02-07T00:00:00.000000,291.99,292.48,287.60,289.00,7683474,2223584256
SZ002594,2023-02-08T00:00:00.000000,289.00,289.00,282.80,285.66,9290144,2653105152
SZ002594,2023-02-09T00:00:00.000000,284.00,288.82,282.30,288.33,9064889,2602093568
SZ002594,2023-02-10T00:00:00.000000,285.88,285.90,280.00,281.86,12970811,3659502336
SZ002594,2023-02-13T00:00:00.000000,279.01,283.29,277.06,282.32,9346144,2628940288
SZ002594,2023-02-14T00:00:00.000000,284.00,284.50,279.10,281.97,7364368,2068766592
SZ002594,2023-02-15T00:00:00.000000,283.00,283.90,278.56,279.00,9083216,2549250816
SZ002594,2023-02-16T00:00:00.000000,280.00,281.79,274.85,277.02,10334815,2883947520
SZ002594,2023-02-17T00:00:00.000000,276.49,278.10,271.28,271.66,10099650,2764372480
SZ002594,2023-02-20T00:00:00.000000,271.59,273.30,267.00,272.80,13070148,3524868352
SZ002594,2023-02-21T00:00:00.000000,272.00,276.56,270.28,274.75,11369006,3115649024
SZ002594,2023-02-22T00:00:00.000000,271.90,272.62,268.90,270.42,8508796,2301668352
SZ002594,2023-02-23T00:00:00.000000,269.90,271.67,268.50,270.44,10035821,2705234176
SZ002594,2023-02-24T00:00:00.000000,269.02,269.88,267.00,267.58,6686761,1790064896
SZ002594,2023-02-27T00:00:00.000000,265.00,265.89,258.00,259.81,16970381,4428435968
SZ002594,2023-02-28T00:00:00.000000,261.00,262.00,257.57,260.80,12033003,3122819328
SZ002594,2023-03-01T00:00:00.000000,260.75,266.54,257.76,265.50,14365761,3781044992
SZ002594,2023-03-02T00:00:00.000000,266.12,268.13,262.00,263.71,11490496,3043464704
SZ002594,2023-03-03T00:00:00.000000,264.99,265.23,262.08,263.79,6398161,1686348672
SZ002594,2023-03-06T00:00:00.000000,264.00,264.63,258.00,264.27,11212447,2932174848
SZ002594,2023-03-07T00:00:00.000000,264.18,266.99,260.50,260.68,10593288,2789608704
SZ002594,2023-03-08T00:00:00.000000,258.50,259.79,255.00,256.99,12089760,3104294400
SZ002594,2023-03-09T00:00:00.000000,256.50,259.83,254.01,256.07,9673143,2481897984
SZ002594,2023-03-10T00:00:00.000000,252.00,253.00,242.30,243.14,28346408,6951755776
SZ002594,2023-03-13T00:00:00.000000,241.72,242.95,237.00,240.49,16734341,4010230528
SZ002594,2023-03-14T00:00:00.000000,240.00,242.50,233.03,239.98,19856816,4715842048
SZ002594,2023-03-15T00:00:00.000000,241.50,242.48,237.41,238.62,12071459,2895736064
SZ002594,2023-03-16T00:00:00.000000,235.00,239.62,234.00,234.79,11837025,2793057536
SZ002594,2023-03-17T00:00:00.000000,236.78,240.98,235.53,237.91,13500262,3213068032
SZ002594,2023-03-20T00:00:00.000000,237.91,239.36,234.60,235.57,8632333,2041533824
SZ002594,2023-03-21T00:00:00.000000,236.89,239.51,234.79,239.51,10887269,2585297152
SZ002594,2023-03-22T00:00:00.000000,242.20,247.58,242.08,243.20,15533932,3800940800
SZ002594,2023-03-23T00:00:00.000000,242.99,245.50,239.50,245.49,9746104,2374450176
SZ002594,2023-03-24T00:00:00.000000,245.50,247.63,243.49,246.02,8101826,1990565376
SZ002594,2023-03-27T00:00:00.000000,245.99,245.99,240.30,243.65,9249536,2246213120
SZ002594,2023-03-28T00:00:00.000000,244.50,245.67,242.40,245.01,8184504,1998797312
SZ002594,2023-03-29T00:00:00.000000,246.55,250.25,246.55,247.70,14430262,3588758272
SZ002594,2023-03-30T00:00:00.000000,250.00,257.20,250.00,257.20,20926722,5317797888
SZ002594,2023-03-31T00:00:00.000000,258.97,260.86,255.00,256.02,16700761,4304295424
SZ002594,2023-04-03T00:00:00.000000,256.00,258.24,252.26,255.92,13369125,3412119552
SZ002594,2023-04-04T00:00:00.000000,255.81,255.81,247.99,250.92,13774433,3448254976
SZ002594,2023-04-06T00:00:00.000000,248.00,250.88,245.68,250.00,8194227,2036216960
SZ002594,2023-04-07T00:00:00.000000,250.05,252.13,248.33,249.28,6872291,1718631424
SZ002594,2023-04-10T00:00:00.000000,249.28,251.20,246.00,251.00,9805791,2436804864
SZ002594,2023-04-11T00:00:00.000000,252.15,254.49,248.60,249.83,8745512,2194591744
SZ002594,2023-04-12T00:00:00.000000,248.80,248.80,243.33,243.40,11232970,2751446272
SZ002594,2023-04-13T00:00:00.000000,240.58,243.00,237.77,242.82,8096464,1952037248
SZ002594,2023-04-14T00:00:00.000000,243.40,247.47,242.99,246.06,10550644,2589957888
SZ002594,2023-04-17T00:00:00.000000,245.00,249.68,244.21,249.44,9039385,2244153600
SZ002594,2023-04-18T00:00:00.000000,250.40,252.18,248.44,249.00,7843220,1961474816
SZ002594,2023-04-19T00:00:00.000000,249.00,253.20,246.09,250.85,11192747,2793037824
SZ002594,2023-04-20T00:00:00.000000,249.93,249.93,245.00,245.02,10030830,2470721536
SZ002594,2023-04-21T00:00:00.000000,244.50,248.95,243.00,243.00,10405248,2553937664
SZ002594,2023-04-24T00:00:00.000000,244.10,258.60,243.18,253.49,26701734,6747607040
SZ002594,2023-04-25T00:00:00.000000,251.00,251.80,242.20,244.30,18741873,4589549568
SZ002594,2023-04-26T00:00:00.000000,243.00,254.54,241.00,251.00,17449204,4353221120
SZ002594,2023-04-27T00:00:00.000000,250.00,258.99,249.55,258.92,24246438,6228404736
SZ002594,2023-04-28T00:00:00.000000,261.47,262.97,254.00,255.86,19194480,4933613056
SZ002594,2023-05-04T00:00:00.000000,255.00,257.61,251.40,252.52,11812427,3002183936
SZ002594,2023-05-05T00:00:00.000000,252.55,253.80,247.95,250.07,10243959,2560075776
SZ002594,2023-05-08T00:00:00.000000,253.00,259.10,252.52,254.03,12162620,3104234496
SZ002594,2023-05-09T00:00:00.000000,250.04,253.36,249.00,250.11,8988483,2253697792
SZ002594,2023-05-10T00:00:00.000000,251.00,262.18,249.20,259.79,25369089,6542224384
SZ002594,2023-05-11T00:00:00.000000,260.77,269.80,258.68,263.75,21423687,5669565952
SZ002594,2023-05-12T00:00:00.000000,266.00,268.25,259.52,260.10,10457353,2750523136
SZ002594,2023-05-15T00:00:00.000000,260.10,266.55,258.70,264.90,13692627,3615695872
SZ002594,2023-05-16T00:00:00.000000,264.39,267.42,263.20,265.13,8163931,2162966784
SZ002594,2023-05-17T00:00:00.000000,264.99,265.80,259.01,261.00,8955605,2336687616
SZ002594,2023-05-18T00:00:00.000000,262.30,263.88,256.56,259.08,10069665,2610927872
SZ002594,2023-05-19T00:00:00.000000,258.18,260.92,256.30,259.18,6010582,1557739648
SZ002594,2023-05-22T00:00:00.000000,260.92,266.00,257.08,265.10,12016521,3160916480
SZ002594,2023-05-23T00:00:00.000000,265.04,266.88,262.93,262.93,9061940,2401159936
SZ002594,2023-05-24T00:00:00.000000,261.60,265.00,259.52,261.91,6809295,1787131264
SZ002594,2023-05-25T00:00:00.000000,261.96,263.85,255.14,255.60,13207895,3413072384
SZ002594,2023-05-26T00:00:00.000000,253.00,253.00,242.80,246.99,18581340,4583194112
SZ002594,2023-05-29T00:00:00.000000,250.00,250.55,242.00,244.93,12472291,3051361280
SZ002594,2023-05-30T00:00:00.000000,245.95,255.00,245.83,252.20,16688058,4201064960
SZ002594,2023-05-31T00:00:00.000000,252.20,254.90,249.65,253.66,11838117,2995495168
SZ002594,2023-06-01T00:00:00.000000,253.66,257.88,253.23,255.45,8673571,2217698816
SZ002594,2023-06-02T00:00:00.000000,257.88,259.59,255.60,259.06,11067975,2854068992
SZ002594,2023-06-05T00:00:00.000000,259.00,259.06,251.67,258.32,10479452,2682476800
SZ002594,2023-06-06T00:00:00.000000,257.95,265.00,256.18,260.88,12898111,3371155456
SZ002594,2023-06-07T00:00:00.000000,262.00,263.44,255.50,256.55,10049028,2598158592
SZ002594,2023-06-08T00:00:00.000000,256.19,258.84,254.47,255.00,6445426,1650438528
SZ002594,2023-06-09T00:00:00.000000,258.80,259.10,252.50,258.00,10748401,2753073920
SZ002594,2023-06-12T00:00:00.000000,256.50,263.00,255.50,260.51,10289121,2682484224
SZ002594,2023-06-13T00:00:00.000000,260.50,262.00,257.13,261.22,8151147,2117925888
SZ002594,2023-06-14T00:00:00.000000,262.68,265.39,261.50,263.00,12577600,3318766848
SZ002594,2023-06-15T00:00:00.000000,263.50,275.01,263.29,271.88,24396107,6622886912
SZ002594,2023-06-16T00:00:00.000000,273.86,275.86,270.00,271.08,15229682,4146755840
SZ002594,2023-06-19T00:00:00.000000,271.08,274.99,267.88,269.21,12356475,3342857472
SZ002594,2023-06-20T00:00:00.000000,269.01,269.20,264.90,268.25,10236616,2734001920
SZ002594,2023-06-21T00:00:00.000000,267.01,273.28,266.25,267.78,10781176,2906861056
SZ002594,2023-06-26T00:00:00.000000,262.43,268.69,262.30,262.89,10151222,2681452544
SZ002594,2023-06-27T00:00:00.000000,262.02,263.85,257.08,260.05,9902865,2570404864
SZ002594,2023-06-28T00:00:00.000000,260.00,262.50,258.10,260.25,5726951,1489543296
SZ002594,2023-06-29T00:00:00.000000,260.25,260.78,255.23,255.70,8348505,2148587008
SZ002594,2023-06-30T00:00:00.000000,254.13,260.00,253.70,258.27,7572436,1952424832
SZ002594,2023-07-03T00:00:00.000000,258.88,269.27,258.88,267.48,16256506,4313305088
SZ002594,2023-07-04T00:00:00.000000,268.50,275.00,266.51,271.50,15712002,4271284224
SZ002594,2023-07-05T00:00:00.000000,271.51,272.48,265.69,267.00,9303313,2493339648
SZ002594,2023-07-06T00:00:00.000000,267.00,272.00,266.80,268.10,8371185,2249759232
SZ002594,2023-07-07T00:00:00.000000,267.00,267.66,264.11,264.40,6219150,1650354304
SZ002594,2023-07-10T00:00:00.000000,267.00,269.50,262.75,263.55,6887762,1824432512
SZ002594,2023-07-11T00:00:00.000000,265.00,270.69,263.80,269.33,10240520,2744333056
SZ002594,2023-07-12T00:00:00.000000,270.50,271.15,264.66,265.61,8703195,2328017152
SZ002594,2023-07-13T00:00:00.000000,267.50,269.50,265.01,267.83,8275301,2213414400
SZ002594,2023-07-14T00:00:00.000000,267.80,267.80,263.50,264.41,10272203,2718639360
SZ002594,2023-07-17T00:00:00.000000,267.00,267.00,262.35,264.49,7892663,2086663808
SZ002594,2023-07-18T00:00:00.000000,265.25,267.57,260.50,265.48,9845648,2603934464
SZ002594,2023-07-19T00:00:00.000000,265.49,265.90,262.74,264.83,5025000,1328126208
SZ002594,2023-07-20T00:00:00.000000,265.50,269.50,264.00,264.95,9127051,2434017280
SZ002594,2023-07-21T00:00:00.000000,264.00,264.80,261.55,264.32,7528703,1979318656
SZ002594,2023-07-24T00:00:00.000000,261.01,262.77,257.49,257.50,9595037,2491708416
SZ002594,2023-07-25T00:00:00.000000,262.68,266.99,262.65,264.59,17388284,4604657664
SZ002594,2023-07-26T00:00:00.000000,263.76,263.76,260.60,262.09,6586488,1723363584
SZ002594,2023-07-27T00:00:00.000000,264.50,265.77,260.80,261.63,11265069,2962230528
SZ002594,2023-07-28T00:00:00.000000,260.00,267.65,258.22,267.00,17330825,4584230912
SZ002594,2023-07-31T00:00:00.000000,270.00,276.58,269.88,272.00,21506016,5874722816
SZ002594,2023-08-01T00:00:00.000000,271.76,272.76,266.50,268.50,12033993,3239067648
SZ002594,2023-08-02T00:00:00.000000,270.70,272.00,266.36,268.00,8739351,2346829312
SZ002594,2023-08-03T00:00:00.000000,267.28,268.48,265.51,268.23,6616988,1766952960
SZ002594,2023-08-04T00:00:00.000000,268.99,270.07,266.65,268.30,8805315,2358257664
SZ002594,2023-08-07T00:00:00.000000,267.93,267.93,265.19,266.99,6420380,1710317696
SZ002594,2023-08-08T00:00:00.000000,265.20,266.50,262.51,263.30,9171188,2419517184
SZ002594,2023-08-09T00:00:00.000000,262.00,263.50,260.23,262.90,7249937,1897124736
SZ002594,2023-08-10T00:00:00.000000,263.00,264.87,260.74,262.70,6001610,1575799680
SZ002594,2023-08-11T00:00:00.000000,262.69,262.70,259.01,259.25,8612528,2242256384
SZ002594,2023-08-14T00:00:00.000000,255.00,256.99,243.49,245.82,25289035,6237439488
SZ002594,2023-08-15T00:00:00.000000,245.82,246.13,241.90,244.54,11502129,2804377856
SZ002594,2023-08-16T00:00:00.000000,243.28,245.50,242.21,244.20,7997936,1953463808
SZ002594,2023-08-17T00:00:00.000000,243.37,246.34,240.40,246.01,8683555,2118628480
SZ002594,2023-08-18T00:00:00.000000,245.56,245.56,240.00,240.29,9846650,2385483776
SZ002594,2023-08-21T00:00:00.000000,239.80,239.88,234.05,234.41,12787920,3022536192
SZ002594,2023-08-22T00:00:00.000000,237.97,238.50,230.90,234.54,11211589,2620973056
SZ002594,2023-08-23T00:00:00.000000,234.54,234.54,230.03,230.09,8123755,1882332032
SZ002594,2023-08-24T00:00:00.000000,231.01,237.00,231.01,234.90,10681059,2501734144
SZ002594,2023-08-25T00:00:00.000000,233.28,234.33,231.50,232.60,6677526,1554436992
SZ002594,2023-08-28T00:00:00.000000,248.00,248.00,234.25,235.53,13352736,3189524736
SZ002594,2023-08-29T00:00:00.000000,236.81,247.50,236.81,246.71,21322346,5201525760
SZ002594,2023-08-30T00:00:00.000000,249.33,251.47,247.84,249.80,15218735,3798606848
SZ002594,2023-08-31T00:00:00.000000,250.51,250.99,248.00,249.40,8873396,2214558976
SZ002594,2023-09-01T00:00:00.000000,253.00,254.47,248.00,249.12,7777183,1949444096
SZ002594,2023-09-04T00:00:00.000000,251.60,253.00,248.88,252.45,9651160,2427791360
SZ002594,2023-09-05T00:00:00.000000,252.20,252.20,248.69,249.03,7457050,1864915968
SZ002594,2023-09-06T00:00:00.000000,250.00,252.30,249.30,250.45,6592856,1653726080
SZ002594,2023-09-07T00:00:00.000000,250.42,250.42,248.11,248.40,6091302,1517662848
SZ002594,2023-09-08T00:00:00.000000,247.01,247.01,242.69,244.05,6763440,1651599232
SZ002594,2023-09-11T00:00:00.000000,243.70,248.50,242.20,247.01,7651344,1876707072
SZ002594,2023-09-12T00:00:00.000000,248.70,253.37,247.10,251.99,11953240,3004363264
SZ002594,2023-09-13T00:00:00.000000,252.00,254.28,250.40,251.55,9147897,2305292032
SZ002594,2023-09-14T00:00:00.000000,246.80,246.95,242.00,243.63,15258025,3722930944
SZ002594,2023-09-15T00:00:00.000000,244.00,246.84,241.51,244.29,8225595,2010812288
SZ002594,2023-09-18T00:00:00.000000,244.50,251.20,244.29,247.38,9640522,2395846400
SZ002594,2023-09-19T00:00:00.000000,246.00,248.28,243.80,247.17,6239693,1533948928
SZ002594,2023-09-20T00:00:00.000000,245.00,246.28,244.00,244.00,5449710,1332673920
SZ002594,2023-09-21T00:00:00.000000,243.00,243.87,238.55,239.68,9296462,2232606208
SZ002594,2023-09-22T00:00:00.000000,239.52,245.66,238.50,245.05,9676396,2356419328
SZ002594,2023-09-25T00:00:00.000000,246.83,246.98,244.35,245.80,6478680,1592828416
SZ002594,2023-09-26T00:00:00.000000,245.00,245.00,238.30,238.50,11846263,2846103808
SZ002594,2023-09-27T00:00:00.000000,239.11,242.22,237.79,237.83,7573367,1808518912
SZ002594,2023-09-28T00:00:00.000000,238.80,239.50,236.05,236.70,8525768,2022931200
SZ002594,2023-10-09T00:00:00.000000,236.70,238.51,229.66,237.97,9179071,2162900224
SZ002594,2023-10-10T00:00:00.000000,237.96,240.02,237.00,237.91,6393661,1524841088
SZ002594,2023-10-11T00:00:00.000000,241.96,242.50,238.00,238.59,7668373,1838353024
SZ002594,2023-10-12T00:00:00.000000,240.40,245.50,239.00,244.45,13934094,3391600128
SZ002594,2023-10-13T00:00:00.000000,241.90,242.77,239.80,240.36,6644523,1598611968
SZ002594,2023-10-16T00:00:00.000000,240.40,241.08,236.50,237.51,6602221,1573224704
SZ002594,2023-10-17T00:00:00.000000,237.52,239.99,236.50,238.00,4916359,1169236096
SZ002594,2023-10-18T00:00:00.000000,245.60,251.00,244.00,249.07,30786284,7646061568
SZ002594,2023-10-19T00:00:00.000000,246.95,247.97,240.34,240.60,14775328,3595894528
SZ002594,2023-10-20T00:00:00.000000,240.00,241.80,238.21,239.20,8565861,2050294912
SZ002594,2023-10-23T00:00:00.000000,240.00,240.00,236.20,238.65,7353683,1747793920
SZ002594,2023-10-24T00:00:00.000000,239.30,240.50,234.67,235.55,11077892,2614866688
SZ002594,2023-10-25T00:00:00.000000,237.97,240.01,236.22,237.40,8367573,1993861888
SZ002594,2023-10-26T00:00:00.000000,236.06,238.80,235.70,238.61,7319935,1738279552
SZ002594,2023-10-27T00:00:00.000000,238.00,243.50,237.52,241.95,10320556,2490630400
SZ002594,2023-10-30T00:00:00.000000,239.51,244.99,238.70,244.60,11729547,2849732864
SZ002594,2023-10-31T00:00:00.000000,243.50,243.99,237.50,238.54,12720475,3044814848
SZ002594,2023-11-01T00:00:00.000000,238.00,238.00,235.42,236.20,9339042,2206820608
SZ002594,2023-11-02T00:00:00.000000,237.86,237.88,234.80,234.80,8541416,2015702272
SZ002594,2023-11-03T00:00:00.000000,235.51,239.15,234.88,238.65,9067942,2154652416
SZ002594,2023-11-06T00:00:00.000000,240.51,243.43,240.00,242.90,14354786,3472633600
SZ002594,2023-11-07T00:00:00.000000,243.00,244.30,240.51,240.97,9451293,2287202304
SZ002594,2023-11-08T00:00:00.000000,240.36,240.86,239.18,240.00,8012814,1921682176
SZ002594,2023-11-09T00:00:00.000000,240.00,240.75,238.34,239.30,7318274,1750698752
SZ002594,2023-11-10T00:00:00.000000,239.00,239.00,235.66,236.96,8190190,1940054016
SZ002594,2023-11-13T00:00:00.000000,237.88,238.18,235.10,237.12,6973846,1649216000
SZ002594,2023-11-14T00:00:00.000000,237.30,238.20,236.60,237.63,5521655,1310694912
SZ002594,2023-11-15T00:00:00.000000,239.90,240.00,238.30,238.64,7869167,1881360640
SZ002594,2023-11-16T00:00:00.000000,239.80,239.80,237.22,238.30,6169007,1471253120
SZ002594,2023-11-17T00:00:00.000000,237.00,238.59,236.00,236.76,5946229,1408060160
SZ002594,2023-11-20T00:00:00.000000,235.80,236.50,234.58,235.00,7677094,1804923904
SZ002594,2023-11-21T00:00:00.000000,235.69,236.68,233.66,234.20,8238634,1937039104
SZ002594,2023-11-22T00:00:00.000000,233.50,233.50,229.88,230.00,10557108,2440478720
SZ002594,2023-11-23T00:00:00.000000,230.50,231.28,227.12,228.83,10576394,2425947648
SZ002594,2023-11-24T00:00:00.000000,228.80,228.80,215.40,216.85,28065948,6162803712
SZ002594,2023-11-27T00:00:00.000000,212.00,212.00,205.00,208.90,21548087,4487132160
SZ002594,2023-11-28T00:00:00.000000,208.92,211.77,207.01,209.91,12221143,2562912256
SZ002594,2023-11-29T00:00:00.000000,209.88,209.90,201.39,201.98,21924630,4464902144
SZ002594,2023-11-30T00:00:00.000000,201.60,202.73,198.45,199.15,18724215,3745049088
SZ002594,2023-12-01T00:00:00.000000,200.48,200.82,192.81,197.05,19418985,3799477760
SZ002594,2023-12-04T00:00:00.000000,197.05,199.29,193.60,196.39,11761315,2317283584
SZ002594,2023-12-05T00:00:00.000000,197.00,199.96,195.61,196.34,15237247,3021632256
SZ002594,2023-12-06T00:00:00.000000,196.35,201.24,196.00,201.19,17634737,3523669760
SZ002594,2023-12-07T00:00:00.000000,201.19,201.20,197.30,199.45,10316924,2051259520
SZ002594,2023-12-08T00:00:00.000000,199.03,200.36,198.32,198.55,7770019,1547061888
SZ002594,2023-12-11T00:00:00.000000,196.75,199.58,194.64,199.19,10108635,1989856384
SZ002594,2023-12-12T00:00:00.000000,198.18,198.73,196.12,196.33,7979721,1572793728
SZ002594,2023-12-13T00:00:00.000000,195.82,195.82,191.72,191.80,11753492,2270646784
SZ002594,2023-12-14T00:00:00.000000,193.00,196.18,191.11,191.18,9249670,1787086976
SZ002594,2023-12-15T00:00:00.000000,193.08,194.39,191.08,193.28,10184134,1966549120
SZ002594,2023-12-18T00:00:00.000000,191.06,192.50,188.31,189.06,10051147,1906643072
SZ002594,2023-12-19T00:00:00.000000,188.53,188.68,186.16,188.00,7936972,1487629696
SZ002594,2023-12-20T00:00:00.000000,188.33,189.33,184.87,184.88,8492482,1585187712
SZ002594,2023-12-21T00:00:00.000000,183.33,189.98,182.85,189.68,13314943,2494209024
SZ002594,2023-12-22T00:00:00.000000,189.90,195.38,188.04,192.25,11799766,2267509760
SZ002594,2023-12-25T00:00:00.000000,193.00,194.20,190.21,192.18,5376986,1032287296
SZ002594,2023-12-26T00:00:00.000000,192.16,192.16,190.00,191.75,4138033,790091008
SZ002594,2023-12-27T00:00:00.000000,193.00,193.50,190.70,191.45,6136402,1174486144
SZ002594,2023-12-28T00:00:00.000000,191.03,198.66,190.66,198.05,13877780,2722971136
SZ002594,2023-12-29T00:00:00.000000,198.97,199.80,197.15,198.00,8036729,1591969792
SZ002594,2024-01-02T00:00:00.000000,199.61,199.62,192.37,192.60,11392832,2212162304
SZ002594,2024-01-03T00:00:00.000000,192.50,193.87,190.70,193.17,8448596,1624093056
SZ002594,2024-01-04T00:00:00.000000,194.34,194.65,191.10,193.02,8987036,1731882112
SZ002594,2024-01-05T00:00:00.000000,192.47,197.50,191.13,192.68,11240188,2187835648
SZ002594,2024-01-08T00:00:00.000000,192.80,193.66,189.15,189.40,8107839,1543893888
SZ002594,2024-01-09T00:00:00.000000,191.00,196.00,190.20,192.86,11218651,2167747840
SZ002594,2024-01-10T00:00:00.000000,191.70,193.30,189.60,190.29,7141623,1364589184
SZ002594,2024-01-11T00:00:00.000000,190.20,198.70,188.81,196.78,15986174,3120354816
SZ002594,2024-01-12T00:00:00.000000,196.78,198.25,195.29,195.87,8702264,1711086592
SZ002594,2024-01-15T00:00:00.000000,194.72,197.00,192.42,194.61,7021993,1364639744
SZ002594,2024-01-16T00:00:00.000000,193.90,196.55,193.07,195.30,8380860,1633959552
SZ002594,2024-01-17T00:00:00.000000,194.20,194.55,186.80,186.80,16079471,3050944512
SZ002594,2024-01-18T00:00:00.000000,185.65,191.00,184.91,190.48,11459165,2150839552
SZ002594,2024-01-19T00:00:00.000000,189.49,192.96,188.70,189.34,8090516,1540978176
SZ002594,2024-01-22T00:00:00.000000,188.87,191.30,184.56,185.34,13223973,2487370752
SZ002594,2024-01-23T00:00:00.000000,185.00,188.96,184.30,187.85,11072562,2072060544
SZ002594,2024-01-24T00:00:00.000000,189.28,189.85,184.08,188.70,9664121,1805379328
SZ002594,2024-01-25T00:00:00.000000,188.88,190.90,185.66,189.90,13076908,2470818560
SZ002594,2024-01-26T00:00:00.000000,189.00,189.00,185.50,185.86,11585464,2160578304
SZ002594,2024-01-29T00:00:00.000000,185.90,186.00,178.31,178.44,14604252,2647388160
SZ002594,2024-01-30T00:00:00.000000,173.08,175.48,170.30,171.97,19076118,3296016896
SZ002594,2024-01-31T00:00:00.000000,171.09,175.28,170.32,170.73,12536841,2155163648
SZ002594,2024-02-01T00:00:00.000000,170.00,173.00,168.36,170.89,11665074,1996429696
SZ002594,2024-02-02T00:00:00.000000,170.96,171.88,163.01,167.00,14799171,2485326336
SZ002594,2024-02-05T00:00:00.000000,165.00,171.78,162.77,168.00,18621620,3122618368
SZ002594,2024-02-06T00:00:00.000000,166.00,176.11,165.50,175.87,17618975,3054635520
SZ002594,2024-02-07T00:00:00.000000,177.25,183.00,176.10,179.56,16009370,2880398848
SZ002594,2024-02-08T00:00:00.000000,181.49,183.35,180.70,181.17,11924566,2168509184
SZ002594,2024-02-19T00:00:00.000000,183.88,185.35,181.84,183.50,11968707,2192419584
SZ002594,2024-02-20T00:00:00.000000,183.50,183.68,177.00,179.02,11335736,2023820032
SZ002594,2024-02-21T00:00:00.000000,177.10,185.60,176.66,183.00,14769298,2700340992
SZ002594,2024-02-22T00:00:00.000000,182.90,183.64,181.26,182.99,8090613,1476863360
SZ002594,2024-02-23T00:00:00.000000,182.99,183.99,180.83,182.68,9117490,1660682368
SZ002594,2024-02-26T00:00:00.000000,186.00,190.13,185.55,186.00,15546076,2912982272
SZ002594,2024-02-27T00:00:00.000000,187.45,193.93,187.20,193.70,20634265,3958101760
SZ002594,2024-02-28T00:00:00.000000,196.00,196.52,188.00,188.00,16829153,3223632128
SZ002594,2024-02-29T00:00:00.000000,187.01,191.61,186.19,191.20,12236289,2323915776
SZ002594,2024-03-01T00:00:00.000000,190.90,192.98,188.77,192.18,12215828,2336111360
SZ002594,2024-03-04T00:00:00.000000,190.00,191.70,188.10,189.27,12686510,2401200128
SZ002594,2024-03-05T00:00:00.000000,187.50,191.65,185.50,190.82,14962443,2826124032
SZ002594,2024-03-06T00:00:00.000000,190.00,192.98,189.00,191.65,10010040,1914828160
SZ002594,2024-03-07T00:00:00.000000,192.06,193.96,188.80,188.89,10132688,1935953152
SZ002594,2024-03-08T00:00:00.000000,188.30,190.15,187.25,188.09,6714968,1263993344
SZ002594,2024-03-11T00:00:00.000000,188.00,199.90,188.00,198.74,27808046,5440726528
SZ002594,2024-03-12T00:00:00.000000,201.00,206.66,197.77,205.10,24502892,4958824448
SZ002594,2024-03-13T00:00:00.000000,206.92,210.40,205.83,206.36,17781291,3691839488
SZ002594,2024-03-14T00:00:00.000000,208.42,215.36,208.42,212.08,21135219,4497085952
SZ002594,2024-03-15T00:00:00.000000,210.00,211.38,206.18,209.47,14662802,3057950720
SZ002594,2024-03-18T00:00:00.000000,211.85,218.25,211.61,218.03,19698182,4250885888
SZ002594,2024-03-19T00:00:00.000000,218.03,219.85,214.39,216.80,14697268,3194716160
SZ002594,2024-03-20T00:00:00.000000,217.01,220.78,217.01,218.48,9680523,2118610304
SZ002594,2024-03-21T00:00:00.000000,218.92,219.80,217.00,218.95,8866709,1938901120
SZ002594,2024-03-22T00:00:00.000000,218.95,218.97,215.20,216.95,10467161,2266796544
SZ002594,2024-03-25T00:00:00.000000,216.37,217.79,212.85,214.20,9910940,2133902464
SZ002594,2024-03-26T00:00:00.000000,216.00,219.99,215.27,219.60,13134627,2864082688
SZ002594,2024-03-27T00:00:00.000000,219.61,219.70,210.01,211.98,18884898,4058093312
SZ002594,2024-03-28T00:00:00.000000,209.85,211.84,206.01,208.38,15943531,3327175168
SZ002594,2024-03-29T00:00:00.000000,208.43,208.52,201.17,203.06,14138108,2873380608
SZ002594,2024-04-01T00:00:00.000000,203.06,212.98,203.06,212.01,14290927,2995671808
SZ002594,2024-04-02T00:00:00.000000,212.01,217.30,211.80,212.34,10758479,2301699072
SZ002594,2024-04-03T00:00:00.000000,210.50,211.11,207.55,208.16,8363379,1747159168
SZ002594,2024-04-08T00:00:00.000000,207.00,215.00,206.39,212.00,12822718,2722271488
SZ002594,2024-04-09T00:00:00.000000,211.75,214.99,211.35,212.08,8420846,1791256320
SZ002594,2024-04-10T00:00:00.000000,214.30,214.50,210.00,211.84,7241085,1537375488
SZ002594,2024-04-11T00:00:00.000000,209.00,215.44,207.80,212.98,10085395,2130444800
SZ002594,2024-04-12T00:00:00.000000,212.00,217.19,209.54,210.60,11491789,2453371136
SZ002594,2024-04-15T00:00:00.000000,210.00,215.50,209.09,213.62,11333192,2418635264
SZ002594,2024-04-16T00:00:00.000000,212.40,215.35,210.71,211.63,9832304,2090984704
SZ002594,2024-04-17T00:00:00.000000,211.00,213.18,209.60,213.00,9692162,2046775936
SZ002594,2024-04-18T00:00:00.000000,212.00,216.50,209.40,213.60,13399756,2863779584
SZ002594,2024-04-19T00:00:00.000000,212.19,212.87,207.06,210.13,11177043,2342512384
SZ002594,2024-04-22T00:00:00.000000,210.00,211.53,208.10,208.56,6469478,1353616000
SZ002594,2024-04-23T00:00:00.000000,208.55,208.56,203.99,205.04,8729994,1793533824
SZ002594,2024-04-24T00:00:00.000000,206.89,208.80,204.50,207.42,7497892,1546983936
SZ002594,2024-04-25T00:00:00.000000,207.40,211.51,206.62,208.94,9468384,1980120704
SZ002594,2024-04-26T00:00:00.000000,210.00,219.76,210.00,219.37,25345378,5502292480
SZ002594,2024-04-29T00:00:00.000000,221.08,225.40,218.73,221.38,19167593,4256800000
SZ002594,2024-04-30T00:00:00.000000,223.50,224.38,218.50,218.50,11555966,2542063104
SZ002594,2024-05-06T00:00:00.000000,225.00,228.39,223.50,226.30,18677887,4226418432
SZ002594,2024-05-07T00:00:00.000000,226.30,231.99,224.04,229.88,14419048,3301364224
SZ002594,2024-05-08T00:00:00.000000,228.54,228.88,226.00,226.23,9113178,2070673792
SZ002594,2024-05-09T00:00:00.000000,226.30,228.40,226.15,228.15,7900735,1796491136
SZ002594,2024-05-10T00:00:00.000000,227.00,229.52,226.00,227.80,8061330,1833828096
SZ002594,2024-05-13T00:00:00.000000,225.20,227.36,222.58,225.70,8248116,1857506944
SZ002594,2024-05-14T00:00:00.000000,225.71,227.57,224.11,224.91,6261853,1414943488
SZ002594,2024-05-15T00:00:00.000000,224.50,226.00,218.30,219.14,9973351,2204936704
SZ002594,2024-05-16T00:00:00.000000,219.15,219.96,216.61,218.31,8715722,1901165696
SZ002594,2024-05-17T00:00:00.000000,219.39,220.33,217.66,219.59,7148666,1564639104
SZ002594,2024-05-20T00:00:00.000000,218.48,224.00,218.48,222.87,7595857,1688534400
SZ002594,2024-05-21T00:00:00.000000,221.98,221.99,217.42,218.78,8408043,1838619392
SZ002594,2024-05-22T00:00:00.000000,218.19,219.50,215.16,216.92,8839817,1916325760
SZ002594,2024-05-23T00:00:00.000000,215.85,215.85,213.51,214.95,6228723,1336506240
SZ002594,2024-05-24T00:00:00.000000,213.98,214.00,208.80,209.30,10287552,2166851328
SZ002594,2024-05-27T00:00:00.000000,210.00,210.80,206.60,208.35,7604551,1580461952
SZ002594,2024-05-28T00:00:00.000000,208.80,208.91,206.58,207.38,6094646,1265112448
SZ002594,2024-05-29T00:00:00.000000,211.00,226.00,210.99,224.70,30264777,6633165312
SZ002594,2024-05-30T00:00:00.000000,224.42,229.38,223.90,227.86,22379181,5070762496
SZ002594,2024-05-31T00:00:00.000000,228.80,231.60,226.99,229.02,18542984,4264400640
SZ002594,2024-06-03T00:00:00.000000,229.01,240.48,225.99,237.10,27014589,6370453504
SZ002594,2024-06-04T00:00:00.000000,236.90,239.80,235.95,238.15,15742916,3744672000
SZ002594,2024-06-05T00:00:00.000000,238.48,246.30,238.48,240.79,19443395,4732184064
SZ002594,2024-06-06T00:00:00.000000,241.20,243.80,237.50,238.50,17586542,4227834880
SZ002594,2024-06-07T00:00:00.000000,239.03,241.39,232.13,235.50,18259398,4304211456
SZ002594,2024-06-11T00:00:00.000000,234.63,246.00,234.33,244.63,22159693,5386277888
SZ002594,2024-06-12T00:00:00.000000,241.63,247.55,241.63,242.90,18733197,4573252096
SZ002594,2024-06-13T00:00:00.000000,248.80,258.28,248.11,252.99,29251928,7423395328
SZ002594,2024-06-14T00:00:00.000000,251.48,253.93,246.53,253.05,20260976,5066108928
SZ002594,2024-06-17T00:00:00.000000,252.00,259.87,250.87,257.21,20864880,5371512832
SZ002594,2024-06-18T00:00:00.000000,255.60,257.30,253.00,255.64,12878911,3282495488
SZ002594,2024-06-19T00:00:00.000000,256.00,258.00,253.41,254.00,9910811,2529117440
SZ002594,2024-06-20T00:00:00.000000,252.88,253.77,249.30,251.50,11619994,2921099008
SZ002594,2024-06-21T00:00:00.000000,251.99,254.37,247.81,250.67,11633012,2916085504
SZ002594,2024-06-24T00:00:00.000000,250.00,253.98,247.78,249.94,10842302,2719528704
SZ002594,2024-06-25T00:00:00.000000,252.00,258.74,250.36,254.01,19574643,4998561792
SZ002594,2024-06-26T00:00:00.000000,252.00,254.30,249.38,252.72,11191676,2814435328
SZ002594,2024-06-27T00:00:00.000000,251.02,252.36,248.42,249.50,8291084,2074271488
SZ002594,2024-06-28T00:00:00.000000,248.00,252.13,246.88,250.25,9298207,2324520960
SZ002594,2024-07-01T00:00:00.000000,250.25,251.85,242.50,246.80,12927332,3179627776
SZ002594,2024-07-02T00:00:00.000000,246.87,247.70,243.05,243.97,10262737,2515326208
SZ002594,2024-07-03T00:00:00.000000,243.96,245.38,240.00,243.10,9657403,2340645376
SZ002594,2024-07-04T00:00:00.000000,245.00,249.69,244.50,244.63,9919634,2449191936
SZ002594,2024-07-05T00:00:00.000000,243.17,244.50,238.88,242.03,9566478,2308221440
SZ002594,2024-07-08T00:00:00.000000,241.80,248.22,241.18,244.99,10537466,2591239936
SZ002594,2024-07-09T00:00:00.000000,245.20,253.51,241.51,252.60,14076255,3506898688
SZ002594,2024-07-10T00:00:00.000000,252.49,256.53,251.50,252.50,10928256,2767913728
SZ002594,2024-07-11T00:00:00.000000,255.00,256.26,251.68,253.06,10035945,2546645248
SZ002594,2024-07-12T00:00:00.000000,253.52,264.00,251.89,262.62,18886322,4891988480
SZ002594,2024-07-15T00:00:00.000000,262.30,264.80,260.61,261.71,9871552,2590423552
SZ002594,2024-07-16T00:00:00.000000,260.61,262.20,256.35,258.99,11758768,3043326208
SZ002594,2024-07-17T00:00:00.000000,259.00,261.52,256.62,259.51,10519171,2726321408
SZ002594,2024-07-18T00:00:00.000000,257.90,262.90,257.51,261.43,9532204,2487441664
SZ002594,2024-07-19T00:00:00.000000,260.50,266.00,259.74,264.06,13621379,3593320448
SZ002594,2024-07-22T00:00:00.000000,264.10,270.10,264.10,265.61,10074955,2688874240
SZ002594,2024-07-23T00:00:00.000000,264.99,265.41,253.00,253.23,16741049,4318283776
SZ002594,2024-07-24T00:00:00.000000,253.23,255.15,248.49,249.99,11864005,2976544512
SZ002594,2024-07-25T00:00:00.000000,249.97,254.54,247.50,250.39,10110420,2533958400
SZ002594,2024-07-26T00:00:00.000000,252.97,257.63,251.15,254.95,12484165,3180235008
SZ002594,2024-07-29T00:00:00.000000,252.93,253.00,246.58,249.10,7885932,1960649984
SZ002594,2024-07-30T00:00:00.000000,247.59,247.80,241.62,243.91,11039339,2686057472
SZ002594,2024-07-31T00:00:00.000000,242.61,248.02,242.57,247.05,8749003,2153504512
SZ002594,2024-08-01T00:00:00.000000,248.00,248.74,240.00,244.20,10363488,2519341312
SZ002594,2024-08-02T00:00:00.000000,241.99,242.26,234.60,234.78,14567117,3453944576
SZ002594,2024-08-05T00:00:00.000000,230.84,236.67,230.01,231.18,10526835,2457359616
SZ002594,2024-08-06T00:00:00.000000,234.00,234.62,225.98,228.94,12910151,2955783936
SZ002594,2024-08-07T00:00:00.000000,229.04,231.00,226.47,228.95,8202186,1882919936
SZ002594,2024-08-08T00:00:00.000000,227.80,227.80,223.50,226.45,8535741,1925911424
SZ002594,2024-08-09T00:00:00.000000,228.06,235.88,228.04,231.62,11985218,2790790656
SZ002594,2024-08-12T00:00:00.000000,232.01,233.49,229.50,230.40,5377901,1242071552
SZ002594,2024-08-13T00:00:00.000000,230.36,230.39,226.00,228.73,6043650,1378452608
SZ002594,2024-08-14T00:00:00.000000,228.60,228.60,225.20,226.60,5632985,1276584704
SZ002594,2024-08-15T00:00:00.000000,226.57,232.50,224.88,231.49,8854538,2039684352
SZ002594,2024-08-16T00:00:00.000000,232.11,238.32,230.50,235.11,10221858,2406276096
SZ002594,2024-08-19T00:00:00.000000,235.25,238.98,235.01,235.42,7018242,1662452480
SZ002594,2024-08-20T00:00:00.000000,236.00,237.33,233.43,236.48,6248422,1475807616
SZ002594,2024-08-21T00:00:00.000000,234.66,243.13,232.00,241.00,11104338,2658947584
SZ002594,2024-08-22T00:00:00.000000,241.00,242.77,239.62,240.52,6248845,1506260864
SZ002594,2024-08-23T00:00:00.000000,239.80,241.30,238.15,239.34,4978602,1193437056
SZ002594,2024-08-26T00:00:00.000000,239.50,243.00,237.71,239.41,5651342,1354660352
SZ002594,2024-08-27T00:00:00.000000,237.51,241.28,236.50,240.80,5092646,1219257984
SZ002594,2024-08-28T00:00:00.000000,240.27,240.28,232.80,236.85,8904070,2098577152
SZ002594,2024-08-29T00:00:00.000000,233.33,236.50,231.30,234.85,7938487,1858678016
SZ002594,2024-08-30T00:00:00.000000,237.98,251.79,237.26,249.42,19302792,4764660224
SZ002594,2024-09-02T00:00:00.000000,248.02,250.42,241.00,241.10,10113482,2468600832
SZ002594,2024-09-03T00:00:00.000000,240.40,247.45,240.40,247.08,10181990,2497421824
SZ002594,2024-09-04T00:00:00.000000,245.50,251.90,245.44,250.32,10060596,2506778368
SZ002594,2024-09-05T00:00:00.000000,250.00,255.60,249.60,252.85,10012555,2542189312
SZ002594,2024-09-06T00:00:00.000000,252.86,255.10,251.42,251.60,7814152,1982244992
SZ002594,2024-09-09T00:00:00.000000,249.48,253.96,248.58,249.98,7085126,1774845184
SZ002594,2024-09-10T00:00:00.000000,250.00,252.80,248.62,249.65,6124829,1533462784
SZ002594,2024-09-11T00:00:00.000000,250.00,260.60,249.44,258.10,15536148,4001604096
SZ002594,2024-09-12T00:00:00.000000,258.70,260.00,257.00,257.01,7725108,1995755904
SZ002594,2024-09-13T00:00:00.000000,257.20,258.00,254.85,254.99,5699161,1458587904
SZ002594,2024-09-18T00:00:00.000000,255.02,259.33,254.10,258.43,6681981,1715595520
SZ002594,2024-09-19T00:00:00.000000,259.01,259.38,253.30,255.36,9104323,2326365440
SZ002594,2024-09-20T00:00:00.000000,255.38,258.80,252.88,256.10,8989793,2292829696
SZ002594,2024-09-23T00:00:00.000000,255.95,256.96,248.79,250.00,10758273,2712153600
SZ002594,2024-09-24T00:00:00.000000,253.00,255.50,246.76,254.29,15649454,3949080832
SZ002594,2024-09-25T00:00:00.000000,258.00,269.66,257.66,262.80,20571034,5442652160
SZ002594,2024-09-26T00:00:00.000000,264.00,269.70,262.10,269.61,14906641,3960197888
SZ002594,2024-09-27T00:00:00.000000,273.00,291.99,271.50,283.99,30992240,8683448320
SZ002594,2024-09-30T00:00:00.000000,290.00,308.08,290.00,307.31,38880459,11640545280
SZ002594,2024-10-08T00:00:00.000000,338.04,338.04,307.31,327.38,44343939,14484952064
SZ002594,2024-10-09T00:00:00.000000,315.00,320.71,300.50,305.69,32591858,10166970368
SZ002594,2024-10-10T00:00:00.000000,310.00,322.00,309.98,315.89,25016687,7918647296
SZ002594,2024-10-11T00:00:00.000000,314.02,314.02,296.01,300.05,18641849,5671879168
SZ002594,2024-10-14T00:00:00.000000,300.99,309.98,300.20,307.00,17236482,5268100608
SZ002594,2024-10-15T00:00:00.000000,305.50,308.38,298.00,298.00,12214902,3695577344
SZ002594,2024-10-16T00:00:00.000000,293.00,295.98,287.00,289.79,15032187,4362898944
SZ002594,2024-10-17T00:00:00.000000,292.51,297.85,289.12,289.42,10245654,3005198848
SZ002594,2024-10-18T00:00:00.000000,289.45,306.20,288.08,300.30,19109242,5674148352
SZ002594,2024-10-21T00:00:00.000000,303.00,308.60,300.90,306.45,15781602,4819617280
SZ002594,2024-10-22T00:00:00.000000,305.00,310.12,303.00,304.75,10373266,3174859520
SZ002594,2024-10-23T00:00:00.000000,304.75,311.80,302.68,308.88,12669500,3911383552
SZ002594,2024-10-24T00:00:00.000000,308.88,309.97,302.58,303.68,9688514,2959755264
SZ002594,2024-10-25T00:00:00.000000,304.00,311.80,304.00,308.14,13982037,4306245120
SZ002594,2024-10-28T00:00:00.000000,309.00,309.00,301.75,305.10,10932439,3323177984
SZ002594,2024-10-29T00:00:00.000000,309.00,310.28,303.80,305.40,11854561,3635542272
SZ002594,2024-10-30T00:00:00.000000,303.00,307.51,301.50,305.55,10844820,3301164288
SZ002594,2024-10-31T00:00:00.000000,302.01,302.99,293.00,293.19,24085199,7127704576
SZ002594,2024-11-01T00:00:00.000000,293.20,295.60,290.10,290.31,14304086,4174457344
SZ002594,2024-11-04T00:00:00.000000,296.00,308.92,295.61,306.98,21731889,6600399872
SZ002594,2024-11-05T00:00:00.000000,304.06,308.44,300.50,307.50,16781998,5124245504
SZ002594,2024-11-06T00:00:00.000000,308.00,309.75,298.00,300.36,18486120,5611830784
SZ002594,2024-11-07T00:00:00.000000,295.03,301.88,294.00,301.78,15067592,4484369920
SZ002594,2024-11-08T00:00:00.000000,307.12,307.52,297.00,297.90,16671572,5022195712
SZ002594,2024-11-11T00:00:00.000000,295.00,299.47,292.60,299.29,18085930,5349191168
SZ002594,2024-11-12T00:00:00.000000,300.15,310.00,299.31,300.81,24655746,7520312832
SZ002594,2024-11-13T00:00:00.000000,298.00,301.33,295.30,300.57,14511579,4326957568
SZ002594,2024-11-14T00:00:00.000000,300.00,300.30,294.00,294.75,12458290,3690676736
SZ002594,2024-11-15T00:00:00.000000,294.79,295.79,288.02,290.00,15323594,4471450112
SZ002594,2024-11-18T00:00:00.000000,290.01,292.95,286.66,288.68,11620595,3364288768
SZ002594,2024-11-19T00:00:00.000000,288.68,291.48,282.02,287.99,13194669,3785016832
SZ002594,2024-11-20T00:00:00.000000,288.01,290.40,285.50,288.46,10601693,3049973760
SZ002594,2024-11-21T00:00:00.000000,288.47,288.49,284.00,286.00,9553294,2727229952
SZ002594,2024-11-22T00:00:00.000000,285.50,285.86,278.00,278.49,12514178,3529972992
SZ002594,2024-11-25T00:00:00.000000,283.00,289.36,280.89,283.00,17453315,4981714432
SZ002594,2024-11-26T00:00:00.000000,280.00,286.00,277.88,281.01,9520645,2686423296
SZ002594,2024-11-27T00:00:00.000000,279.28,281.00,277.00,281.00,11000281,3068303872
SZ002594,2024-11-28T00:00:00.000000,281.20,281.56,273.00,274.58,15858922,4365778944
SZ002594,2024-11-29T00:00:00.000000,273.00,277.88,272.05,274.83,12800460,3516186112
SZ002594,2024-12-02T00:00:00.000000,276.61,284.00,274.08,282.40,15135721,4255616768
SZ002594,2024-12-03T00:00:00.000000,284.80,285.88,280.58,282.65,9144971,2585319936
SZ002594,2024-12-04T00:00:00.000000,281.34,283.33,278.80,279.98,8501286,2389152000
SZ002594,2024-12-05T00:00:00.000000,277.19,278.48,274.31,275.26,9026771,2486214912
SZ002594,2024-12-06T00:00:00.000000,275.67,281.98,274.01,280.28,12469840,3469413120
SZ002594,2024-12-09T00:00:00.000000,279.23,283.99,277.68,280.49,9215268,2590143488
SZ002594,2024-12-10T00:00:00.000000,293.00,294.00,282.00,282.55,17592915,5057037312
SZ002594,2024-12-11T00:00:00.000000,282.03,283.87,279.40,280.77,9335988,2623997184
SZ002594,2024-12-12T00:00:00.000000,280.10,283.68,278.40,283.68,10013395,2816817920
SZ002594,2024-12-13T00:00:00.000000,281.33,281.62,276.42,276.51,11235863,3130392576
SZ002594,2024-12-16T00:00:00.000000,276.52,278.18,273.58,274.95,7149026,1967314560
SZ002594,2024-12-17T00:00:00.000000,274.92,285.66,273.98,282.80,17568207,4960329728
SZ002594,2024-12-18T00:00:00.000000,283.25,286.88,282.63,284.65,8410638,2397657856
SZ002594,2024-12-19T00:00:00.000000,281.81,286.94,280.00,285.40,8672852,2465377280
SZ002594,2024-12-20T00:00:00.000000,285.01,286.75,280.20,280.20,9670711,2730667008
SZ002594,2024-12-23T00:00:00.000000,280.50,283.29,278.88,280.70,8151596,2291275776
SZ002594,2024-12-24T00:00:00.000000,279.89,288.51,279.13,288.42,14228738,4072070400
SZ002594,2024-12-25T00:00:00.000000,288.73,291.36,285.70,285.92,8339103,2405517056
SZ002594,2024-12-26T00:00:00.000000,285.92,286.80,284.00,284.86,6760455,1928774400
SZ002594,2024-12-27T00:00:00.000000,286.80,287.55,283.00,286.28,7868319,2249658112
SZ002594,2024-12-30T00:00:00.000000,287.20,289.50,283.33,284.99,8294681,2371257344
SZ002594,2024-12-31T00:00:00.000000,285.00,286.50,282.00,282.66,7761976,2201903360
SZ002594,2025-01-02T00:00:00.000000,283.00,283.08,269.42,271.10,16878404,4624073728
SZ002594,2025-01-03T00:00:00.000000,271.50,274.59,268.24,270.73,9936476,2693072128
SZ002594,2025-01-06T00:00:00.000000,271.94,273.89,269.03,271.28,8244683,2236590080
SZ002594,2025-01-07T00:00:00.000000,271.28,277.73,267.50,274.03,9572218,2627167232
SZ002594,2025-01-08T00:00:00.000000,272.99,273.99,265.81,269.18,10908247,2933447168
SZ002594,2025-01-09T00:00:00.000000,269.00,271.70,266.66,269.39,6561288,1766873728
SZ002594,2025-01-10T00:00:00.000000,269.00,270.39,264.78,266.02,8054821,2147363072
SZ002594,2025-01-13T00:00:00.000000,263.00,268.47,262.21,266.00,6721375,1787448704
SZ002594,2025-01-14T00:00:00.000000,266.34,277.15,266.01,276.30,12578973,3438827520
SZ002594,2025-01-15T00:00:00.000000,276.20,277.31,274.50,274.69,6233583,1718769152
SZ002594,2025-01-16T00:00:00.000000,274.70,277.33,270.53,272.76,7257175,1984685696
SZ002594,2025-01-17T00:00:00.000000,273.52,279.20,272.48,276.60,8614153,2376770816
SZ002594,2025-01-20T00:00:00.000000,279.00,286.43,278.92,284.43,13579709,3863727360
SZ002594,2025-01-21T00:00:00.000000,285.00,287.43,283.00,286.05,7644144,2184132864
SZ002594,2025-01-22T00:00:00.000000,285.00,286.30,279.80,282.50,8105689,2287303680
SZ002594,2025-01-23T00:00:00.000000,284.98,285.00,277.00,277.11,9617392,2690601216
SZ002594,2025-01-24T00:00:00.000000,276.51,280.50,276.00,279.08,6814367,1898979200
SZ002594,2025-01-27T00:00:00.000000,279.09,280.12,274.50,274.50,6340768,1755529344
SZ002594,2025-02-05T00:00:00.000000,282.73,286.75,281.60,282.80,14535090,4128876800
SZ002594,2025-02-06T00:00:00.000000,282.81,311.08,282.45,311.08,38145868,11416508416
SZ002594,2025-02-07T00:00:00.000000,320.00,330.00,314.00,326.90,48707526,15691988992
SZ002594,2025-02-10T00:00:00.000000,326.91,332.00,321.58,330.13,27271140,8908518400
SZ002594,2025-02-11T00:00:00.000000,339.30,340.30,326.01,329.90,28036356,9315885056
SZ002594,2025-02-12T00:00:00.000000,327.50,346.94,322.65,345.05,27935722,9451048960
SZ002594,2025-02-13T00:00:00.000000,341.20,346.35,339.50,341.30,19983985,6859997696
SZ002594,2025-02-14T00:00:00.000000,341.52,359.60,341.52,356.05,24364461,8574633472
SZ002594,2025-02-17T00:00:00.000000,356.05,358.80,344.50,348.50,23201509,8111345664
SZ002594,2025-02-18T00:00:00.000000,351.40,363.48,348.84,356.22,25179738,8977762304
SZ002594,2025-02-19T00:00:00.000000,353.52,360.00,353.00,358.50,16191782,5784129536
SZ002594,2025-02-20T00:00:00.000000,363.48,367.66,358.20,362.78,15693717,5695876608
SZ002594,2025-02-21T00:00:00.000000,366.00,386.50,365.23,383.00,23929245,9089498112
SZ002594,2025-02-24T00:00:00.000000,385.00,388.66,373.48,376.28,19940747,7586289152
SZ002594,2025-02-25T00:00:00.000000,370.00,380.00,368.81,372.49,16110252,6008878592
SZ002594,2025-02-26T00:00:00.000000,372.49,375.80,365.00,372.10,13852896,5125594624
SZ002594,2025-02-27T00:00:00.000000,382.00,383.99,371.01,375.50,16844614,6350435840
SZ002594,2025-02-28T00:00:00.000000,371.10,374.77,359.01,361.82,23930429,8762214400
SZ002594,2025-03-03T00:00:00.000000,369.00,370.00,357.79,360.21,15207822,5524500480
SZ002594,2025-03-04T00:00:00.000000,340.03,348.00,338.03,344.84,26345330,9062925312
SZ002594,2025-03-05T00:00:00.000000,347.00,355.19,347.00,353.96,13906886,4885879808
SZ002594,2025-03-06T00:00:00.000000,360.18,362.17,357.00,358.93,11460099,4120637696
SZ002594,2025-03-07T00:00:00.000000,358.90,361.00,355.24,356.40,8758413,3131517696
SZ002594,2025-03-10T00:00:00.000000,355.90,357.39,349.00,351.00,9917660,3484350976
SZ002594,2025-03-11T00:00:00.000000,345.00,351.77,344.88,350.38,9536997,3314689280
SZ002594,2025-03-12T00:00:00.000000,354.45,359.88,351.00,351.00,12951056,4593312768
SZ002594,2025-03-13T00:00:00.000000,351.87,357.36,351.13,354.50,10221085,3624759040
SZ002594,2025-03-14T00:00:00.000000,357.00,377.18,355.62,375.94,22469718,8292987392
SZ002594,2025-03-17T00:00:00.000000,382.32,383.00,375.96,380.25,13306887,5060211712
SZ002594,2025-03-18T00:00:00.000000,388.55,390.00,380.01,384.57,17333878,6672881152
SZ002594,2025-03-19T00:00:00.000000,384.53,399.00,382.54,397.07,18835150,7404859904
SZ002594,2025-03-20T00:00:00.000000,400.00,403.40,395.99,399.99,15941284,6372989440
SZ002594,2025-03-21T00:00:00.000000,393.01,393.31,370.00,372.00,28210676,10685254656
SZ002594,2025-03-24T00:00:00.000000,377.00,378.50,367.86,375.36,14789405,5522974208
SZ002594,2025-03-25T00:00:00.000000,377.98,379.60,368.98,369.59,12308536,4595791872
SZ002594,2025-03-26T00:00:00.000000,369.59,379.00,368.00,376.01,12020484,4503762944
SZ002594,2025-03-27T00:00:00.000000,376.10,391.28,376.09,386.50,14439437,5554865152
SZ002594,2025-03-28T00:00:00.000000,386.50,390.80,381.50,382.50,11493982,4428715520
SZ002594,2025-03-31T00:00:00.000000,380.00,383.28,374.00,374.90,11578391,4370400256
SZ002594,2025-04-01T00:00:00.000000,377.77,377.87,364.36,365.50,15407199,5663385088
SZ002594,2025-04-02T00:00:00.000000,365.00,365.67,358.88,360.50,11710041,4226638848
SZ002594,2025-04-03T00:00:00.000000,355.50,361.53,354.26,357.51,10102322,3618676992
SZ002594,2025-04-07T00:00:00.000000,333.34,337.70,321.76,321.76,27349840,8911483904
SZ002594,2025-04-08T00:00:00.000000,321.76,335.88,318.00,327.51,27464351,8924529664
SZ002594,2025-04-09T00:00:00.000000,319.80,328.00,313.66,324.60,21193856,6822376448
SZ002594,2025-04-10T00:00:00.000000,334.50,347.06,334.00,336.40,21089578,7165511680
SZ002594,2025-04-11T00:00:00.000000,337.00,357.55,336.40,354.98,18994493,6621821952
SZ002594,2025-04-14T00:00:00.000000,363.20,363.70,355.60,359.00,14206917,5115484160
SZ002594,2025-04-15T00:00:00.000000,364.60,365.00,357.33,359.97,11651557,4195947008
SZ002594,2025-04-16T00:00:00.000000,356.62,357.00,348.10,352.15,13182793,4618462208
SZ002594,2025-04-17T00:00:00.000000,349.94,353.45,346.67,349.68,8528864,2985985280
SZ002594,2025-04-18T00:00:00.000000,347.90,347.90,344.00,346.00,7386013,2553879808
SZ002594,2025-04-21T00:00:00.000000,346.00,349.87,345.24,348.76,7495341,2609226240
SZ002594,2025-04-22T00:00:00.000000,348.76,356.93,346.78,354.84,11212206,3956085760
SZ002594,2025-04-23T00:00:00.000000,377.00,378.00,367.23,371.99,24792689,9216822272
SZ002594,2025-04-24T00:00:00.000000,372.48,374.60,363.35,366.00,15089211,5557113344
SZ002594,2025-04-25T00:00:00.000000,370.00,375.30,368.10,370.83,13386942,4975314944
SZ002594,2025-04-28T00:00:00.000000,367.13,367.13,356.56,360.00,17978320,6459136512
SZ002594,2025-04-29T00:00:00.000000,359.10,360.63,353.00,355.00,11898307,4237606400
SZ002594,2025-04-30T00:00:00.000000,354.90,354.93,349.30,353.09,13047947,4599074304
SZ002594,2025-05-06T00:00:00.000000,360.00,362.30,355.92,359.96,14829353,5326196224
SZ002594,2025-05-07T00:00:00.000000,365.00,365.68,358.14,359.20,10883990,3937980416
SZ002594,2025-05-08T00:00:00.000000,356.52,361.98,355.70,359.28,8338169,2994908416
SZ002594,2025-05-09T00:00:00.000000,360.75,366.00,359.30,363.22,14372616,5218995712
SZ002594,2025-05-12T00:00:00.000000,365.00,370.28,360.58,370.28,16137017,5890708992
SZ002594,2025-05-13T00:00:00.000000,376.00,376.58,366.03,366.50,13177107,4874657792
SZ002594,2025-05-14T00:00:00.000000,366.50,373.10,363.36,373.10,13569307,5012059648
SZ002594,2025-05-15T00:00:00.000000,373.00,385.00,369.28,376.80,20880137,7894571008
SZ002594,2025-05-16T00:00:00.000000,375.03,390.99,373.58,389.17,22932794,8858484736
SZ002594,2025-05-19T00:00:00.000000,388.00,388.00,377.00,382.81,16137281,6159126016
SZ002594,2025-05-20T00:00:00.000000,383.50,394.80,381.50,394.80,17209991,6705399808
SZ002594,2025-05-21T00:00:00.000000,393.94,404.00,391.01,400.00,19947886,7967115264
SZ002594,2025-05-22T00:00:00.000000,399.98,405.56,398.00,398.80,14636280,5868800000
SZ002594,2025-05-23T00:00:00.000000,399.00,416.98,398.13,405.00,23557418,9627525120
SZ002594,2025-05-26T00:00:00.000000,401.81,403.00,380.00,381.00,30955063,12014228480
SZ002594,2025-05-27T00:00:00.000000,375.88,381.00,368.88,372.41,23027544,8594833408
SZ002594,2025-05-28T00:00:00.000000,372.41,372.95,362.07,362.88,17775388,6513230336
SZ002594,2025-05-29T00:00:00.000000,359.59,366.00,355.08,361.13,19206113,6942900224
SZ002594,2025-05-30T00:00:00.000000,357.02,358.80,351.30,352.30,19055991,6733498368
SZ002594,2025-06-03T00:00:00.000000,351.25,357.99,349.00,356.00,18189270,6453885952
SZ002594,2025-06-04T00:00:00.000000,359.50,364.32,358.15,360.52,14690410,5311223808
SZ002594,2025-06-05T00:00:00.000000,362.39,362.74,356.03,360.75,10861275,3908084224
SZ002594,2025-06-06T00:00:00.000000,361.00,362.38,357.50,359.96,8969768,3228098048
SZ002594,2025-06-09T00:00:00.000000,356.12,356.41,345.11,348.14,25509134,8932441088
SZ002594,2025-06-10T00:00:00.000000,349.60,355.00,348.23,353.13,17178588,6042960384
SZ002594,2025-06-11T00:00:00.000000,354.01,365.98,354.01,361.99,20310674,7326544896
SZ002594,2025-06-12T00:00:00.000000,359.89,359.89,353.01,353.24,14404696,5117764608
SZ002594,2025-06-13T00:00:00.000000,349.50,349.91,341.49,346.00,21023987,7256548352
SZ002594,2025-06-16T00:00:00.000000,345.99,347.04,340.80,344.43,10228405,3508947712
SZ002594,2025-06-17T00:00:00.000000,344.00,346.40,342.40,343.74,7004530,2408912896
SZ002594,2025-06-18T00:00:00.000000,342.82,349.20,341.97,346.95,10289697,3565398016
SZ002594,2025-06-19T00:00:00.000000,344.03,345.29,340.35,340.50,10038121,3437688832
SZ002594,2025-06-20T00:00:00.000000,340.03,342.97,339.80,340.25,7353816,2507526400
SZ002594,2025-06-23T00:00:00.000000,336.85,339.71,333.60,338.20,9459334,3185477376
SZ002594,2025-06-24T00:00:00.000000,341.23,346.20,341.23,343.38,14471259,4979495424
SZ002594,2025-06-25T00:00:00.000000,345.99,349.73,343.02,349.27,12573827,4352301568
SZ002594,2025-06-26T00:00:00.000000,344.31,344.31,336.83,337.44,20493214,6967640576
SZ002594,2025-06-27T00:00:00.000000,334.00,336.72,333.44,334.24,13861749,4633461760
SZ002594,2025-06-30T00:00:00.000000,334.24,334.24,328.59,331.91,14400344,4768270336
SZ002594,2025-07-01T00:00:00.000000,330.30,333.35,328.79,331.34,8851804,2931303424
SZ002594,2025-07-02T00:00:00.000000,332.00,333.86,328.93,330.66,9327011,3083342592
SZ002594,2025-07-03T00:00:00.000000,330.98,335.25,330.67,334.56,12349781,4123732480
SZ002594,2025-07-04T00:00:00.000000,332.55,334.99,329.77,331.00,10410355,3454495488
SZ002594,2025-07-07T00:00:00.000000,329.20,330.49,328.44,328.59,8820772,2901015552
SZ002594,2025-07-08T00:00:00.000000,327.00,329.78,325.72,326.88,11691814,3825413632
SZ002594,2025-07-09T00:00:00.000000,326.90,328.21,325.78,325.80,12163311,3969384192
SZ002594,2025-07-10T00:00:00.000000,325.81,326.09,318.85,321.23,21002206,6741345280
SZ002594,2025-07-11T00:00:00.000000,319.90,326.85,319.02,323.91,16826983,5456832000
SZ002594,2025-07-14T00:00:00.000000,323.91,323.91,317.56,318.49,17230914,5502331904
SZ002594,2025-07-15T00:00:00.000000,318.20,325.00,318.00,323.05,16279094,5252631552
SZ002594,2025-07-16T00:00:00.000000,323.06,325.91,323.06,323.72,11075835,3594544128
SZ002594,2025-07-17T00:00:00.000000,325.00,328.72,324.10,328.02,15689135,5138611200
SZ002594,2025-07-18T00:00:00.000000,329.13,329.50,325.25,329.11,13686649,4482466816
SZ002594,2025-07-21T00:00:00.000000,327.99,334.12,327.26,334.12,15394503,5102459392
SZ002594,2025-07-22T00:00:00.000000,335.00,342.01,333.21,341.69,21416417,7227730944
SZ002594,2025-07-23T00:00:00.000000,342.09,343.00,337.00,338.07,15890735,5395840512
SZ002594,2025-07-24T00:00:00.000000,338.08,346.54,337.63,342.72,18906327,6489370112
SZ002594,2025-07-25T00:00:00.000000,341.00,341.40,335.00,337.93,15704076,5307866624
SZ002594,2025-07-28T00:00:00.000000,337.93,339.10,335.53,337.00,11705670,3947001088
SZ002594,2025-07-29T00:00:00.000000,112.01,112.50,109.77,111.42,38735984,4322741760
SZ002594,2025-07-30T00:00:00.000000,108.05,111.16,107.12,108.70,52483427,5743878656
SZ002594,2025-07-31T00:00:00.000000,108.20,108.20,105.00,105.24,59949943,6344900608
SZ002594,2025-08-01T00:00:00.000000,104.95,106.24,104.36,105.80,36233692,3816659456
SZ002594,2025-08-04T00:00:00.000000,104.00,105.14,102.57,104.88,41293694,4293903616
SZ002594,2025-08-05T00:00:00.000000,104.88,105.21,103.78,104.86,33834986,3539636736
SZ002594,2025-08-06T00:00:00.000000,104.86,105.00,103.90,104.35,30561960,3184784896
SZ002594,2025-08-07T00:00:00.000000,104.27,106.43,104.16,105.33,42876298,4526612992
SZ002594,2025-08-08T00:00:00.000000,105.00,105.03,103.91,103.93,32661461,3405317376
SZ002594,2025-08-11T00:00:00.000000,103.88,105.66,103.23,105.52,35669790,3741329664
SZ002594,2025-08-12T00:00:00.000000,105.40,106.43,104.70,105.67,31219504,3302639104
SZ002594,2025-08-13T00:00:00.000000,106.29,107.65,105.84,106.83,45983014,4908744704
SZ002594,2025-08-14T00:00:00.000000,107.37,107.50,105.79,106.37,41954793,4478118912
SZ002594,2025-08-15T00:00:00.000000,105.85,106.64,105.32,106.07,36135346,3831047168
SZ002594,2025-08-18T00:00:00.000000,105.66,109.49,105.66,108.37,61925173,6680761856
SZ002594,2025-08-19T00:00:00.000000,108.67,108.92,107.18,107.63,38973519,4205349376
SZ002594,2025-08-20T00:00:00.000000,107.18,108.26,106.01,108.25,38505345,4130459136
SZ002594,2025-08-21T00:00:00.000000,107.80,108.83,107.00,107.10,44946378,4843670016
SZ002594,2025-08-22T00:00:00.000000,107.11,110.97,107.11,110.66,76312005,8351469568
SZ002594,2025-08-25T00:00:00.000000,111.31,112.49,110.31,111.61,61162758,6803183104
SZ002594,2025-08-26T00:00:00.000000,111.75,114.69,110.71,113.75,69291585,7850510848
SZ002594,2025-08-27T00:00:00.000000,113.96,114.06,110.66,110.68,68974693,7761766912
SZ002594,2025-08-28T00:00:00.000000,109.39,110.19,107.11,109.32,76252199,8278466048
SZ002594,2025-08-29T00:00:00.000000,108.88,116.59,108.12,114.06,114490194,12973326336
SZ002594,2025-09-01T00:00:00.000000,108.50,111.48,108.50,109.70,132986738,14546890752
SZ002594,2025-09-02T00:00:00.000000,108.79,111.10,108.60,110.02,77322410,8495472640
SZ002594,2025-09-03T00:00:00.000000,110.50,110.73,107.01,107.21,73522327,7975948800
SZ002594,2025-09-04T00:00:00.000000,106.59,107.09,103.71,104.00,81574074,8588835840
SZ002594,2025-09-05T00:00:00.000000,103.86,107.50,103.11,107.26,78752385,8307908096
SZ002594,2025-09-08T00:00:00.000000,106.15,107.13,105.51,106.25,55592345,5910440448
SZ002594,2025-09-09T00:00:00.000000,106.00,107.20,105.27,105.49,38163622,4049249536
SZ002594,2025-09-10T00:00:00.000000,105.52,106.45,105.02,105.20,32236895,3401353984
SZ002594,2025-09-11T00:00:00.000000,105.25,106.60,104.89,106.59,53778149,5683446784
SZ002594,2025-09-12T00:00:00.000000,106.60,107.58,105.90,105.91,45591018,4859782656
SZ002594,2025-09-15T00:00:00.000000,106.00,110.85,106.00,108.70,97480407,10620465152
SZ002594,2025-09-16T00:00:00.000000,109.00,109.00,107.22,107.80,53316021,5753438208
SZ002594,2025-09-17T00:00:00.000000,108.20,112.00,108.20,110.99,98123971,10827682816
SZ002594,2025-09-18T00:00:00.000000,110.99,112.80,108.56,109.71,93401380,10362192896
SZ002594,2025-09-19T00:00:00.000000,109.80,110.80,109.00,109.09,47297748,5188176384
SZ002594,2025-09-22T00:00:00.000000,108.87,108.91,107.15,107.99,49155923,5293961728
SZ002594,2025-09-23T00:00:00.000000,107.45,107.69,104.64,105.60,65096262,6888231936
SZ002594,2025-09-24T00:00:00.000000,105.00,105.83,104.00,105.71,54816227,5758922240
SZ002594,2025-09-25T00:00:00.000000,105.34,108.80,104.87,107.50,69348204,7421942272
SZ002594,2025-09-26T00:00:00.000000,107.45,111.23,107.00,107.29,75661207,8250492928
SZ002594,2025-09-29T00:00:00.000000,107.00,109.14,106.39,108.61,61398368,6621874176
SZ002594,2025-09-30T00:00:00.000000,108.19,109.98,107.76,109.21,56775550,6200518656
SZ002594,2025-10-09T00:00:00.000000,108.67,112.48,108.07,110.60,100872197,11196004352
SZ002594,2025-10-10T00:00:00.000000,110.55,110.55,107.58,107.79,59010253,6420415488
SZ002594,2025-10-13T00:00:00.000000,105.00,105.98,104.10,105.69,74442980,7841774592
SZ002594,2025-10-14T00:00:00.000000,106.68,109.36,105.62,105.99,76778627,8244228608
SZ002594,2025-10-15T00:00:00.000000,106.45,107.51,105.50,107.10,47579133,5063179776
SZ002594,2025-10-16T00:00:00.000000,107.00,109.30,106.51,106.96,52309638,5628738560
SZ002594,2025-10-17T00:00:00.000000,106.60,106.63,104.26,104.43,62572494,6576614912
SZ002594,2025-10-20T00:00:00.000000,105.22,105.63,104.08,104.52,35561452,3721699840
SZ002594,2025-10-21T00:00:00.000000,104.69,105.07,104.24,104.76,29907419,3133789440
SZ002594,2025-10-22T00:00:00.000000,104.10,104.32,103.37,103.78,35787419,3715302144
SZ002594,2025-10-23T00:00:00.000000,103.30,103.73,102.00,103.69,37860342,3889661696
SZ002594,2025-10-24T00:00:00.000000,103.98,104.37,103.61,103.76,30554268,3173964288
SZ002594,2025-10-27T00:00:00.000000,104.00,104.97,103.88,104.01,34598784,3607756800
SZ002594,2025-10-28T00:00:00.000000,104.02,104.32,103.50,103.72,26541583,2755526144
SZ002594,2025-10-29T00:00:00.000000,103.73,105.18,103.00,104.52,39734040,4128608256
SZ002594,2025-10-30T00:00:00.000000,104.00,104.86,103.50,103.61,35898945,3733925632
SZ002594,2025-10-31T00:00:00.000000,101.00,101.32,100.00,100.79,63705259,6418551296
SZ002594,2025-11-03T00:00:00.000000,100.79,100.99,98.50,99.60,55167021,5472679424
SZ002594,2025-11-04T00:00:00.000000,99.00,99.54,97.71,97.80,43501704,4274197504
SZ002594,2025-11-05T00:00:00.000000,96.66,96.66,94.73,95.80,58721510,5617216000
SZ002594,2025-11-06T00:00:00.000000,95.58,97.75,95.40,97.52,40200367,3897723904
SZ002594,2025-11-07T00:00:00.000000,97.00,98.15,96.83,97.20,32256073,3145818112
SZ002594,2025-11-10T00:00:00.000000,97.35,100.35,97.35,99.39,55487690,5513239040
SZ002594,2025-11-11T00:00:00.000000,99.50,99.78,98.14,98.71,31985788,3161124096
SZ002594,2025-11-12T00:00:00.000000,98.80,98.99,97.54,97.77,26064335,2555847680
SZ002594,2025-11-13T00:00:00.000000,97.01,100.50,97.01,99.83,57999022,5759429120
SZ002594,2025-11-14T00:00:00.000000,99.00,100.50,98.33,98.37,34298466,3396134912
SZ002594,2025-11-17T00:00:00.000000,97.80,98.59,97.25,98.08,20724759,2029207808
SZ002594,2025-11-18T00:00:00.000000,97.54,97.85,96.02,96.49,30475645,2949162752
SZ002594,2025-11-19T00:00:00.000000,96.40,96.66,95.01,95.17,34829235,3327809280
SZ002594,2025-11-20T00:00:00.000000,95.17,95.50,93.50,93.61,39181087,3692348160
SZ002594,2025-11-21T00:00:00.000000,92.49,94.39,91.70,92.70,45171313,4182916608
SZ002594,2025-11-24T00:00:00.000000,93.10,94.41,92.20,93.93,32730213,3064736768
SZ002594,2025-11-25T00:00:00.000000,94.00,95.38,93.70,93.91,27748887,2620855808
SZ002594,2025-11-26T00:00:00.000000,94.75,95.44,94.45,95.09,30657697,2914626304
SZ002594,2025-11-27T00:00:00.000000,94.60,95.16,94.22,94.29,20227996,1915349504
SZ002594,2025-11-28T00:00:00.000000,94.60,95.23,94.20,95.17,21935062,2080615680
SZ002594,2025-12-01T00:00:00.000000,95.39,96.30,95.14,95.77,23371272,2237016320
SZ002594,2025-12-02T00:00:00.000000,96.42,97.80,96.25,96.62,35921746,3483571712
SZ002594,2025-12-03T00:00:00.000000,96.64,96.65,94.89,95.05,23157284,2207429376
SZ002594,2025-12-04T00:00:00.000000,94.92,95.29,94.20,95.24,16614164,1576759424
SZ002594,2025-12-05T00:00:00.000000,95.29,96.22,94.71,95.98,21161847,2021250176
SZ002594,2025-12-08T00:00:00.000000,96.21,97.15,96.21,96.53,24780498,2397261824
SZ002594,2025-12-09T00:00:00.000000,96.21,96.66,95.70,96.03,16322702,1568057344
SZ002594,2025-12-10T00:00:00.000000,95.60,96.65,94.90,96.47,19840224,1902988160
SZ002594,2025-12-11T00:00:00.000000,96.98,97.12,95.85,96.23,25090767,2422448128
SZ002594,2025-12-12T00:00:00.000000,96.20,97.70,95.65,97.00,55462088,5390456320
SZ002594,2025-12-15T00:00:00.000000,96.55,97.16,95.53,95.53,29330099,2824248320
SZ002594,2025-12-16T00:00:00.000000,95.50,95.70,94.14,94.25,25876771,2450336512
SZ002594,2025-12-17T00:00:00.000000,94.50,95.70,93.68,95.21,27282500,2584139264
SZ002594,2025-12-18T00:00:00.000000,94.39,94.60,93.50,93.53,25279734,2376126976
SZ002594,2025-12-19T00:00:00.000000,94.00,95.27,93.73,94.23,27206794,2573037824
SZ002594,2025-12-22T00:00:00.000000,94.70,95.36,94.25,94.37,20623482,1952361856
SZ002594,2025-12-23T00:00:00.000000,94.50,95.50,94.50,94.81,23661741,2247679744
SZ002594,2025-12-24T00:00:00.000000,94.80,94.80,94.05,94.42,19280995,1819358208
SZ002594,2025-12-25T00:00:00.000000,94.43,95.23,94.12,94.84,18220163,1725723904
SZ002594,2025-12-26T00:00:00.000000,95.28,101.45,95.25,100.01,102095895,10178557952
SZ002594,2025-12-29T00:00:00.000000,100.50,101.30,99.60,100.21,51916696,5209488384
SZ002594,2025-12-30T00:00:00.000000,99.26,100.15,98.74,99.75,31875638,3174697984
SZ002594,2025-12-31T00:00:00.000000,99.98,100.20,97.38,97.72,40285887,3955310336
SZ002594,2026-01-05T00:00:00.000000,98.40,99.48,97.90,98.11,38262521,3762797824
SZ002594,2026-01-06T00:00:00.000000,98.22,100.50,98.12,99.99,52178486,5185026048
SZ002594,2026-01-07T00:00:00.000000,99.96,99.96,97.06,97.60,56084881,5502570496
SZ002594,2026-01-08T00:00:00.000000,97.20,97.20,96.33,96.88,30065475,2908439552
SZ002594,2026-01-09T00:00:00.000000,97.05,97.95,96.90,97.01,35034058,3412630272
SZ002594,2026-01-12T00:00:00.000000,97.01,98.00,96.30,97.47,42525719,4125432576
SZ002594,2026-01-13T00:00:00.000000,99.00,99.60,96.88,97.19,49872272,4905229824
SZ002594,2026-01-14T00:00:00.000000,96.81,97.74,95.51,96.10,51474973,4975154688
SZ002594,2026-01-15T00:00:00.000000,96.08,96.64,95.60,95.67,29563546,2835803136
SZ002594,2026-01-16T00:00:00.000000,96.70,97.44,95.60,95.86,38458802,3705328896
SZ002594,2026-01-19T00:00:00.000000,96.81,97.30,95.77,96.19,33492715,3227653888
SZ002594,2026-01-20T00:00:00.000000,96.22,96.26,94.68,94.74,38914947,3699337472
SZ002594,2026-01-21T00:00:00.000000,94.01,94.94,94.00,94.10,30833393,2910327552
SZ002594,2026-01-22T00:00:00.000000,94.72,95.13,93.89,94.12,29101425,2741536512
SZ002594,2026-01-23T00:00:00.000000,94.24,94.36,93.51,93.65,38330272,3598066432
SZ002594,2026-01-26T00:00:00.000000,93.65,93.66,92.50,92.63,37545961,3485372672
SZ002594,2026-01-27T00:00:00.000000,92.67,92.99,91.80,91.81,36298092,3340755968
SZ002594,2026-01-28T00:00:00.000000,91.80,93.50,90.01,93.34,71556618,6553149952
SZ002594,2026-01-29T00:00:00.000000,92.66,92.92,91.61,92.31,37182481,3423462400
SZ002594,2026-01-30T00:00:00.000000,92.27,92.27,90.70,90.89,32917560,3001871104
SZ002594,2026-02-02T00:00:00.000000,88.00,89.09,86.97,87.05,64697385,5676850688
SZ002594,2026-02-03T00:00:00.000000,87.20,87.40,85.88,87.37,37782685,3275997184
SZ002594,2026-02-04T00:00:00.000000,86.99,89.33,86.45,89.14,37650471,3322530304
SZ002594,2026-02-05T00:00:00.000000,88.50,91.23,88.33,90.11,35424031,3184480256
SZ002594,2026-02-06T00:00:00.000000,89.39,90.66,89.00,89.82,24708779,2217096960
SZ002594,2026-02-09T00:00:00.000000,90.50,90.65,89.83,90.06,20817951,1875980032
SZ002594,2026-02-10T00:00:00.000000,90.00,91.57,89.84,90.81,26760481,2434220032
SZ002594,2026-02-11T00:00:00.000000,90.88,92.95,90.88,92.28,39694959,3662117888
SZ002594,2026-02-12T00:00:00.000000,92.29,92.35,91.08,91.16,23031332,2106032256
SZ002594,2026-02-13T00:00:00.000000,90.05,91.09,89.88,90.27,21733887,1963579392
SZ002594,2026-02-24T00:00:00.000000,91.98,91.99,90.61,90.87,20644458,1879888768
SZ002594,2026-02-25T00:00:00.000000,90.89,92.79,90.89,91.45,32478010,2985714688
SZ002594,2026-02-26T00:00:00.000000,91.40,91.40,89.61,89.85,29101894,2619922176
SZ002594,2026-02-27T00:00:00.000000,89.40,89.94,89.10,89.32,21934083,1962319104
SZ002594,2026-03-02T00:00:00.000000,88.00,97.25,87.72,96.79,143513688,13507227648
SZ002594,2026-03-03T00:00:00.000000,96.39,96.99,93.99,95.21,86574145,8272503808
SZ002594,2026-03-04T00:00:00.000000,95.20,96.80,93.70,95.99,70096892,6674964480
SZ002594,2026-03-05T00:00:00.000000,96.80,96.82,93.89,94.47,55243997,5235746304
SZ002594,2026-03-06T00:00:00.000000,96.00,96.00,93.25,93.62,50354036,4743654912
SZ002594,2026-03-09T00:00:00.000000,93.62,98.00,93.00,97.52,109340896,10562485248
SZ002594,2026-03-10T00:00:00.000000,97.18,97.49,96.08,96.60,50746244,4907397120
SZ002594,2026-03-11T00:00:00.000000,96.75,100.34,95.67,99.22,90374376,8925093888
SZ002594,2026-03-12T00:00:00.000000,99.23,100.69,98.70,99.10,50252356,4995016192
SZ002594,2026-03-13T00:00:00.000000,99.00,100.79,98.30,99.67,51976480,5199004672
SZ002594,2026-03-16T00:00:00.000000,99.67,105.00,98.79,104.62,108781424,11184164864
SZ002594,2026-03-17T00:00:00.000000,104.63,106.66,102.71,102.87,84138864,8793237504
SZ002594,2026-03-18T00:00:00.000000,102.82,102.82,100.05,101.69,61799648,6257459200
SZ002594,2026-03-19T00:00:00.000000,100.99,103.88,100.47,102.31,53105940,5450382336
SZ002594,2026-03-20T00:00:00.000000,102.00,104.45,101.56,103.03,62878324,6495105024
SZ002594,2026-03-23T00:00:00.000000,103.87,111.82,103.18,107.63,178244544,19284920320
SZ002594,2026-03-24T00:00:00.000000,108.40,108.40,104.93,106.64,92144616,9784806400
SZ002594,2026-03-25T00:00:00.000000,106.72,107.66,105.28,106.60,66266488,7061311488
SZ002594,2026-03-26T00:00:00.000000,106.62,107.68,102.70,103.14,82812064,8655663104
SZ002594,2026-03-27T00:00:00.000000,103.99,105.89,102.75,105.30,65845464,6893709824
SZ002594,2026-03-30T00:00:00.000000,103.51,108.00,103.25,106.05,72755720,7713482240
SZ002594,2026-03-31T00:00:00.000000,107.00,108.49,105.10,105.25,58865900,6283344896
SZ002594,2026-04-01T00:00:00.000000,105.90,106.50,102.37,102.65,71519808,7383168512
SZ002594,2026-04-02T00:00:00.000000,102.49,103.48,100.50,101.65,60434948,6153958400
SZ002594,2026-04-03T00:00:00.000000,101.80,102.30,99.00,99.01,49174516,4921224192
SZ002594,2026-04-07T00:00:00.000000,99.50,99.77,97.45,97.98,37969744,3731963136
SZ002594,2026-04-08T00:00:00.000000,98.50,101.28,98.11,101.22,56281840,5621410304
SZ002594,2026-04-09T00:00:00.000000,100.21,100.21,98.81,99.03,37906292,3764528128
SZ002594,2026-04-10T00:00:00.000000,99.39,102.20,99.03,101.67,60573136,6130392576
SZ002594,2026-04-13T00:00:00.000000,101.57,104.99,100.81,104.25,66313600,6887089152
SZ002594,2026-04-14T00:00:00.000000,103.00,104.19,102.50,103.82,54334284,5614541312
SZ002594,2026-04-15T00:00:00.000000,103.82,104.77,102.50,103.03,42871916,4431952384
SZ002594,2026-04-16T00:00:00.000000,103.28,105.97,103.28,105.54,64366144,6763623936
SZ002594,2026-04-17T00:00:00.000000,104.99,105.46,103.12,103.78,44204764,4595671552
SZ002594,2026-04-20T00:00:00.000000,103.78,103.95,102.62,102.91,38367696,3957212928
SZ002594,2026-04-21T00:00:00.000000,102.91,103.19,101.33,101.53,43225768,4398233600
SZ002594,2026-04-22T00:00:00.000000,101.11,102.38,100.60,101.62,34373336,3485648128
SZ002594,2026-04-23T00:00:00.000000,101.57,101.59,99.01,99.98,49216376,4915554304
SZ002594,2026-04-24T00:00:00.000000,99.91,99.91,98.70,99.46,33773880,3348015872
SZ002594,2026-04-27T00:00:00.000000,100.00,104.00,99.88,102.34,60167020,6169037312
SZ002594,2026-04-28T00:00:00.000000,101.85,103.30,101.34,101.48,36155004,3687912704
SZ002594,2026-04-29T00:00:00.000000,101.47,105.64,101.00,105.40,105655784,11021927424
SZ002594,2026-04-30T00:00:00.000000,104.54,105.45,102.37,102.98,60097852,6206127104
SZ002594,2026-05-06T00:00:00.000000,101.70,101.89,100.20,100.75,67048712,6746578432
SZ002594,2026-05-07T00:00:00.000000,101.05,101.26,100.01,100.46,46884596,4708290048
SZ002594,2026-05-08T00:00:00.000000,100.47,101.00,99.80,100.02,38215752,3823822080
SZ002594,2026-05-11T00:00:00.000000,100.02,100.73,99.00,100.44,48281004,4812920832
SZ002594,2026-05-12T00:00:00.000000,99.97,100.10,99.10,99.23,35344128,3514548736
SZ002594,2026-05-13T00:00:00.000000,99.23,99.25,97.81,98.60,45619352,4481395712
SZ002594,2026-05-14T00:00:00.000000,99.00,100.00,98.45,98.73,33917988,3361151232
SZ002594,2026-05-15T00:00:00.000000,98.00,98.03,96.26,96.30,46621724,4507893760
SZ002594,2026-05-18T00:00:00.000000,95.34,95.94,94.30,94.51,35461316,3359745536
SZ002594,2026-05-19T00:00:00.000000,94.51,96.08,93.80,96.00,29618440,2822346496
SZ002594,2026-05-20T00:00:00.000000,95.30,95.49,93.30,93.36,41500992,3900216320
SZ002594,2026-05-21T00:00:00.000000,93.41,96.20,93.41,93.51,37394976,3540792320
SZ002594,2026-05-22T00:00:00.000000,93.55,94.19,92.61,93.75,26859176,2510616064
SZ002594,2026-05-25T00:00:00.000000,95.00,97.21,95.00,95.96,40599516,3900848640
SZ002594,2026-05-26T00:00:00.000000,95.80,96.92,94.51,96.55,38652436,3720039424
SZ002594,2026-05-27T00:00:00.000000,96.00,97.27,94.66,95.22,36237356,3467882752
SZ002594,2026-05-28T00:00:00.000000,95.22,95.99,94.03,95.88,31458976,2991315200
SZ002594,2026-05-29T00:00:00.000000,98.90,99.50,96.13,96.18,60629392,5901286400
SZ002594,2026-06-01T00:00:00.000000,96.18,96.22,93.60,93.65,44598076,4207350528
SZ002594,2026-06-02T00:00:00.000000,96.00,96.88,94.31,96.76,55496416,5321331200
SZ002594,2026-06-03T00:00:00.000000,96.00,96.00,94.50,94.82,37043376,3514157824
SZ002594,2026-06-04T00:00:00.000000,93.60,94.39,93.10,93.44,31871174,2982999552
SZ002594,2026-06-05T00:00:00.000000,93.52,94.00,92.30,93.01,33996896,3159266048
SZ002594,2026-06-08T00:00:00.000000,91.00,92.02,90.30,91.19,31684396,2885879296
SZ002594,2026-06-09T00:00:00.000000,91.22,91.92,90.03,91.89,28192696,2562233088
SZ002594,2026-06-10T00:00:00.000000,91.00,91.00,90.10,90.31,24128660,2182297088
SZ002594,2026-06-11T00:00:00.000000,90.10,90.80,88.88,89.80,31508734,2821436928
SZ002594,2026-06-12T00:00:00.000000,89.90,91.78,89.25,91.60,38535176,3497028608
SZ002594,2026-06-15T00:00:00.000000,91.61,91.90,90.40,90.82,31297908,2847656704
SZ002594,2026-06-16T00:00:00.000000,90.35,90.50,89.50,89.64,33601868,3017362688
SZ002594,2026-06-17T00:00:00.000000,89.00,89.30,87.00,87.47,49526712,4335318528
SZ002594,2026-06-18T00:00:00.000000,87.00,89.33,86.08,88.13,43578976,3820166912
SZ002594,2026-06-22T00:00:00.000000,87.00,87.90,84.60,87.59,63724220,5467321856
SZ002594,2026-06-23T00:00:00.000000,86.91,88.32,84.75,85.00,46621668,4016365824
SZ002594,2026-06-24T00:00:00.000000,84.50,84.70,82.78,83.30,45573528,3803649792
SZ002594,2026-06-25T00:00:00.000000,82.80,83.81,81.34,82.20,55643208,4579273216
SZ002594,2026-06-26T00:00:00.000000,81.51,81.80,78.20,78.20,66320800,5267490304
SZ002594,2026-06-29T00:00:00.000000,78.20,80.95,77.60,79.64,52370728,4160734976
SZ002594,2026-06-30T00:00:00.000000,79.58,80.55,78.58,79.70,38204308,3031865088
SZ002594,2026-07-01T00:00:00.000000,79.90,81.65,78.55,80.66,50317660,4035250944
SZ002594,2026-07-02T00:00:00.000000,81.90,85.67,81.90,83.57,82504624,6956784128
SZ002594,2026-07-03T00:00:00.000000,83.73,88.88,83.60,88.47,83898160,7298140160
SZ002594,2026-07-06T00:00:00.000000,88.52,88.95,86.61,87.54,48582828,4263991808
SZ002594,2026-07-07T00:00:00.000000,87.66,88.81,85.87,86.26,38946960,3378987264
SZ002594,2026-07-08T00:00:00.000000,86.01,88.34,85.28,87.80,40380908,3527472640
SZ002594,2026-07-09T00:00:00.000000,86.50,87.77,85.80,86.87,37739280,3270884096
SZ002594,2026-07-10T00:00:00.000000,86.84,90.83,84.88,90.00,70933248,6283278848
SZ002594,2026-07-13T00:00:00.000000,89.00,89.00,86.78,86.98,42458496,3714908416
SZ002594,2026-07-14T00:00:00.000000,86.89,90.68,86.50,90.18,54707492,4883296256
SZ002594,2026-07-15T00:00:00.000000,89.65,93.48,89.45,91.76,51415428,4733650432
SZ002594,2026-07-16T00:00:00.000000,91.74,94.76,91.15,94.14,60720396,5673387520
SZ002594,2026-07-17T00:00:00.000000,94.14,95.95,91.90,93.47,68734584,6442145792
SZ002594,2026-07-20T00:00:00.000000,93.49,95.28,92.77,93.92,43989032,4119522048
SZ002594,2026-07-21T00:00:00.000000,93.93,96.80,93.35,94.30,67159288,6390715392
SZ002594,2026-07-22T00:00:00.000000,92.63,93.00,90.51,91.57,60354972,5516076544
SZ002594,2026-07-23T00:00:00.000000,90.77,92.87,90.01,92.65,33801436,3104427264
SZ002594,2026-07-24T00:00:00.000000,91.53,93.08,91.31,91.89,24303384,2244617984
SZ002594,2026-07-27T00:00:00.000000,92.32,93.20,91.53,92.40,26533222,2448354048
SZ002594,2026-07-28T00:00:00.000000,92.02,94.61,92.02,93.35,36401500,3407827200
SZ002594,2026-07-29T00:00:00.000000,93.55,96.27,93.10,94.85,51445728,4891877888
SZ002594,2026-07-30T00:00:00.000000,94.92,96.66,94.75,96.20,48036112,4604080640
SZ002594,2026-07-31T00:00:00.000000,93.72,95.86,93.13,95.77,43613048,4139523584
SZ002594,2026-08-03T00:00:00.000000,96.03,96.59,94.10,94.45,36389712,3462874112
SZ002594,2026-08-04T00:00:00.000000,94.45,94.49,90.80,91.15,66771528,6134764032
SZ002594,2026-08-05T00:00:00.000000,91.08,91.18,89.15,90.82,51559760,4654040064
SZ002594,2026-08-06T00:00:00.000000,90.50,91.15,89.23,89.45,36737224,3299953408
SZ002594,2026-08-07T00:00:00.000000,89.77,90.28,88.55,90.04,40701576,3634152448
SZ002594,2026-08-10T00:00:00.000000,90.04,91.80,89.40,91.15,38573716,3510272512
SZ002594,2026-08-11T00:00:00.000000,91.18,91.66,89.93,90.12,24222760,2191435264
SZ002594,2026-08-12T00:00:00.000000,90.00,91.14,89.40,90.41,20818762,1881110784
SZ002594,2026-08-13T00:00:00.000000,90.37,90.70,89.70,89.71,22665356,2039695232
SZ002594,2026-08-14T00:00:00.000000,89.30,89.68,88.69,88.90,20585614,1832060416
SZ002594,2026-08-17T00:00:00.000000,88.90,90.44,88.61,89.88,24625400,2210303488
SZ002594,2026-08-18T00:00:00.000000,89.88,90.38,89.23,89.33,15150500,1361414400
SZ002594,2018-06-13T00:00:00.000000,50.10,50.12,48.91,49.06,4881987,240481696
SZ002594,2018-06-14T00:00:00.000000,48.68,49.44,48.60,49.05,3812559,186776448
SZ002594,2018-06-15T00:00:00.000000,49.09,49.28,48.13,48.18,4937586,239521344
SZ002594,2018-06-19T00:00:00.000000,47.60,47.60,43.45,44.98,11973944,544796160
SZ002594,2018-06-20T00:00:00.000000,44.44,46.22,44.44,45.39,5696299,257906368
SZ002594,2018-06-21T00:00:00.000000,45.77,47.36,45.40,45.77,7618262,353226560
SZ002594,2018-06-22T00:00:00.000000,45.82,47.25,45.52,46.85,6045474,280666464
SZ002594,2018-06-25T00:00:00.000000,47.70,47.70,45.92,46.06,5741805,267602976
SZ002594,2018-06-26T00:00:00.000000,45.99,47.12,45.22,46.38,6411604,297323008
SZ002594,2018-06-27T00:00:00.000000,46.59,48.10,46.50,47.10,9552488,453690784
SZ002594,2018-06-28T00:00:00.000000,47.10,47.44,45.81,46.01,6127316,285276160
SZ002594,2018-06-29T00:00:00.000000,46.12,47.77,45.99,47.68,7497605,351475136
SZ002594,2018-07-02T00:00:00.000000,47.67,47.67,45.85,45.98,6175749,288563456
SZ002594,2018-07-03T00:00:00.000000,46.46,46.72,44.06,45.35,9310313,421287424
SZ002594,2018-07-04T00:00:00.000000,45.35,46.13,45.00,45.79,6341935,289309696
SZ002594,2018-07-05T00:00:00.000000,45.79,46.89,45.40,45.58,5573749,257799360
SZ002594,2018-07-06T00:00:00.000000,46.27,46.76,45.52,46.03,6781212,314076544
SZ002594,2018-07-09T00:00:00.000000,46.39,46.95,45.91,46.52,7289341,337170016
SZ002594,2018-07-10T00:00:00.000000,46.55,46.88,46.31,46.63,4639056,216079248
SZ002594,2018-07-11T00:00:00.000000,45.62,46.03,44.73,45.46,5074254,230516240
SZ002594,2018-07-12T00:00:00.000000,45.80,47.00,45.68,46.52,6961729,322903040
SZ002594,2018-07-13T00:00:00.000000,46.62,46.62,45.80,45.95,5328370,246023440
SZ002594,2018-07-16T00:00:00.000000,44.80,44.80,42.80,43.95,12503328,549450624
SZ002594,2018-07-17T00:00:00.000000,43.46,43.90,42.78,43.55,6939540,300926784
SZ002594,2018-07-18T00:00:00.000000,43.55,44.24,43.22,43.30,4487454,196079168
SZ002594,2018-07-19T00:00:00.000000,43.58,43.58,41.98,42.15,6187697,263568672
SZ002594,2018-07-20T00:00:00.000000,42.50,43.16,42.16,42.91,5693464,243361984
SZ002594,2018-07-23T00:00:00.000000,42.69,43.85,42.51,43.50,5194110,225317616
SZ002594,2018-07-24T00:00:00.000000,43.70,44.43,43.41,44.29,5547984,244567200
SZ002594,2018-07-25T00:00:00.000000,44.54,44.54,43.70,44.05,6474865,285047296
SZ002594,2018-07-26T00:00:00.000000,44.05,44.23,42.88,43.00,5179019,224937888
SZ002594,2018-07-27T00:00:00.000000,43.02,43.34,42.72,42.99,3678962,158234192
SZ002594,2018-07-30T00:00:00.000000,42.95,43.10,41.85,42.50,5592982,236871680
SZ002594,2018-07-31T00:00:00.000000,42.54,42.54,42.04,42.24,3021163,127788056
SZ002594,2018-08-01T00:00:00.000000,42.82,42.97,41.88,41.98,4429180,187567712
SZ002594,2018-08-02T00:00:00.000000,41.95,41.98,39.50,40.10,10798045,434793696
SZ002594,2018-08-03T00:00:00.000000,40.28,40.48,38.20,38.33,9651578,378310912
SZ002594,2018-08-06T00:00:00.000000,38.33,38.65,36.88,37.29,7378820,279140192
SZ002594,2018-08-07T00:00:00.000000,37.68,38.00,36.73,38.00,6816475,255655376
SZ002594,2018-08-08T00:00:00.000000,38.02,39.49,38.02,38.29,7306954,282739392
SZ002594,2018-08-09T00:00:00.000000,37.89,39.55,37.83,39.25,7487555,292537440
SZ002594,2018-08-10T00:00:00.000000,39.40,41.77,39.40,41.69,10358365,422283648
SZ002594,2018-08-13T00:00:00.000000,41.10,43.55,40.88,43.17,13233097,562164160
SZ002594,2018-08-14T00:00:00.000000,43.17,43.95,42.61,43.15,8199057,354897696
SZ002594,2018-08-15T00:00:00.000000,43.00,43.90,41.78,42.13,9882281,422981152
SZ002594,2018-08-16T00:00:00.000000,41.45,43.20,41.24,42.26,7403766,313880320
SZ002594,2018-08-17T00:00:00.000000,42.95,43.00,42.01,42.45,5745969,244648240
SZ002594,2018-08-20T00:00:00.000000,42.97,45.35,42.90,45.24,14721713,652700928
SZ002594,2018-08-21T00:00:00.000000,45.25,45.58,44.40,44.90,9845957,442864992
SZ002594,2018-08-22T00:00:00.000000,45.55,45.81,44.16,44.79,9088071,408588416
SZ002594,2018-08-23T00:00:00.000000,44.82,45.40,43.62,44.32,8331691,370017536
SZ002594,2018-08-24T00:00:00.000000,44.35,44.35,42.82,43.45,7830950,339680032
SZ002594,2018-08-27T00:00:00.000000,43.44,45.25,43.38,45.01,8764104,392169184
SZ002594,2018-08-28T00:00:00.000000,45.05,46.15,44.92,45.59,8094281,368320448
SZ002594,2018-08-29T00:00:00.000000,45.41,46.82,45.41,46.30,9144833,423581632
SZ002594,2018-08-30T00:00:00.000000,45.50,46.42,44.64,45.00,9124095,413735712
SZ002594,2018-08-31T00:00:00.000000,44.42,44.88,43.90,44.46,6689826,296774496
SZ002594,2018-09-03T00:00:00.000000,44.39,44.39,43.13,43.67,5608026,244217936
SZ002594,2018-09-04T00:00:00.000000,43.89,44.58,43.61,44.52,5957430,263787456
SZ002594,2018-09-05T00:00:00.000000,44.08,44.51,42.50,42.50,8285524,358289760
SZ002594,2018-09-06T00:00:00.000000,42.50,43.20,42.05,42.60,4691589,200948432
SZ002594,2018-09-07T00:00:00.000000,43.29,44.08,42.65,42.82,6876474,298371264
SZ002594,2018-09-10T00:00:00.000000,42.98,43.44,41.15,41.73,5293319,222230736
SZ002594,2018-09-11T00:00:00.000000,41.55,41.86,40.91,41.52,3522314,145958368
SZ002594,2018-09-12T00:00:00.000000,41.01,42.50,40.71,42.04,5587593,233559552
SZ002594,2018-09-13T00:00:00.000000,42.71,43.05,42.09,42.92,5544831,235991200
SZ002594,2018-09-14T00:00:00.000000,44.21,45.45,44.21,44.81,10533703,470960352
SZ002594,2018-09-17T00:00:00.000000,44.00,45.46,43.50,44.81,8519487,380849824
SZ002594,2018-09-18T00:00:00.000000,44.17,45.34,44.05,45.08,6812547,305784416
SZ002594,2018-09-19T00:00:00.000000,45.10,47.38,44.70,46.96,13001123,605521152
SZ002594,2018-09-20T00:00:00.000000,46.96,47.50,45.95,45.95,8202530,384946496
SZ002594,2018-09-21T00:00:00.000000,47.50,48.75,46.60,47.01,16241236,771531264
SZ002594,2018-09-25T00:00:00.000000,47.30,48.65,47.30,48.20,10244705,493193088
SZ002594,2018-09-26T00:00:00.000000,48.66,48.95,47.78,48.26,9968182,481689824
SZ002594,2018-09-27T00:00:00.000000,48.50,48.60,47.50,47.80,6277425,301075040
SZ002594,2018-09-28T00:00:00.000000,48.00,49.28,47.90,49.10,7687114,375320288
SZ002594,2018-10-08T00:00:00.000000,47.00,47.95,46.42,46.55,11138904,525032416
SZ002594,2018-10-09T00:00:00.000000,46.61,47.60,46.61,47.09,4162304,196036928
SZ002594,2018-10-10T00:00:00.000000,47.35,47.56,45.45,45.91,8821547,406966976
SZ002594,2018-10-11T00:00:00.000000,44.41,45.18,42.67,42.82,11979539,525829632
SZ002594,2018-10-12T00:00:00.000000,43.21,46.80,43.21,46.42,12920513,582234048
SZ002594,2018-10-15T00:00:00.000000,46.58,47.85,46.30,46.93,9543135,449287104
SZ002594,2018-10-16T00:00:00.000000,46.95,47.46,45.28,45.96,6469709,298245824
SZ002594,2018-10-17T00:00:00.000000,46.70,47.66,45.88,47.31,11026262,517523040
SZ002594,2018-10-18T00:00:00.000000,47.00,47.30,45.71,46.18,8386495,389252608
SZ002594,2018-10-19T00:00:00.000000,45.08,47.27,44.00,47.02,11998553,548809984
SZ002594,2018-10-22T00:00:00.000000,47.61,50.20,47.56,50.01,16894490,830863872
SZ002594,2018-10-23T00:00:00.000000,49.85,49.99,47.30,48.46,11535817,561568000
SZ002594,2018-10-24T00:00:00.000000,48.30,49.74,48.01,48.77,10453687,511363104
SZ002594,2018-10-25T00:00:00.000000,47.35,49.75,46.89,49.60,11084735,534735616
SZ002594,2018-10-26T00:00:00.000000,49.99,50.14,47.98,48.62,7678049,375759904
SZ002594,2018-10-29T00:00:00.000000,48.63,48.98,46.90,47.38,6928376,330502208
SZ002594,2018-10-30T00:00:00.000000,47.45,47.74,44.88,46.53,9648676,446449792
SZ002594,2018-10-31T00:00:00.000000,46.44,47.45,46.10,46.79,6115922,286724576
SZ002594,2018-11-01T00:00:00.000000,47.23,47.50,44.98,45.70,10901961,506616960
SZ002594,2018-11-02T00:00:00.000000,46.45,48.15,45.70,48.02,13915635,653896192
SZ002594,2018-11-05T00:00:00.000000,48.00,49.12,47.20,48.25,11008811,530983616
SZ002594,2018-11-06T00:00:00.000000,48.17,48.18,46.90,47.63,5565795,263813776
SZ002594,2018-11-07T00:00:00.000000,46.60,48.05,46.59,47.25,6952911,328618528
SZ002594,2018-11-08T00:00:00.000000,47.68,49.55,47.68,48.98,14215855,691476032
SZ002594,2018-11-09T00:00:00.000000,48.80,50.89,48.33,50.00,14677306,733720320
SZ002594,2018-11-12T00:00:00.000000,49.98,52.10,49.70,51.61,13371184,686089536
SZ002594,2018-11-13T00:00:00.000000,50.62,52.45,50.50,51.00,10587544,544505088
SZ002594,2018-11-14T00:00:00.000000,50.93,52.80,50.88,51.90,10212868,532606592
SZ002594,2018-11-15T00:00:00.000000,51.66,52.29,51.36,51.81,6945786,359591456
SZ002594,2018-11-16T00:00:00.000000,52.00,52.70,50.89,51.55,11324088,586888000
SZ002594,2018-11-19T00:00:00.000000,51.72,55.30,51.58,54.70,16248777,875664704
SZ002594,2018-11-20T00:00:00.000000,54.00,56.98,53.40,55.40,17321080,959224896
SZ002594,2018-11-21T00:00:00.000000,54.76,56.00,54.10,55.00,9410096,516953984
SZ002594,2018-11-22T00:00:00.000000,54.65,56.96,54.65,55.30,10200186,570471552
SZ002594,2018-11-23T00:00:00.000000,55.30,55.67,53.31,54.00,9517096,515611648
SZ002594,2018-11-26T00:00:00.000000,53.91,55.30,53.48,54.16,8274626,449937024
SZ002594,2018-11-27T00:00:00.000000,54.55,57.40,54.55,57.25,15915610,898849536
SZ002594,2018-11-28T00:00:00.000000,57.25,58.68,56.31,57.65,12095946,695702144
SZ002594,2018-11-29T00:00:00.000000,57.85,59.10,57.10,57.65,10492041,609939072
SZ002594,2018-11-30T00:00:00.000000,57.43,58.40,56.42,57.00,8964839,514882208
SZ002594,2018-12-03T00:00:00.000000,58.35,58.92,55.58,56.08,19425836,1110534656
SZ002594,2018-12-04T00:00:00.000000,55.40,56.84,55.11,56.32,11827968,663603392
SZ002594,2018-12-05T00:00:00.000000,55.65,58.15,55.14,57.93,15624838,887736704
SZ002594,2018-12-06T00:00:00.000000,57.51,57.80,54.88,55.35,13582484,759428416
SZ002594,2018-12-07T00:00:00.000000,55.90,57.90,55.55,56.89,12635419,718653312
SZ002594,2018-12-10T00:00:00.000000,56.02,56.55,55.05,55.39,11549923,642323328
SZ002594,2018-12-11T00:00:00.000000,55.72,57.34,55.70,56.16,11147780,630306944
SZ002594,2018-12-12T00:00:00.000000,56.70,58.48,56.60,58.25,13120408,756590016
SZ002594,2018-12-13T00:00:00.000000,58.25,58.56,57.12,58.40,10106504,585047680
SZ002594,2018-12-14T00:00:00.000000,58.37,58.99,56.90,57.30,9291118,537878656
SZ002594,2018-12-17T00:00:00.000000,56.67,57.00,54.00,54.89,14295598,786141504
SZ002594,2018-12-18T00:00:00.000000,54.05,56.10,53.98,55.04,9136520,504509536
SZ002594,2018-12-19T00:00:00.000000,55.21,55.95,53.38,53.50,11336310,617053248
SZ002594,2018-12-20T00:00:00.000000,53.51,54.34,52.83,53.87,10432225,560669504
SZ002594,2018-12-21T00:00:00.000000,53.61,54.19,51.92,52.98,10320890,545598272
SZ002594,2018-12-24T00:00:00.000000,52.73,53.44,52.08,53.21,8160071,431280128
SZ002594,2018-12-25T00:00:00.000000,52.60,52.99,50.88,52.22,11245635,584096960
SZ002594,2018-12-26T00:00:00.000000,52.24,52.68,51.00,51.00,7739062,401148288
SZ002594,2018-12-27T00:00:00.000000,52.11,52.45,50.76,50.84,10076150,519075072
SZ002594,2018-12-28T00:00:00.000000,50.86,51.40,50.11,51.00,8250706,419993120
SZ002594,2019-01-02T00:00:00.000000,51.02,51.39,48.98,49.17,8555445,424670592
SZ002594,2019-01-03T00:00:00.000000,49.26,49.87,47.98,48.06,8347760,407386240
SZ002594,2019-01-04T00:00:00.000000,47.80,51.00,47.51,50.65,12653787,627892544
SZ002594,2019-01-07T00:00:00.000000,50.85,51.88,50.00,51.39,13604550,693197824
SZ002594,2019-01-08T00:00:00.000000,52.30,53.64,52.05,52.88,14705157,777381440
SZ002594,2019-01-09T00:00:00.000000,51.80,53.00,48.50,50.46,26220530,1327590656
SZ002594,2019-01-10T00:00:00.000000,49.90,50.19,48.64,48.85,15345590,757175104
SZ002594,2019-01-11T00:00:00.000000,48.50,49.29,48.38,49.02,9679955,472494720
SZ002594,2019-01-14T00:00:00.000000,49.20,49.21,47.31,48.80,10974634,527419456
SZ002594,2019-01-15T00:00:00.000000,48.39,48.96,47.85,48.80,8353065,405053056
SZ002594,2019-01-16T00:00:00.000000,48.80,49.12,48.32,48.93,6592379,321851872
SZ002594,2019-01-17T00:00:00.000000,48.90,48.91,47.33,47.49,9874378,471791904
SZ002594,2019-01-18T00:00:00.000000,47.49,47.49,46.04,46.82,12599591,587354368
SZ002594,2019-01-21T00:00:00.000000,46.76,48.26,46.12,48.21,13123326,623110336
SZ002594,2019-01-22T00:00:00.000000,48.06,48.80,47.60,47.70,8409377,405187168
SZ002594,2019-01-23T00:00:00.000000,47.42,48.88,47.33,48.80,9661967,468388896
SZ002594,2019-01-24T00:00:00.000000,48.93,48.97,47.66,48.52,7171159,346868864
SZ002594,2019-01-25T00:00:00.000000,48.55,49.64,48.19,49.18,10092916,495909184
SZ002594,2019-01-28T00:00:00.000000,49.20,49.85,48.28,48.46,8625359,421062144
SZ002594,2019-01-29T00:00:00.000000,48.45,48.45,47.03,48.00,6150317,294079264
SZ002594,2019-01-30T00:00:00.000000,47.95,48.27,46.90,47.15,8342614,395168896
SZ002594,2019-01-31T00:00:00.000000,47.10,47.49,46.27,46.42,7188509,336548864
SZ002594,2019-02-01T00:00:00.000000,46.75,48.31,46.51,48.27,9178000,437206880
SZ002594,2019-02-11T00:00:00.000000,48.80,50.33,48.80,50.20,12887065,643280512
SZ002594,2019-02-12T00:00:00.000000,50.21,51.15,49.88,50.58,10299151,520271552
SZ002594,2019-02-13T00:00:00.000000,50.58,52.09,50.32,51.57,12296482,631189952
SZ002594,2019-02-14T00:00:00.000000,51.85,54.06,51.85,53.72,16912415,900048064
SZ002594,2019-02-15T00:00:00.000000,53.40,53.40,51.52,51.67,15291589,798355776
SZ002594,2019-02-18T00:00:00.000000,51.93,52.79,51.64,52.45,16818485,878505536
SZ002594,2019-02-19T00:00:00.000000,52.50,52.66,50.99,51.74,14436453,746470464
SZ002594,2019-02-20T00:00:00.000000,51.80,52.80,51.54,52.36,12499899,653706176
SZ002594,2019-02-21T00:00:00.000000,52.30,53.01,51.56,51.94,12605557,659357696
SZ002594,2019-02-22T00:00:00.000000,51.80,51.88,50.90,51.88,11967784,614630400
SZ002594,2019-02-25T00:00:00.000000,51.88,55.13,51.50,55.06,25838209,1389427968
SZ002594,2019-02-26T00:00:00.000000,57.20,58.67,56.44,56.74,29199550,1676147840
SZ002594,2019-02-27T00:00:00.000000,56.20,56.25,54.15,54.96,22854262,1257964288
SZ002594,2019-02-28T00:00:00.000000,55.12,55.22,54.16,54.51,9423738,515781632
SZ002594,2019-03-01T00:00:00.000000,54.88,54.98,52.88,53.80,17456253,935733504
SZ002594,2019-03-04T00:00:00.000000,54.00,54.79,52.73,53.68,30225810,1617182208
SZ002594,2019-03-05T00:00:00.000000,53.66,54.23,53.00,54.08,19630591,1054132224
SZ002594,2019-03-06T00:00:00.000000,54.50,54.96,53.50,54.44,22052178,1195891968
SZ002594,2019-03-07T00:00:00.000000,54.10,54.10,53.01,53.38,18283943,976603648
SZ002594,2019-03-08T00:00:00.000000,53.00,53.00,51.05,51.12,18528150,962751232
SZ002594,2019-03-11T00:00:00.000000,51.10,52.48,51.10,52.37,12619650,654575680
SZ002594,2019-03-12T00:00:00.000000,52.40,52.88,51.71,51.99,13861548,725665664
SZ002594,2019-03-13T00:00:00.000000,51.78,52.77,51.30,52.00,12720968,662997504
SZ002594,2019-03-14T00:00:00.000000,52.01,55.15,52.01,54.57,35036743,1889955200
SZ002594,2019-03-15T00:00:00.000000,55.05,56.20,54.13,55.39,25542562,1416034176
SZ002594,2019-03-18T00:00:00.000000,55.50,56.44,55.39,55.66,15458909,863433536
SZ002594,2019-03-19T00:00:00.000000,56.15,56.66,55.51,55.99,12405988,695763520
SZ002594,2019-03-20T00:00:00.000000,56.25,56.67,54.85,55.40,12272270,685243136
SZ002594,2019-03-21T00:00:00.000000,55.40,55.98,54.64,55.05,10900192,603820544
SZ002594,2019-03-22T00:00:00.000000,55.15,57.58,54.99,57.00,17303254,982926464
SZ002594,2019-03-25T00:00:00.000000,56.00,57.97,55.72,56.50,12456202,709514816
SZ002594,2019-03-26T00:00:00.000000,57.00,57.55,55.08,55.25,10554904,594395008
SZ002594,2019-03-27T00:00:00.000000,54.77,56.55,53.70,54.71,14745006,804456192
SZ002594,2019-03-28T00:00:00.000000,55.65,55.66,52.50,52.77,16794728,895034560
SZ002594,2019-03-29T00:00:00.000000,52.86,53.56,52.16,53.49,12835396,680888768
SZ002594,2019-04-01T00:00:00.000000,53.54,54.79,53.30,54.45,16069815,870253120
SZ002594,2019-04-02T00:00:00.000000,54.61,54.98,54.00,54.68,12843660,697294592
SZ002594,2019-04-03T00:00:00.000000,54.71,54.90,54.17,54.39,10170257,554172096
SZ002594,2019-04-04T00:00:00.000000,54.54,55.64,54.42,55.19,14770621,814495104
SZ002594,2019-04-08T00:00:00.000000,55.48,55.62,52.90,53.44,16560019,896323904
SZ002594,2019-04-09T00:00:00.000000,53.55,55.30,53.55,54.93,13304870,724828864
SZ002594,2019-04-10T00:00:00.000000,54.95,56.30,53.67,55.52,17645457,976494656
SZ002594,2019-04-11T00:00:00.000000,55.78,57.40,54.73,54.93,18387302,1031866112
SZ002594,2019-04-12T00:00:00.000000,54.75,54.75,53.67,54.09,8946041,484592128
SZ002594,2019-04-15T00:00:00.000000,54.46,55.24,53.33,53.54,10020148,544377856
SZ002594,2019-04-16T00:00:00.000000,53.54,57.05,53.30,56.73,21009570,1165362432
SZ002594,2019-04-17T00:00:00.000000,58.10,62.40,58.10,62.40,49171414,2999382016
SZ002594,2019-04-18T00:00:00.000000,62.30,62.31,58.90,59.32,31469652,1902702592
SZ002594,2019-04-19T00:00:00.000000,59.01,61.80,58.51,60.13,17436429,1050880576
SZ002594,2019-04-22T00:00:00.000000,60.00,60.13,57.19,57.71,15252484,888126592
SZ002594,2019-04-23T00:00:00.000000,57.75,57.91,56.61,56.96,9968587,569865408
SZ002594,2019-04-24T00:00:00.000000,57.44,58.17,56.65,58.15,11292285,651607936
SZ002594,2019-04-25T00:00:00.000000,57.70,57.70,56.00,56.16,9292485,526376224
SZ002594,2019-04-26T00:00:00.000000,56.09,56.59,55.13,55.36,8208926,457693824
SZ002594,2019-04-29T00:00:00.000000,56.50,56.98,55.45,55.65,10512820,591529408
SZ002594,2019-04-30T00:00:00.000000,55.55,56.90,55.25,56.90,7927423,447723200
SZ002594,2019-05-06T00:00:00.000000,54.88,55.28,51.84,52.05,13554364,725208704
SZ002594,2019-05-07T00:00:00.000000,52.42,53.58,52.07,53.01,8574247,454013984
SZ002594,2019-05-08T00:00:00.000000,52.03,53.32,51.41,51.85,9814703,511300544
SZ002594,2019-05-09T00:00:00.000000,51.90,52.25,50.67,51.11,7426390,380777312
SZ002594,2019-05-10T00:00:00.000000,51.86,52.32,49.70,52.26,9046503,467950656
SZ002594,2019-05-13T00:00:00.000000,52.20,52.20,50.50,51.02,6496077,331705664
SZ002594,2019-05-14T00:00:00.000000,50.45,51.00,50.10,50.19,6297478,318067072
SZ002594,2019-05-15T00:00:00.000000,50.61,51.33,50.33,51.29,6802685,346688288
SZ002594,2019-05-16T00:00:00.000000,51.25,51.89,51.20,51.47,5837700,300715968
SZ002594,2019-05-17T00:00:00.000000,51.30,51.45,50.00,50.22,6750482,340767744
SZ002594,2019-05-20T00:00:00.000000,50.40,50.42,48.50,49.00,7829597,383243520
SZ002594,2019-05-21T00:00:00.000000,49.16,49.61,48.70,49.40,5986063,295136960
SZ002594,2019-05-22T00:00:00.000000,49.49,49.51,48.60,48.93,5262337,257348048
SZ002594,2019-05-23T00:00:00.000000,49.30,49.48,47.47,47.59,10705719,514288096
SZ002594,2019-05-24T00:00:00.000000,47.71,49.69,47.00,48.61,9376616,451740384
SZ002594,2019-05-27T00:00:00.000000,48.30,48.99,47.30,48.81,7956686,383543232
SZ002594,2019-05-28T00:00:00.000000,48.81,50.50,48.71,50.50,12252548,610836928
SZ002594,2019-05-29T00:00:00.000000,49.51,49.95,49.27,49.60,5665872,281063744
SZ002594,2019-05-30T00:00:00.000000,49.50,49.50,48.25,48.37,5540362,269187296
SZ002594,2019-05-31T00:00:00.000000,48.64,48.93,47.87,48.25,5359067,259382624
SZ002594,2019-06-03T00:00:00.000000,48.71,49.16,48.04,48.79,5396170,261923872
SZ002594,2019-06-04T00:00:00.000000,48.44,48.60,47.70,48.51,4933099,237326288
SZ002594,2019-06-05T00:00:00.000000,48.98,49.35,48.60,48.90,6727146,329419968
SZ002594,2019-06-06T00:00:00.000000,49.69,50.12,49.00,49.37,10634788,527701760
SZ002594,2019-06-10T00:00:00.000000,51.00,51.91,50.66,50.90,13108181,671025792
SZ002594,2019-06-11T00:00:00.000000,50.57,51.69,50.15,51.55,11968634,611970752
SZ002594,2019-06-12T00:00:00.000000,51.56,51.56,50.56,50.75,9379099,476661984
SZ002594,2019-06-13T00:00:00.000000,50.70,50.70,49.89,50.22,6805893,341679840
SZ002594,2019-06-14T00:00:00.000000,50.30,50.49,49.30,49.35,6255308,311449184
SZ002594,2019-06-17T00:00:00.000000,49.49,49.93,49.00,49.10,5300507,261630784
SZ002594,2019-06-18T00:00:00.000000,49.11,49.60,48.97,49.20,5472368,269093632
SZ002594,2019-06-19T00:00:00.000000,50.12,50.35,49.46,49.60,9254967,461559424
SZ002594,2019-06-20T00:00:00.000000,49.60,50.49,49.08,50.29,12116866,604664128
SZ002594,2019-06-21T00:00:00.000000,50.20,50.68,50.00,50.55,10652486,537052480
SZ002594,2019-06-24T00:00:00.000000,50.55,50.88,50.21,50.76,6540116,331224640
SZ002594,2019-06-25T00:00:00.000000,50.50,50.68,49.70,49.90,7874219,393724896
SZ002594,2019-06-26T00:00:00.000000,49.56,50.60,49.41,50.03,5713927,286425568
SZ002594,2019-06-27T00:00:00.000000,50.20,50.86,50.06,50.54,8118108,410302464
SZ002594,2019-06-28T00:00:00.000000,50.55,50.83,50.23,50.72,5517097,278912032
SZ002594,2019-07-01T00:00:00.000000,51.60,52.13,51.08,51.91,11436363,591468288
SZ002594,2019-07-02T00:00:00.000000,51.91,54.40,51.55,53.18,15855634,845974016
SZ002594,2019-07-03T00:00:00.000000,53.18,54.20,52.77,53.40,11872344,636771008
SZ002594,2019-07-04T00:00:00.000000,53.42,54.11,52.82,53.24,8147145,435697728
SZ002594,2019-07-05T00:00:00.000000,53.24,53.77,52.18,53.26,8251329,437855968
SZ002594,2019-07-08T00:00:00.000000,53.27,53.29,51.26,52.32,9730846,509579136
SZ002594,2019-07-09T00:00:00.000000,52.19,55.05,52.07,54.89,18105310,978273344
SZ002594,2019-07-10T00:00:00.000000,54.60,54.60,53.51,53.90,11979195,645839744
SZ002594,2019-07-11T00:00:00.000000,53.92,54.15,52.89,53.25,9230370,493283904
SZ002594,2019-07-12T00:00:00.000000,53.30,54.78,53.20,54.26,10375030,562711488
SZ002594,2019-07-15T00:00:00.000000,54.28,55.88,53.62,55.35,12220676,672943680
SZ002594,2019-07-16T00:00:00.000000,55.14,55.25,54.60,54.78,5394609,295764352
SZ002594,2019-07-17T00:00:00.000000,54.79,55.20,54.40,54.65,6212871,340228576
SZ002594,2019-07-18T00:00:00.000000,54.37,54.37,53.06,53.45,8958440,478991328
SZ002594,2019-07-19T00:00:00.000000,53.61,54.23,53.36,53.93,6007225,323902144
SZ002594,2019-07-22T00:00:00.000000,54.50,55.43,54.04,54.90,11534418,632700608
SZ002594,2019-07-23T00:00:00.000000,54.80,57.25,54.36,56.33,14107181,790276992
SZ002594,2019-07-24T00:00:00.000000,56.80,57.26,56.20,56.34,10612397,602258048
SZ002594,2019-07-25T00:00:00.000000,56.34,56.98,55.82,56.80,6902262,389643328
SZ002594,2019-07-26T00:00:00.000000,56.25,57.88,56.00,57.42,10588385,605449728
SZ002594,2019-07-29T00:00:00.000000,57.84,57.95,56.59,57.22,6343402,362394976
SZ002594,2019-07-30T00:00:00.000000,57.25,57.46,56.54,57.08,7548523,429968224
SZ002594,2019-07-31T00:00:00.000000,56.80,56.80,55.48,55.95,8971983,502687424
SZ002594,2019-08-01T00:00:00.000000,55.70,56.28,55.18,55.73,8866960,493036928
SZ002594,2019-08-02T00:00:00.000000,54.06,55.03,53.85,54.39,8417992,458483264
SZ002594,2019-08-05T00:00:00.000000,54.20,54.47,52.21,52.38,10457532,555556928
SZ002594,2019-08-06T00:00:00.000000,51.41,51.98,50.45,51.37,10836219,554889920
SZ002594,2019-08-07T00:00:00.000000,51.65,51.90,50.57,50.80,7113098,363369312
SZ002594,2019-08-08T00:00:00.000000,51.13,51.31,50.50,50.86,7145616,363707712
SZ002594,2019-08-09T00:00:00.000000,51.30,51.96,50.86,50.99,8577344,440459424
SZ002594,2019-08-12T00:00:00.000000,50.88,51.20,49.80,51.20,9073899,458849760
SZ002594,2019-08-13T00:00:00.000000,50.51,50.69,49.40,49.50,13533320,674159680
SZ002594,2019-08-14T00:00:00.000000,50.20,50.50,49.76,50.29,9268729,465589312
SZ002594,2019-08-15T00:00:00.000000,49.45,50.37,49.04,50.11,6644666,330083360
SZ002594,2019-08-16T00:00:00.000000,50.30,51.55,50.12,51.07,9030127,461801376
SZ002594,2019-08-19T00:00:00.000000,52.00,52.19,51.20,52.10,10680625,553165952
SZ002594,2019-08-20T00:00:00.000000,51.79,52.09,51.30,51.43,8799564,454068928
SZ002594,2019-08-21T00:00:00.000000,51.33,51.62,50.88,51.62,8567785,438446560
SZ002594,2019-08-22T00:00:00.000000,50.90,50.90,49.67,50.21,21108924,1057906176
SZ002594,2019-08-23T00:00:00.000000,50.00,50.01,48.24,48.89,24696939,1209219968
SZ002594,2019-08-26T00:00:00.000000,48.02,49.05,47.74,49.03,14227441,690592192
SZ002594,2019-08-27T00:00:00.000000,49.12,49.63,49.10,49.54,14479160,715147648
SZ002594,2019-08-28T00:00:00.000000,50.30,51.34,49.79,49.81,17650972,890016576
SZ002594,2019-08-29T00:00:00.000000,49.78,49.78,48.80,49.10,9740862,478134208
SZ002594,2019-08-30T00:00:00.000000,49.58,49.89,49.16,49.45,10182534,504256096
SZ002594,2019-09-02T00:00:00.000000,49.98,50.00,49.34,49.72,11833676,587224064
SZ002594,2019-09-03T00:00:00.000000,49.99,49.99,49.15,49.49,9567533,472364320
SZ002594,2019-09-04T00:00:00.000000,49.48,49.48,49.01,49.37,10703502,525959136
SZ002594,2019-09-05T00:00:00.000000,49.50,50.40,49.49,50.14,17490743,875402240
SZ002594,2019-09-06T00:00:00.000000,50.34,51.20,50.21,50.49,14657357,741340608
SZ002594,2019-09-09T00:00:00.000000,50.85,51.66,50.56,51.58,19482841,997120960
SZ002594,2019-09-10T00:00:00.000000,51.70,51.87,50.86,51.15,12837364,656697472
SZ002594,2019-09-11T00:00:00.000000,51.26,51.68,50.90,51.11,11635720,595551872
SZ002594,2019-09-12T00:00:00.000000,51.30,51.38,50.36,50.79,9914481,503285184
SZ002594,2019-09-16T00:00:00.000000,51.35,51.36,50.85,51.16,8378772,428267712
SZ002594,2019-09-17T00:00:00.000000,51.20,51.23,49.68,49.97,10559765,529991136
SZ002594,2019-09-18T00:00:00.000000,50.00,50.13,49.81,50.04,5328299,266325728
SZ002594,2019-09-19T00:00:00.000000,50.18,50.26,49.80,50.19,6170761,308751040
SZ002594,2019-09-20T00:00:00.000000,50.40,50.44,50.00,50.07,6876285,344745440
SZ002594,2019-09-23T00:00:00.000000,49.90,49.95,48.85,49.18,9593517,471134528
SZ002594,2019-09-24T00:00:00.000000,49.40,50.40,49.19,49.87,7983375,398163616
SZ002594,2019-09-25T00:00:00.000000,49.85,49.85,48.90,49.04,8075345,396537344
SZ002594,2019-09-26T00:00:00.000000,49.30,49.50,48.48,48.49,6952445,339274816
SZ002594,2019-09-27T00:00:00.000000,48.49,48.81,48.38,48.58,4068099,197703056
SZ002594,2019-09-30T00:00:00.000000,48.65,49.13,48.54,48.78,4914451,240165088
SZ002594,2019-10-08T00:00:00.000000,48.80,49.26,48.30,48.42,4861484,237568928
SZ002594,2019-10-09T00:00:00.000000,48.30,48.32,47.28,48.09,5047112,241379424
SZ002594,2019-10-10T00:00:00.000000,48.40,49.20,48.36,49.00,6255309,306006464
SZ002594,2019-10-11T00:00:00.000000,48.50,48.96,47.97,48.43,7574174,368013984
SZ002594,2019-10-14T00:00:00.000000,48.98,49.38,48.50,48.85,8388152,410269728
SZ002594,2019-10-15T00:00:00.000000,48.90,49.00,47.90,48.00,7661072,369180672
SZ002594,2019-10-16T00:00:00.000000,48.00,48.24,47.48,47.52,7150354,340699072
SZ002594,2019-10-17T00:00:00.000000,47.52,47.75,47.40,47.52,3851023,183173456
SZ002594,2019-10-18T00:00:00.000000,47.99,47.99,46.82,46.90,7500971,353826112
SZ002594,2019-10-21T00:00:00.000000,46.90,46.98,46.21,46.57,5282536,245221088
SZ002594,2019-10-22T00:00:00.000000,46.59,46.86,46.52,46.80,3322407,155146528
SZ002594,2019-10-23T00:00:00.000000,46.79,46.95,46.56,46.60,3036755,141635936
SZ002594,2019-10-24T00:00:00.000000,46.50,46.82,46.50,46.66,3156884,147314384
SZ002594,2019-10-25T00:00:00.000000,46.80,47.17,46.44,47.04,3707553,173422880
SZ002594,2019-10-28T00:00:00.000000,47.03,47.46,47.03,47.30,5259192,248669248
SZ002594,2019-10-29T00:00:00.000000,47.34,47.89,47.10,47.15,5510938,261660448
SZ002594,2019-10-30T00:00:00.000000,45.90,45.90,43.50,43.96,17241884,764931712
SZ002594,2019-10-31T00:00:00.000000,43.95,43.95,42.60,42.85,11068357,475701024
SZ002594,2019-11-01T00:00:00.000000,42.80,43.75,42.30,43.57,6730450,291051712
SZ002594,2019-11-04T00:00:00.000000,43.57,43.80,43.13,43.43,5411918,234941648
SZ002594,2019-11-05T00:00:00.000000,43.52,44.35,43.02,43.95,7699013,336061248
SZ002594,2019-11-06T00:00:00.000000,44.10,44.85,43.53,44.31,9671421,429240480
SZ002594,2019-11-07T00:00:00.000000,44.03,45.65,43.69,44.68,9683550,433523296
SZ002594,2019-11-08T00:00:00.000000,45.88,45.95,44.80,44.88,9137313,414639264
SZ002594,2019-11-11T00:00:00.000000,44.80,44.80,43.63,43.95,6167358,272426336
SZ002594,2019-11-12T00:00:00.000000,43.92,44.33,43.55,44.10,4456929,196281808
SZ002594,2019-11-13T00:00:00.000000,44.12,44.17,43.00,43.28,5797794,251998384
SZ002594,2019-11-14T00:00:00.000000,43.50,43.82,43.32,43.52,4039789,175929264
SZ002594,2019-11-15T00:00:00.000000,43.53,43.63,42.80,43.12,4614919,199139088
SZ002594,2019-11-18T00:00:00.000000,42.90,43.03,42.52,42.83,5368647,229761360
SZ002594,2019-11-19T00:00:00.000000,42.56,43.75,42.56,43.74,5346348,231949856
SZ002594,2019-11-20T00:00:00.000000,43.60,43.60,43.01,43.10,3938684,170528000
SZ002594,2019-11-21T00:00:00.000000,43.20,43.87,42.78,43.62,5699971,247633920
SZ002594,2019-11-22T00:00:00.000000,43.73,44.60,43.45,43.82,7026890,309191776
SZ002594,2019-11-25T00:00:00.000000,44.16,45.28,43.54,44.87,12172663,541772288
SZ002594,2019-11-26T00:00:00.000000,44.78,45.09,43.75,44.60,9956805,442825728
SZ002594,2019-11-27T00:00:00.000000,44.46,44.47,43.85,43.90,4833098,212902112
SZ002594,2019-11-28T00:00:00.000000,43.58,43.73,43.15,43.18,4812003,208644192
SZ002594,2019-11-29T00:00:00.000000,43.27,43.62,43.02,43.39,4410362,190926832
SZ002594,2019-12-02T00:00:00.000000,43.39,43.54,43.05,43.15,4331093,187308256
SZ002594,2019-12-03T00:00:00.000000,43.15,43.84,42.99,43.79,4704804,204097552
SZ002594,2019-12-04T00:00:00.000000,43.72,44.44,43.44,44.13,6895971,303525504
SZ002594,2019-12-05T00:00:00.000000,44.20,44.41,43.90,44.04,6286453,277165408
SZ002594,2019-12-06T00:00:00.000000,44.05,44.14,43.47,43.71,6814573,297440960
SZ002594,2019-12-09T00:00:00.000000,43.71,43.80,43.27,43.38,5825985,252881168
SZ002594,2019-12-10T00:00:00.000000,43.53,43.53,43.20,43.43,4217317,182927328
SZ002594,2019-12-11T00:00:00.000000,43.36,44.23,43.19,44.12,8887329,389740640
SZ002594,2019-12-12T00:00:00.000000,44.09,44.09,43.23,43.48,8092275,353467360
SZ002594,2019-12-13T00:00:00.000000,43.79,43.89,43.23,43.37,14160083,614076992
SZ002594,2019-12-16T00:00:00.000000,43.43,44.15,43.23,44.13,12526348,547285376
SZ002594,2019-12-17T00:00:00.000000,44.17,45.55,44.16,45.04,19047175,857264000
SZ002594,2019-12-18T00:00:00.000000,45.08,45.08,44.53,44.70,11322913,506519520
SZ002594,2019-12-19T00:00:00.000000,44.70,45.00,44.26,44.97,10116347,451499520
SZ002594,2019-12-20T00:00:00.000000,45.23,47.28,45.05,46.62,28983802,1344330880
SZ002594,2019-12-23T00:00:00.000000,46.32,46.42,45.47,45.54,13277509,608250688
SZ002594,2019-12-24T00:00:00.000000,45.75,46.85,45.75,46.78,15660222,725017600
SZ002594,2019-12-25T00:00:00.000000,47.05,48.14,46.51,46.85,19183257,906693888
SZ002594,2019-12-26T00:00:00.000000,46.21,47.25,46.14,46.41,11034572,513101984
SZ002594,2019-12-27T00:00:00.000000,46.20,46.85,46.00,46.00,10962127,507597024
SZ002594,2019-12-30T00:00:00.000000,46.35,47.80,46.02,47.64,19647712,925707968
SZ002594,2019-12-31T00:00:00.000000,47.51,48.10,46.90,47.67,13216616,626863872
SZ002594,2020-01-02T00:00:00.000000,47.69,48.47,47.51,48.17,15934570,765516480
SZ002594,2020-01-03T00:00:00.000000,48.20,48.99,47.68,48.04,12993607,628361984
SZ002594,2020-01-06T00:00:00.000000,47.39,49.19,47.19,48.28,16987138,822172480
SZ002594,2020-01-07T00:00:00.000000,48.31,48.50,47.77,48.05,9340058,449013440
SZ002594,2020-01-08T00:00:00.000000,47.55,48.35,47.15,47.28,11097445,529249408
SZ002594,2020-01-09T00:00:00.000000,47.75,48.20,47.38,47.65,8921700,425352448
SZ002594,2020-01-10T00:00:00.000000,47.66,47.66,46.61,46.92,10929463,512929728
SZ002594,2020-01-13T00:00:00.000000,51.61,51.61,50.51,51.61,51882759,2662873856
SZ002594,2020-01-14T00:00:00.000000,55.00,55.99,53.00,53.44,61497596,3356918784
SZ002594,2020-01-15T00:00:00.000000,54.01,54.75,52.28,53.31,29870523,1594534528
SZ002594,2020-01-16T00:00:00.000000,53.49,54.54,51.78,54.09,33573707,1778235648
SZ002594,2020-01-17T00:00:00.000000,53.86,59.50,53.20,57.95,53060038,3022542336
SZ002594,2020-01-20T00:00:00.000000,57.30,59.90,56.50,58.76,30077562,1742179840
SZ002594,2020-01-21T00:00:00.000000,57.72,57.73,56.55,56.72,20383657,1161444864
SZ002594,2020-01-22T00:00:00.000000,56.50,60.50,56.10,59.27,32797995,1927419392
SZ002594,2020-01-23T00:00:00.000000,57.99,61.88,57.51,59.83,29158496,1735366400
SZ002594,2020-02-03T00:00:00.000000,53.85,54.48,53.85,53.85,10039800,540735168
SZ002594,2020-02-04T00:00:00.000000,54.00,57.50,54.00,56.36,36777530,2057907712
SZ002594,2020-02-05T00:00:00.000000,57.70,62.00,56.99,60.81,44623025,2698234880
SZ002594,2020-02-06T00:00:00.000000,58.45,60.85,58.40,60.75,30113181,1792085760
SZ002594,2020-02-07T00:00:00.000000,60.74,60.74,56.66,57.90,32128159,1868897024
SZ002594,2020-02-10T00:00:00.000000,59.20,63.36,58.85,60.93,35279646,2143782528
SZ002594,2020-02-11T00:00:00.000000,60.00,60.12,58.28,59.04,19617574,1162310528
SZ002594,2020-02-12T00:00:00.000000,59.04,60.60,58.35,59.19,19745556,1171671680
SZ002594,2020-02-13T00:00:00.000000,58.50,60.13,57.50,57.55,23694703,1387055872
SZ002594,2020-02-14T00:00:00.000000,57.56,57.90,56.44,56.90,21117383,1205977344
SZ002594,2020-02-17T00:00:00.000000,56.91,58.56,56.91,58.48,20988900,1215249664
SZ002594,2020-02-18T00:00:00.000000,57.80,60.00,57.77,59.47,22836532,1350970752
SZ002594,2020-02-19T00:00:00.000000,64.47,64.48,61.66,61.91,43747653,2773613056
SZ002594,2020-02-20T00:00:00.000000,63.17,68.10,63.11,68.10,64939094,4366081536
SZ002594,2020-02-21T00:00:00.000000,67.00,68.27,65.68,67.50,45518916,3046191104
SZ002594,2020-02-24T00:00:00.000000,65.42,67.14,64.96,66.20,35796879,2351741696
SZ002594,2020-02-25T00:00:00.000000,64.40,72.19,64.17,70.85,40743409,2786635264
SZ002594,2020-02-26T00:00:00.000000,69.78,75.80,69.00,71.70,52276832,3774510848
SZ002594,2020-02-27T00:00:00.000000,71.68,73.15,68.08,70.05,27269996,1912686976
SZ002594,2020-02-28T00:00:00.000000,66.66,68.99,64.95,65.37,33825352,2251947776
SZ002594,2020-03-02T00:00:00.000000,65.60,67.23,64.00,66.85,22564321,1492112256
SZ002594,2020-03-03T00:00:00.000000,69.80,70.20,67.46,67.87,27425292,1880749824
SZ002594,2020-03-04T00:00:00.000000,66.95,67.80,64.72,66.58,18093253,1198529280
SZ002594,2020-03-05T00:00:00.000000,67.02,67.62,65.50,66.81,17000367,1128290432
SZ002594,2020-03-06T00:00:00.000000,65.50,67.55,65.33,65.36,14720960,972612992
SZ002594,2020-03-09T00:00:00.000000,63.29,63.29,59.18,59.45,29247882,1789143808
SZ002594,2020-03-10T00:00:00.000000,57.60,61.50,57.33,60.17,26680523,1578089216
SZ002594,2020-03-11T00:00:00.000000,60.77,61.15,58.60,58.75,22221247,1327803136
SZ002594,2020-03-12T00:00:00.000000,57.31,57.66,55.90,57.03,23238254,1319050368
SZ002594,2020-03-13T00:00:00.000000,53.80,56.50,52.35,55.66,21319807,1162290560
SZ002594,2020-03-16T00:00:00.000000,56.59,57.33,53.88,53.88,23877348,1326361216
SZ002594,2020-03-17T00:00:00.000000,53.88,54.96,51.88,53.04,18091852,961588992
SZ002594,2020-03-18T00:00:00.000000,53.59,54.67,52.02,52.09,17268432,925695040
SZ002594,2020-03-19T00:00:00.000000,52.11,52.52,49.88,51.36,19445000,993678528
SZ002594,2020-03-20T00:00:00.000000,52.30,52.79,51.40,52.52,14829620,772921088
SZ002594,2020-03-23T00:00:00.000000,50.25,50.80,47.89,48.15,24273976,1190535680
SZ002594,2020-03-24T00:00:00.000000,49.26,49.88,47.39,49.73,20502711,1002130048
SZ002594,2020-03-25T00:00:00.000000,51.55,52.80,51.04,52.25,28978742,1504804480
SZ002594,2020-03-26T00:00:00.000000,52.50,55.18,51.61,54.27,29662084,1588497024
SZ002594,2020-03-27T00:00:00.000000,55.40,56.05,54.44,54.78,22997249,1269534080
SZ002594,2020-03-30T00:00:00.000000,55.00,57.78,54.87,56.23,32893740,1855914368
SZ002594,2020-03-31T00:00:00.000000,56.76,59.99,55.45,59.97,35017444,2037070464
SZ002594,2020-04-01T00:00:00.000000,59.90,60.66,57.02,57.12,36556547,2139092096
SZ002594,2020-04-02T00:00:00.000000,56.70,56.70,54.80,56.59,23384169,1300691328
SZ002594,2020-04-03T00:00:00.000000,56.59,56.59,54.91,55.00,16918966,940495680
SZ002594,2020-04-07T00:00:00.000000,56.44,56.92,55.60,56.31,18911589,1061432576
SZ002594,2020-04-08T00:00:00.000000,55.80,55.80,55.04,55.32,12954327,717031936
SZ002594,2020-04-09T00:00:00.000000,55.81,56.54,55.55,55.65,13333832,746729536
SZ002594,2020-04-10T00:00:00.000000,56.28,56.28,54.15,54.57,13185472,727755072
SZ002594,2020-04-13T00:00:00.000000,54.73,55.94,54.73,55.80,10255956,569833088
SZ002594,2020-04-14T00:00:00.000000,55.80,58.00,55.38,57.92,23386305,1338857728
SZ002594,2020-04-15T00:00:00.000000,59.36,62.39,58.38,60.14,30622736,1847393280
SZ002594,2020-04-16T00:00:00.000000,60.10,61.30,59.05,60.01,16525891,992639168
SZ002594,2020-04-17T00:00:00.000000,60.60,60.98,58.68,58.80,15649005,931863488
SZ002594,2020-04-20T00:00:00.000000,59.40,59.40,58.16,58.86,10747360,630616704
SZ002594,2020-04-21T00:00:00.000000,58.50,59.68,57.80,59.37,14714834,864113088
SZ002594,2020-04-22T00:00:00.000000,58.40,60.00,57.88,59.43,12145802,715492480
SZ002594,2020-04-23T00:00:00.000000,59.99,60.55,58.04,58.25,11602798,686078400
SZ002594,2020-04-24T00:00:00.000000,58.67,60.49,58.50,58.73,13594893,806969216
SZ002594,2020-04-27T00:00:00.000000,59.02,59.09,56.88,56.98,13826532,799777344
SZ002594,2020-04-28T00:00:00.000000,57.00,57.59,54.76,56.98,12865794,725364992
SZ002594,2020-04-29T00:00:00.000000,58.20,59.45,57.56,58.00,16512556,964564480
SZ002594,2020-04-30T00:00:00.000000,58.82,60.58,58.51,59.96,21887625,1303496192
SZ002594,2020-05-06T00:00:00.000000,59.40,62.50,59.10,62.18,23190623,1420097920
SZ002594,2020-05-07T00:00:00.000000,62.17,62.17,59.98,60.09,22511802,1362997632
SZ002594,2020-05-08T00:00:00.000000,60.11,60.50,59.30,59.78,17147173,1025569472
SZ002594,2020-05-11T00:00:00.000000,59.29,59.66,58.11,58.88,19071621,1121805568
SZ002594,2020-05-12T00:00:00.000000,58.89,59.14,58.20,59.13,10401966,610124992
SZ002594,2020-05-13T00:00:00.000000,59.13,59.75,58.50,58.99,11111516,657744000
SZ002594,2020-05-14T00:00:00.000000,58.90,58.90,57.55,57.69,11836313,688315264
SZ002594,2020-05-15T00:00:00.000000,57.79,58.58,57.30,57.96,10277106,595823296
SZ002594,2020-05-18T00:00:00.000000,57.40,58.40,56.40,57.18,10474339,601110784
SZ002594,2020-05-19T00:00:00.000000,58.00,58.60,57.75,58.22,9404190,547143040
SZ002594,2020-05-20T00:00:00.000000,58.70,60.30,58.67,59.01,16470785,981282432
SZ002594,2020-05-21T00:00:00.000000,59.11,59.37,57.01,57.15,12096788,697047168
SZ002594,2020-05-22T00:00:00.000000,57.16,57.67,55.51,56.03,9234961,522767776
SZ002594,2020-05-25T00:00:00.000000,56.03,56.55,55.31,56.52,5969703,334368704
SZ002594,2020-05-26T00:00:00.000000,56.80,58.38,56.80,58.30,9854368,570419200
SZ002594,2020-05-27T00:00:00.000000,59.60,59.95,57.07,57.30,11361742,662802624
SZ002594,2020-05-28T00:00:00.000000,57.35,58.23,56.40,57.48,8630023,494679168
SZ002594,2020-05-29T00:00:00.000000,57.12,58.02,56.81,57.41,6803639,390882848
SZ002594,2020-06-01T00:00:00.000000,57.75,59.69,57.44,59.33,16106781,949983296
SZ002594,2020-06-02T00:00:00.000000,59.57,62.18,58.88,61.00,20479610,1235513472
SZ002594,2020-06-03T00:00:00.000000,60.79,61.05,59.48,59.93,14635695,882603776
SZ002594,2020-06-04T00:00:00.000000,60.48,61.20,59.71,60.11,10574332,637797440
SZ002594,2020-06-05T00:00:00.000000,61.00,63.28,60.33,63.20,26545122,1643855488
SZ002594,2020-06-08T00:00:00.000000,63.00,63.83,62.45,62.79,17244111,1087013120
SZ002594,2020-06-09T00:00:00.000000,63.00,64.41,61.69,61.98,20443053,1285542272
SZ002594,2020-06-10T00:00:00.000000,62.26,62.42,60.68,61.05,18619403,1140629376
SZ002594,2020-06-11T00:00:00.000000,61.87,64.20,61.51,62.84,28023252,1764678784
SZ002594,2020-06-12T00:00:00.000000,61.40,61.93,60.63,61.48,17549710,1075893120
SZ002594,2020-06-15T00:00:00.000000,62.50,63.88,61.25,62.50,19574028,1225432576
SZ002594,2020-06-16T00:00:00.000000,63.80,64.46,63.13,64.10,21411572,1367780352
SZ002594,2020-06-17T00:00:00.000000,64.00,64.11,62.36,64.11,14437818,912074304
SZ002594,2020-06-18T00:00:00.000000,63.80,66.76,62.94,66.74,27903336,1829902592
SZ002594,2020-06-19T00:00:00.000000,66.69,68.68,66.30,66.99,22061887,1487252992
SZ002594,2020-06-22T00:00:00.000000,66.60,68.78,66.29,68.00,19625480,1325805184
SZ002594,2020-06-23T00:00:00.000000,67.57,72.09,67.00,71.03,26037491,1812606848
SZ002594,2020-06-24T00:00:00.000000,71.10,73.06,70.76,71.70,19668098,1414432128
SZ002594,2020-06-29T00:00:00.000000,71.50,72.43,70.30,70.60,17337630,1233307776
SZ002594,2020-06-30T00:00:00.000000,71.41,72.85,70.87,71.80,16983101,1223207552
SZ002594,2020-07-01T00:00:00.000000,73.21,75.45,71.03,72.47,23509322,1726221312
SZ002594,2020-07-02T00:00:00.000000,72.63,74.61,71.80,72.14,21407418,1559734656
SZ002594,2020-07-03T00:00:00.000000,73.30,79.35,73.23,79.35,45538812,3497719552
SZ002594,2020-07-06T00:00:00.000000,79.33,81.59,77.41,80.90,46122416,3661516288
SZ002594,2020-07-07T00:00:00.000000,84.76,88.50,83.00,83.00,46670587,3978641408
SZ002594,2020-07-08T00:00:00.000000,81.94,84.28,81.86,82.75,31915588,2647763200
SZ002594,2020-07-09T00:00:00.000000,82.75,86.30,81.46,84.46,32797352,2764110592
SZ002594,2020-07-10T00:00:00.000000,84.47,92.36,83.05,89.00,39602931,3495161088
SZ002594,2020-07-13T00:00:00.000000,92.60,97.90,92.29,97.90,57987128,5536513024
SZ002594,2020-07-14T00:00:00.000000,97.90,97.91,90.58,96.55,53638869,5075817472
SZ002594,2020-07-15T00:00:00.000000,97.00,97.29,92.69,94.50,38869586,3699031040
SZ002594,2020-07-16T00:00:00.000000,94.40,95.50,85.05,85.05,56046663,4984540672
SZ002594,2020-07-17T00:00:00.000000,83.02,85.36,80.07,81.59,43096874,3549101568
SZ002594,2020-07-20T00:00:00.000000,83.70,89.30,81.61,87.17,43173031,3684539648
SZ002594,2020-07-21T00:00:00.000000,89.90,91.33,87.68,88.09,31722234,2834375680
SZ002594,2020-07-22T00:00:00.000000,86.00,89.48,85.50,87.19,26954483,2367987200
SZ002594,2020-07-23T00:00:00.000000,86.06,89.00,85.58,88.99,32728656,2869841152
SZ002594,2020-07-24T00:00:00.000000,87.78,88.14,82.50,83.00,38817374,3298033920
SZ002594,2020-07-27T00:00:00.000000,83.50,85.20,82.30,83.52,20882846,1753284480
SZ002594,2020-07-28T00:00:00.000000,85.98,86.66,83.00,83.91,21644067,1829407616
SZ002594,2020-07-29T00:00:00.000000,83.31,87.50,82.52,86.93,28797550,2464892416
SZ002594,2020-07-30T00:00:00.000000,87.02,87.63,84.30,85.00,22449269,1917850496
SZ002594,2020-07-31T00:00:00.000000,84.96,86.66,83.46,85.39,25812289,2201963264
SZ002594,2020-08-03T00:00:00.000000,85.41,86.50,84.40,86.17,28030360,2394349056
SZ002594,2020-08-04T00:00:00.000000,86.95,91.00,86.88,89.00,38395587,3414415360
SZ002594,2020-08-05T00:00:00.000000,89.00,89.00,86.58,88.15,19022684,1667411328
SZ002594,2020-08-06T00:00:00.000000,88.81,89.60,87.00,88.73,20533266,1815887488
SZ002594,2020-08-07T00:00:00.000000,87.60,88.76,83.81,85.38,24597416,2120266880
SZ002594,2020-08-10T00:00:00.000000,83.79,84.35,80.00,81.98,33653884,2752165120
SZ002594,2020-08-11T00:00:00.000000,81.90,83.20,80.95,81.00,19417260,1596334592
SZ002594,2020-08-12T00:00:00.000000,81.18,81.98,78.45,81.98,22097173,1768144512
SZ002594,2020-08-13T00:00:00.000000,83.50,83.80,81.65,81.80,13582779,1119875328
SZ002594,2020-08-14T00:00:00.000000,82.10,82.59,80.00,81.93,12062031,981262720
SZ002594,2020-08-17T00:00:00.000000,82.20,83.23,81.33,82.92,15103194,1246372736
SZ002594,2020-08-18T00:00:00.000000,84.01,84.51,81.80,82.18,16155250,1335564928
SZ002594,2020-08-19T00:00:00.000000,81.40,81.64,79.52,79.65,18735826,1504274048
SZ002594,2020-08-20T00:00:00.000000,79.64,80.00,78.10,78.55,12272430,967851072
SZ002594,2020-08-21T00:00:00.000000,80.00,80.64,78.90,79.58,11190548,893244032
SZ002594,2020-08-24T00:00:00.000000,79.90,82.28,79.69,81.44,17128061,1384872448
SZ002594,2020-08-25T00:00:00.000000,81.00,82.88,80.50,81.24,14510634,1182125952
SZ002594,2020-08-26T00:00:00.000000,82.00,85.31,81.68,83.42,32047153,2691953408
SZ002594,2020-08-27T00:00:00.000000,86.50,87.55,84.70,85.42,25203489,2168640256
SZ002594,2020-08-28T00:00:00.000000,85.00,86.06,83.02,85.39,18647043,1572760192
SZ002594,2020-08-31T00:00:00.000000,87.02,88.22,84.88,85.00,21534690,1864842752
SZ002594,2020-09-01T00:00:00.000000,86.99,93.50,86.31,93.50,39461265,3573272576
SZ002594,2020-09-02T00:00:00.000000,95.88,96.00,91.63,94.30,39704708,3719378688
SZ002594,2020-09-03T00:00:00.000000,92.88,95.16,92.15,92.59,22779495,2129704448
SZ002594,2020-09-04T00:00:00.000000,88.80,90.59,88.02,90.00,22202132,1979126656
SZ002594,2020-09-07T00:00:00.000000,89.48,97.50,89.40,94.74,40998653,3862436352
SZ002594,2020-09-08T00:00:00.000000,95.88,95.88,90.70,91.00,27908409,2590896640
SZ002594,2020-09-09T00:00:00.000000,88.01,88.70,84.85,85.99,26329156,2281813504
SZ002594,2020-09-10T00:00:00.000000,87.84,90.17,86.90,87.09,21706271,1923920256
SZ002594,2020-09-11T00:00:00.000000,87.85,91.20,87.22,91.20,20576370,1843068544
SZ002594,2020-09-14T00:00:00.000000,91.30,94.50,91.30,92.50,22383909,2078548992
SZ002594,2020-09-15T00:00:00.000000,94.01,101.75,93.50,101.30,57922128,5761285120
SZ002594,2020-09-16T00:00:00.000000,100.28,107.87,99.00,105.40,49378934,5154280960
SZ002594,2020-09-17T00:00:00.000000,105.51,115.94,105.15,115.94,60235110,6707262464
SZ002594,2020-09-18T00:00:00.000000,113.99,115.50,111.50,115.50,47375377,5363840000
SZ002594,2020-09-21T00:00:00.000000,116.00,119.32,104.34,105.77,58877087,6535043584
SZ002594,2020-09-22T00:00:00.000000,106.50,110.65,104.01,106.77,46288194,4971987456
SZ002594,2020-09-23T00:00:00.000000,109.00,111.01,106.30,110.40,38140914,4146613248
SZ002594,2020-09-24T00:00:00.000000,107.88,110.03,106.01,106.40,26612570,2864183040
SZ002594,2020-09-25T00:00:00.000000,108.20,109.79,103.80,105.09,32436317,3457966848
SZ002594,2020-09-28T00:00:00.000000,106.19,108.10,105.65,106.40,21188287,2260356096
SZ002594,2020-09-29T00:00:00.000000,108.59,109.51,104.25,107.89,27004576,2884124928
SZ002594,2020-09-30T00:00:00.000000,108.58,118.23,107.10,116.24,44420102,5073415168
SZ002594,2020-10-09T00:00:00.000000,123.10,126.14,119.20,120.35,55967807,6870685696
SZ002594,2020-10-12T00:00:00.000000,123.80,129.03,120.45,128.50,52808892,6521180672
SZ002594,2020-10-13T00:00:00.000000,128.00,131.88,125.00,129.29,46052746,5958598144
SZ002594,2020-10-14T00:00:00.000000,129.15,132.32,128.10,130.50,31047158,4041272320
SZ002594,2020-10-15T00:00:00.000000,134.60,137.73,131.33,131.55,40289307,5425288192
SZ002594,2020-10-16T00:00:00.000000,132.56,133.85,125.00,127.80,41353551,5301212672
SZ002594,2020-10-19T00:00:00.000000,128.00,129.81,126.30,128.08,22200611,2832538880
SZ002594,2020-10-20T00:00:00.000000,126.18,140.33,126.18,140.00,54167901,7240427520
SZ002594,2020-10-21T00:00:00.000000,137.99,139.70,134.17,137.50,38056707,5212917248
SZ002594,2020-10-22T00:00:00.000000,137.23,145.00,132.07,143.79,43438939,6061014016
SZ002594,2020-10-23T00:00:00.000000,142.02,145.78,136.50,138.67,40099412,5645291520
SZ002594,2020-10-26T00:00:00.000000,136.50,142.85,133.10,139.96,30979604,4319369728
SZ002594,2020-10-27T00:00:00.000000,137.42,141.50,135.83,140.28,29654540,4122784512
SZ002594,2020-10-28T00:00:00.000000,139.51,153.48,139.02,151.60,51797365,7669731328
SZ002594,2020-10-29T00:00:00.000000,147.91,166.76,147.91,158.38,63470495,10022999040
SZ002594,2020-10-30T00:00:00.000000,160.00,170.30,154.20,159.81,67329183,10882457600
SZ002594,2020-11-02T00:00:00.000000,160.91,168.75,160.50,167.98,52491093,8660252672
SZ002594,2020-11-03T00:00:00.000000,172.00,172.45,159.58,164.08,66161664,10960743424
SZ002594,2020-11-04T00:00:00.000000,167.00,170.33,163.00,168.03,46094823,7689440256
SZ002594,2020-11-05T00:00:00.000000,175.00,184.83,171.00,184.83,67409211,11951954944
SZ002594,2020-11-06T00:00:00.000000,189.50,198.85,179.89,190.44,80766685,15261972480
SZ002594,2020-11-09T00:00:00.000000,191.60,193.67,184.12,190.95,52501612,9934097408
SZ002594,2020-11-10T00:00:00.000000,186.86,186.88,176.88,182.58,63534950,11543486464
SZ002594,2020-11-11T00:00:00.000000,176.90,181.89,164.32,164.35,80567515,13840950272
SZ002594,2020-11-12T00:00:00.000000,168.00,173.30,165.78,169.33,58663961,9953359872
SZ002594,2020-11-13T00:00:00.000000,180.00,182.02,173.29,175.90,60919392,10790305792
SZ002594,2020-11-16T00:00:00.000000,171.03,171.50,163.50,170.02,54256539,9094656000
SZ002594,2020-11-17T00:00:00.000000,173.50,175.18,164.46,167.00,56840934,9641026560
SZ002594,2020-11-18T00:00:00.000000,165.88,169.18,162.25,167.00,41703316,6941379072
SZ002594,2020-11-19T00:00:00.000000,168.00,168.70,159.52,161.62,47005440,7652210688
SZ002594,2020-11-20T00:00:00.000000,164.65,177.24,163.22,176.06,70752694,12067220480
SZ002594,2020-11-23T00:00:00.000000,176.90,185.02,172.07,184.20,60402664,10841291776
SZ002594,2020-11-24T00:00:00.000000,191.77,194.99,180.71,184.19,64675209,12193378304
SZ002594,2020-11-25T00:00:00.000000,183.00,191.70,180.60,183.53,47385764,8798105600
SZ002594,2020-11-26T00:00:00.000000,183.61,184.80,171.23,175.82,49653819,8751195136
SZ002594,2020-11-27T00:00:00.000000,175.31,177.90,169.33,174.10,39747615,6868605952
SZ002594,2020-11-30T00:00:00.000000,171.50,176.74,166.01,172.15,37921283,6493584896
SZ002594,2020-12-01T00:00:00.000000,168.70,177.00,167.00,176.81,40156431,6983133696
SZ002594,2020-12-02T00:00:00.000000,171.10,172.50,168.00,169.75,49240138,8354836480
SZ002594,2020-12-03T00:00:00.000000,169.75,173.66,166.96,171.09,36558081,6251136000
SZ002594,2020-12-04T00:00:00.000000,171.60,178.80,170.40,171.86,39448988,6888910848
SZ002594,2020-12-07T00:00:00.000000,171.30,176.66,169.11,175.29,32218589,5617848320
SZ002594,2020-12-08T00:00:00.000000,178.10,182.00,176.70,177.97,44574324,7995315200
SZ002594,2020-12-09T00:00:00.000000,179.00,181.03,173.00,173.24,31571447,5563503616
SZ002594,2020-12-10T00:00:00.000000,168.00,171.66,166.02,169.52,37043628,6243808768
SZ002594,2020-12-11T00:00:00.000000,169.35,169.35,162.80,167.00,35487818,5902635008
SZ002594,2020-12-14T00:00:00.000000,166.80,170.88,163.00,170.20,30213225,5064250880
SZ002594,2020-12-15T00:00:00.000000,170.25,175.05,168.50,174.70,36221802,6234488320
SZ002594,2020-12-16T00:00:00.000000,176.00,176.70,170.90,171.87,23815385,4110951168
SZ002594,2020-12-17T00:00:00.000000,171.18,172.93,169.01,171.79,18977260,3245175552
SZ002594,2020-12-18T00:00:00.000000,172.50,180.09,171.22,176.00,48848510,8625943552
SZ002594,2020-12-21T00:00:00.000000,176.50,193.60,175.50,193.60,66779763,12342924288
SZ002594,2020-12-22T00:00:00.000000,192.98,192.98,183.66,184.00,58681041,11044848640
SZ002594,2020-12-23T00:00:00.000000,183.89,190.80,182.96,186.79,42707945,7982526976
SZ002594,2020-12-24T00:00:00.000000,185.00,185.00,180.00,183.00,26045354,4739171328
SZ002594,2020-12-25T00:00:00.000000,183.32,186.15,181.10,185.22,21133069,3892733184
SZ002594,2020-12-28T00:00:00.000000,184.30,190.37,182.60,187.93,30338431,5674752512
SZ002594,2020-12-29T00:00:00.000000,186.00,186.00,178.46,178.60,36117782,6530622464
SZ002594,2020-12-30T00:00:00.000000,180.66,191.95,180.66,186.00,51043108,9559070720
SZ002594,2020-12-31T00:00:00.000000,188.86,195.83,184.26,194.30,50511942,9665582080
SZ002594,2021-01-04T00:00:00.000000,189.00,211.16,187.09,206.76,58950161,11803190272
SZ002594,2021-01-05T00:00:00.000000,206.00,221.23,202.01,219.90,54530597,11642248192
SZ002594,2021-01-06T00:00:00.000000,219.72,222.18,212.00,216.30,43465214,9376648192
SZ002594,2021-01-07T00:00:00.000000,216.60,228.32,214.20,225.04,42860254,9516502016
SZ002594,2021-01-08T00:00:00.000000,233.00,234.32,220.70,227.51,42675836,9705879552
SZ002594,2021-01-11T00:00:00.000000,234.59,245.00,230.98,234.86,53425466,12681067520
SZ002594,2021-01-12T00:00:00.000000,231.80,239.75,220.00,236.99,43312458,9980651520
SZ002594,2021-01-13T00:00:00.000000,238.00,249.88,229.69,239.30,48034787,11590837248
SZ002594,2021-01-14T00:00:00.000000,232.00,235.45,222.34,223.95,44595502,10176086016
SZ002594,2021-01-15T00:00:00.000000,222.00,228.92,216.50,225.20,37705046,8420560896
SZ002594,2021-01-18T00:00:00.000000,220.00,224.00,216.26,221.69,26378933,5826658816
SZ002594,2021-01-19T00:00:00.000000,222.06,225.20,213.56,216.20,27625013,6035553280
SZ002594,2021-01-20T00:00:00.000000,219.90,226.30,218.01,222.00,38140108,8483028992
SZ002594,2021-01-21T00:00:00.000000,220.00,239.60,216.81,235.52,58570987,13384594432
SZ002594,2021-01-22T00:00:00.000000,235.72,243.66,231.51,242.92,42388678,10112061440
SZ002594,2021-01-25T00:00:00.000000,246.50,262.95,245.00,260.00,55938894,14213433344
SZ002594,2021-01-26T00:00:00.000000,257.00,262.59,250.99,254.22,39455544,10115831808
SZ002594,2021-01-27T00:00:00.000000,250.20,259.44,234.50,257.00,52135100,12813495296
SZ002594,2021-01-28T00:00:00.000000,245.97,252.50,242.98,244.36,32646175,8081858560
SZ002594,2021-01-29T00:00:00.000000,249.00,250.43,237.50,247.00,33598269,8182541824
SZ002594,2021-02-01T00:00:00.000000,245.00,250.13,239.00,246.89,26379450,6500021760
SZ002594,2021-02-02T00:00:00.000000,252.00,268.00,250.50,267.50,47109997,12220619776
SZ002594,2021-02-03T00:00:00.000000,268.10,273.37,260.30,263.00,38402952,10231620608
SZ002594,2021-02-04T00:00:00.000000,258.00,264.89,255.34,259.90,31035090,8061146624
SZ002594,2021-02-05T00:00:00.000000,262.00,268.28,247.50,249.00,48055051,12356334592
SZ002594,2021-02-08T00:00:00.000000,248.99,252.98,240.01,250.20,37246177,9210843136
SZ002594,2021-02-09T00:00:00.000000,253.10,259.02,247.50,257.00,37495428,9540423680
SZ002594,2021-02-10T00:00:00.000000,261.00,270.66,253.00,266.95,41893871,10995341312
SZ002594,2021-02-18T00:00:00.000000,268.86,268.86,255.33,258.99,47264558,12353076224
SZ002594,2021-02-19T00:00:00.000000,254.90,257.66,245.73,257.35,38258702,9607263232
SZ002594,2021-02-22T00:00:00.000000,256.60,256.66,239.45,239.52,42713093,10558143488
SZ002594,2021-02-23T00:00:00.000000,229.59,235.02,222.90,225.00,47651022,10877531136
SZ002594,2021-02-24T00:00:00.000000,225.00,228.59,203.60,208.99,67648518,14532205568
SZ002594,2021-02-25T00:00:00.000000,215.77,215.85,205.80,209.25,36953222,7788184064
SZ002594,2021-02-26T00:00:00.000000,196.50,204.00,194.00,197.27,50361602,9978745856
SZ002594,2021-03-01T00:00:00.000000,201.00,210.99,197.50,210.90,44429351,9087918080
SZ002594,2021-03-02T00:00:00.000000,214.65,215.80,205.22,211.40,38792835,8178911744
SZ002594,2021-03-03T00:00:00.000000,205.00,210.30,201.97,209.75,26306180,5431739392
SZ002594,2021-03-04T00:00:00.000000,205.00,205.10,197.30,198.50,34684991,6955695104
SZ002594,2021-03-05T00:00:00.000000,187.37,199.51,186.18,196.37,32531909,6313240576
SZ002594,2021-03-08T00:00:00.000000,196.37,197.33,176.73,176.73,59132823,10922889216
SZ002594,2021-03-09T00:00:00.000000,172.41,178.60,162.03,170.68,59920495,10247665664
SZ002594,2021-03-10T00:00:00.000000,180.00,181.88,175.78,177.19,43150717,7706833408
SZ002594,2021-03-11T00:00:00.000000,176.95,185.00,174.10,182.97,36782790,6671343104
SZ002594,2021-03-12T00:00:00.000000,186.17,187.99,178.90,181.68,30184822,5517620736
SZ002594,2021-03-15T00:00:00.000000,178.55,181.00,172.00,174.26,29560239,5187723264
SZ002594,2021-03-16T00:00:00.000000,177.58,179.10,173.37,176.47,19705640,3474844928
SZ002594,2021-03-17T00:00:00.000000,174.02,179.97,171.48,176.88,21370528,3770679552
SZ002594,2021-03-18T00:00:00.000000,178.79,180.63,177.28,178.55,20106437,3593541120
SZ002594,2021-03-19T00:00:00.000000,173.00,175.37,169.66,171.15,25822722,4438616064
SZ002594,2021-03-22T00:00:00.000000,172.33,175.48,170.01,173.80,18568291,3221954816
SZ002594,2021-03-23T00:00:00.000000,175.80,176.18,166.30,168.97,22664897,3844462848
SZ002594,2021-03-24T00:00:00.000000,167.99,169.24,162.00,162.74,24826930,4082242304
SZ002594,2021-03-25T00:00:00.000000,157.00,163.45,155.60,161.20,25619064,4082120960
SZ002594,2021-03-26T00:00:00.000000,163.01,172.00,162.90,170.99,32853032,5528686080
SZ002594,2021-03-29T00:00:00.000000,170.01,170.48,164.80,168.10,23472864,3941708800
SZ002594,2021-03-30T00:00:00.000000,161.00,169.00,159.10,169.00,33893090,5574391296
SZ002594,2021-03-31T00:00:00.000000,169.21,172.64,162.56,164.51,27015303,4488285696
SZ002594,2021-04-01T00:00:00.000000,168.00,171.90,167.01,169.07,29995780,5089544704
SZ002594,2021-04-02T00:00:00.000000,170.99,178.20,168.58,175.87,34953200,6083577344
SZ002594,2021-04-06T00:00:00.000000,176.80,179.24,172.80,176.09,25590985,4492985856
SZ002594,2021-04-07T00:00:00.000000,177.15,178.08,169.50,170.99,28170350,4848030208
SZ002594,2021-04-08T00:00:00.000000,169.00,171.50,167.12,170.48,16004306,2723993088
SZ002594,2021-04-09T00:00:00.000000,171.90,172.10,166.00,166.72,20499577,3436476672
SZ002594,2021-04-12T00:00:00.000000,166.73,169.39,162.60,163.46,20126800,3320602624
SZ002594,2021-04-13T00:00:00.000000,163.48,167.63,163.48,164.01,15857894,2617908992
SZ002594,2021-04-14T00:00:00.000000,167.00,171.00,167.00,170.95,29847317,5057752064
SZ002594,2021-04-15T00:00:00.000000,168.50,168.65,163.50,165.50,24991213,4136742912
SZ002594,2021-04-16T00:00:00.000000,165.40,166.40,160.33,165.30,23459944,3837152256
SZ002594,2021-04-19T00:00:00.000000,165.00,177.00,164.18,176.05,50735050,8764759040
SZ002594,2021-04-20T00:00:00.000000,175.00,175.00,169.78,171.24,37567703,6460740608
SZ002594,2021-04-21T00:00:00.000000,169.00,170.59,167.17,168.59,23048888,3880491520
SZ002594,2021-04-22T00:00:00.000000,170.00,171.78,167.22,168.71,19750844,3336754688
SZ002594,2021-04-23T00:00:00.000000,167.18,171.38,166.27,169.25,22882799,3878511104
SZ002594,2021-04-26T00:00:00.000000,170.00,173.00,167.25,167.50,31951410,5432612352
SZ002594,2021-04-27T00:00:00.000000,166.00,167.40,163.40,164.94,25563921,4211994624
SZ002594,2021-04-28T00:00:00.000000,164.86,168.54,162.96,165.50,21841198,3621682432
SZ002594,2021-04-29T00:00:00.000000,163.00,164.93,162.20,162.95,27585404,4496785408
SZ002594,2021-04-30T00:00:00.000000,161.49,162.20,156.71,158.57,35989914,5715463680
SZ002594,2021-05-06T00:00:00.000000,157.00,157.00,150.00,150.00,42315808,6423783424
SZ002594,2021-05-07T00:00:00.000000,148.12,149.96,143.39,143.95,37798038,5528741376
SZ002594,2021-05-10T00:00:00.000000,143.95,148.35,141.44,147.00,26073875,3802268928
SZ002594,2021-05-11T00:00:00.000000,143.70,148.76,140.97,146.56,26963996,3893703680
SZ002594,2021-05-12T00:00:00.000000,148.26,155.00,148.26,153.73,38465914,5872804352
SZ002594,2021-05-13T00:00:00.000000,150.75,151.00,148.56,148.99,21269609,3180710400
SZ002594,2021-05-14T00:00:00.000000,147.90,154.10,146.31,153.53,30027866,4532481536
SZ002594,2021-05-17T00:00:00.000000,155.43,160.88,154.45,159.78,36300256,5761021440
SZ002594,2021-05-18T00:00:00.000000,160.00,161.80,156.88,158.70,19495212,3094498304
SZ002594,2021-05-19T00:00:00.000000,159.90,174.00,159.88,172.78,59649087,10150054912
SZ002594,2021-05-20T00:00:00.000000,170.00,177.56,169.10,172.94,49988848,8686052352
SZ002594,2021-05-21T00:00:00.000000,174.01,177.99,170.10,173.20,33496551,5822862848
SZ002594,2021-05-24T00:00:00.000000,171.91,175.50,169.98,173.47,27172287,4685926912
SZ002594,2021-05-25T00:00:00.000000,175.00,178.00,172.70,176.52,33152287,5830353408
SZ002594,2021-05-26T00:00:00.000000,178.00,184.58,176.00,176.17,34557799,6206769664
SZ002594,2021-05-27T00:00:00.000000,179.00,179.68,174.50,177.45,23402610,4146048256
SZ002594,2021-05-28T00:00:00.000000,177.45,185.00,176.07,181.68,37119487,6754993664
SZ002594,2021-05-31T00:00:00.000000,175.26,179.11,170.18,178.70,43755316,7660152320
SZ002594,2021-06-01T00:00:00.000000,178.73,190.90,178.73,189.46,51360412,9530431488
SZ002594,2021-06-02T00:00:00.000000,190.00,191.85,185.20,186.50,29434964,5527643648
SZ002594,2021-06-03T00:00:00.000000,186.60,187.50,180.18,183.90,25080057,4608194560
SZ002594,2021-06-04T00:00:00.000000,181.61,192.00,180.52,189.40,31984839,6004827136
SZ002594,2021-06-07T00:00:00.000000,191.00,192.87,187.00,190.35,25451802,4842637824
SZ002594,2021-06-08T00:00:00.000000,194.00,205.60,193.25,202.81,55923856,11191285760
SZ002594,2021-06-09T00:00:00.000000,202.90,203.50,197.02,202.00,31655582,6342951424
SZ002594,2021-06-10T00:00:00.000000,202.05,216.05,201.00,214.11,44100032,9339299840
SZ002594,2021-06-11T00:00:00.000000,214.30,229.95,212.08,227.02,54008511,11985829888
SZ002594,2021-06-15T00:00:00.000000,231.54,237.80,224.87,232.32,51810075,12090497024
SZ002594,2021-06-16T00:00:00.000000,226.00,231.66,210.66,211.00,61817590,13579273216
SZ002594,2021-06-17T00:00:00.000000,210.96,232.10,210.83,232.10,51997758,11627217920
SZ002594,2021-06-18T00:00:00.000000,236.00,252.32,234.65,245.00,57189601,13931101184
SZ002594,2021-06-21T00:00:00.000000,243.88,249.56,232.13,242.58,43052635,10400538624
SZ002594,2021-06-22T00:00:00.000000,243.00,247.00,236.00,237.88,31642808,7571777536
SZ002594,2021-06-23T00:00:00.000000,233.00,249.80,232.50,243.30,39450060,9605892096
SZ002594,2021-06-24T00:00:00.000000,244.00,251.87,240.18,244.89,31228504,7696250368
SZ002594,2021-06-25T00:00:00.000000,247.00,248.66,238.00,244.99,29650236,7205571072
SZ002594,2021-06-28T00:00:00.000000,244.99,255.00,243.52,253.63,34727198,8732380160
SZ002594,2021-06-29T00:00:00.000000,257.40,259.60,250.00,253.30,30625754,7778037760
SZ002594,2021-06-30T00:00:00.000000,250.00,256.50,246.00,251.00,28540731,7146112512
SZ002594,2021-07-01T00:00:00.000000,251.00,252.50,235.60,236.60,42260287,10182009856
SZ002594,2021-07-02T00:00:00.000000,233.00,243.50,228.89,239.04,37426013,8897623040
SZ002594,2021-07-05T00:00:00.000000,236.04,250.00,235.57,249.55,32490116,7984671232
SZ002594,2021-07-06T00:00:00.000000,255.00,261.02,241.00,250.50,51791670,13098185728
SZ002594,2021-07-07T00:00:00.000000,244.00,258.60,240.88,255.09,38638656,9711794176
SZ002594,2021-07-08T00:00:00.000000,253.00,261.54,251.12,251.96,39390995,10127586304
SZ002594,2021-07-09T00:00:00.000000,250.88,254.99,241.88,248.82,36494699,9057948672
SZ002594,2021-07-12T00:00:00.000000,253.30,272.91,251.50,266.48,56005708,14759940096
SZ002594,2021-07-13T00:00:00.000000,266.49,269.73,260.22,265.10,27731391,7330680832
SZ002594,2021-07-14T00:00:00.000000,261.00,261.00,245.00,245.29,61271686,15300069376
SZ002594,2021-07-15T00:00:00.000000,239.00,243.55,230.00,236.40,55189867,13026880512
SZ002594,2021-07-16T00:00:00.000000,235.75,235.75,221.03,222.92,56274148,12801309696
SZ002594,2021-07-19T00:00:00.000000,220.00,231.99,214.30,223.97,37218723,8367318528
SZ002594,2021-07-20T00:00:00.000000,220.00,229.46,219.11,227.50,24674966,5582671872
SZ002594,2021-07-21T00:00:00.000000,231.20,244.99,230.01,241.23,47151119,11232168960
SZ002594,2021-07-22T00:00:00.000000,246.30,249.44,240.17,248.96,37477327,9242618880
SZ002594,2021-07-23T00:00:00.000000,247.44,262.00,245.08,258.68,46056227,11846110208
SZ002594,2021-07-26T00:00:00.000000,250.58,259.74,241.01,248.55,40442824,10130660352
SZ002594,2021-07-27T00:00:00.000000,246.00,257.88,237.20,238.71,37770720,9406137344
SZ002594,2021-07-28T00:00:00.000000,229.99,241.10,223.99,236.50,33219863,7758094336
SZ002594,2021-07-29T00:00:00.000000,246.94,257.30,242.82,257.20,42885105,10764228608
SZ002594,2021-07-30T00:00:00.000000,257.19,268.30,252.13,264.71,45799399,11995908096
SZ002594,2021-08-02T00:00:00.000000,276.00,291.18,273.30,291.18,62225903,17648920576
SZ002594,2021-08-03T00:00:00.000000,299.00,299.00,275.01,280.08,48934853,13975748608
SZ002594,2021-08-04T00:00:00.000000,283.01,308.09,282.00,308.09,53430639,16003136512
SZ002594,2021-08-05T00:00:00.000000,301.00,306.25,294.87,299.46,36882291,11063465984
SZ002594,2021-08-06T00:00:00.000000,313.00,317.30,298.50,303.48,45362627,13945125888
SZ002594,2021-08-09T00:00:00.000000,295.00,297.40,283.00,293.55,34162079,9914944512
SZ002594,2021-08-10T00:00:00.000000,293.56,302.31,282.00,292.00,33103516,9604456448
SZ002594,2021-08-11T00:00:00.000000,289.00,298.83,286.16,294.99,26399395,7742097408
SZ002594,2021-08-12T00:00:00.000000,293.00,313.38,289.37,308.98,38277898,11687504896
SZ002594,2021-08-13T00:00:00.000000,303.00,312.50,297.99,300.02,24690646,7475335680
SZ002594,2021-08-16T00:00:00.000000,297.00,297.00,285.00,285.40,30506701,8815873024
SZ002594,2021-08-17T00:00:00.000000,283.45,290.50,278.00,280.31,27205840,7713091584
SZ002594,2021-08-18T00:00:00.000000,285.41,288.09,278.19,283.66,22172302,6281190912
SZ002594,2021-08-19T00:00:00.000000,283.66,298.68,278.57,293.72,36167179,10474777600
SZ002594,2021-08-20T00:00:00.000000,289.00,293.60,282.00,285.09,24717320,7084185600
SZ002594,2021-08-23T00:00:00.000000,281.50,294.44,275.55,289.80,29582687,8526533120
SZ002594,2021-08-24T00:00:00.000000,292.79,302.00,290.05,298.25,27439906,8152952320
SZ002594,2021-08-25T00:00:00.000000,297.80,299.80,291.00,296.20,17914538,5272706560
SZ002594,2021-08-26T00:00:00.000000,297.00,298.77,282.50,282.50,26368159,7570972672
SZ002594,2021-08-27T00:00:00.000000,280.99,296.03,280.00,288.15,26288930,7628216320
SZ002594,2021-08-30T00:00:00.000000,277.44,288.00,273.96,281.97,41909234,11735714816
SZ002594,2021-08-31T00:00:00.000000,286.88,286.88,266.55,277.00,32966834,9041075200
SZ002594,2021-09-01T00:00:00.000000,277.00,277.97,257.60,266.30,28767422,7678475264
SZ002594,2021-09-02T00:00:00.000000,267.01,271.99,262.70,267.00,16524443,4421950976
SZ002594,2021-09-03T00:00:00.000000,267.01,271.00,250.40,254.11,28796413,7420408832
SZ002594,2021-09-06T00:00:00.000000,259.99,279.00,259.00,277.60,39778881,10725519360
SZ002594,2021-09-07T00:00:00.000000,277.60,281.11,273.27,275.95,20763353,5743962112
SZ002594,2021-09-08T00:00:00.000000,277.90,279.28,268.61,269.59,18257806,4971116544
SZ002594,2021-09-09T00:00:00.000000,272.00,279.58,265.80,271.71,21625641,5891876352
SZ002594,2021-09-10T00:00:00.000000,271.71,272.53,262.64,265.61,23875736,6341377536
SZ002594,2021-09-13T00:00:00.000000,268.33,271.98,259.18,261.36,21349179,5623333376
SZ002594,2021-09-14T00:00:00.000000,261.39,276.00,257.06,269.23,35469000,9581432832
SZ002594,2021-09-15T00:00:00.000000,267.89,270.00,260.00,261.15,21880911,5742276608
SZ002594,2021-09-16T00:00:00.000000,261.15,264.77,250.53,251.00,22080971,5613770240
SZ002594,2021-09-17T00:00:00.000000,253.00,257.00,250.49,255.12,13942107,3544731136
SZ002594,2021-09-22T00:00:00.000000,248.00,251.44,244.03,247.20,16341286,4037944320
SZ002594,2021-09-23T00:00:00.000000,253.83,257.52,248.88,249.92,14978418,3773864448
SZ002594,2021-09-24T00:00:00.000000,250.96,257.50,247.00,251.77,15826700,4002973184
SZ002594,2021-09-27T00:00:00.000000,254.00,257.49,246.80,252.50,17999094,4548951040
SZ002594,2021-09-28T00:00:00.000000,251.90,253.82,246.29,246.86,16244438,4060118528
SZ002594,2021-09-29T00:00:00.000000,243.00,244.88,235.00,236.00,24555481,5859195904
SZ002594,2021-09-30T00:00:00.000000,238.20,249.70,237.20,249.51,22503801,5528259584
SZ002594,2021-10-08T00:00:00.000000,257.98,259.98,250.00,253.00,19410395,4939109376
SZ002594,2021-10-11T00:00:00.000000,253.10,263.10,248.00,255.75,21197273,5448306688
SZ002594,2021-10-12T00:00:00.000000,255.00,262.90,253.01,257.01,21165134,5464868352
SZ002594,2021-10-13T00:00:00.000000,257.01,273.60,254.33,271.20,32197810,8631471104
SZ002594,2021-10-14T00:00:00.000000,271.00,275.99,268.14,272.94,17779932,4844828160
SZ002594,2021-10-15T00:00:00.000000,275.00,287.50,271.00,283.33,28784505,8089636864
SZ002594,2021-10-18T00:00:00.000000,284.25,288.63,280.04,285.92,21621378,6155819008
SZ002594,2021-10-19T00:00:00.000000,288.00,294.91,284.00,284.79,19385785,5581983744
SZ002594,2021-10-20T00:00:00.000000,286.00,295.00,285.24,290.60,21704509,6300646912
SZ002594,2021-10-21T00:00:00.000000,291.00,292.60,284.01,287.01,18062575,5184267776
SZ002594,2021-10-22T00:00:00.000000,292.20,301.00,289.00,300.00,33654868,10022899712
SZ002594,2021-10-25T00:00:00.000000,303.11,318.65,302.23,317.35,33518976,10469605376
SZ002594,2021-10-26T00:00:00.000000,330.50,333.33,317.76,319.01,31324434,10148404224
SZ002594,2021-10-27T00:00:00.000000,313.00,326.73,311.28,321.74,21906777,7024365568
SZ002594,2021-10-28T00:00:00.000000,319.61,323.80,305.40,307.98,29826714,9334453248
SZ002594,2021-10-29T00:00:00.000000,305.13,313.76,293.77,311.31,34715958,10585996288
SZ002594,2021-11-01T00:00:00.000000,301.41,308.41,293.82,302.00,28478587,8570609664
SZ002594,2021-11-02T00:00:00.000000,310.00,319.80,307.64,313.88,29008740,9102548992
SZ002594,2021-11-03T00:00:00.000000,313.13,313.85,299.86,303.01,19724814,6017080320
SZ002594,2021-11-04T00:00:00.000000,311.13,329.00,309.03,325.00,34996434,11223981056
SZ002594,2021-11-05T00:00:00.000000,324.00,327.00,313.01,314.00,19418326,6178126336
SZ002594,2021-11-08T00:00:00.000000,308.09,319.61,307.00,315.00,16984947,5344230912
SZ002594,2021-11-09T00:00:00.000000,315.05,329.97,315.05,320.69,20330504,6580787712
SZ002594,2021-11-10T00:00:00.000000,314.00,315.60,301.58,310.26,27487850,8480095744
SZ002594,2021-11-11T00:00:00.000000,313.00,316.99,308.05,311.99,13885150,4327235584
SZ002594,2021-11-12T00:00:00.000000,315.80,316.74,305.50,306.78,14888382,4590558720
SZ002594,2021-11-15T00:00:00.000000,306.78,306.78,290.44,294.94,22537224,6667950080
SZ002594,2021-11-16T00:00:00.000000,294.00,297.69,288.00,293.51,15180848,4462067712
SZ002594,2021-11-17T00:00:00.000000,300.00,303.24,294.00,296.85,16337775,4875748864
SZ002594,2021-11-18T00:00:00.000000,294.80,298.88,290.00,295.40,12909722,3802420992
SZ002594,2021-11-19T00:00:00.000000,295.72,300.00,288.00,296.82,17515864,5144669184
SZ002594,2021-11-22T00:00:00.000000,298.40,311.51,298.20,311.00,28702045,8785850368
SZ002594,2021-11-23T00:00:00.000000,307.88,309.73,303.98,308.48,15036257,4609989120
SZ002594,2021-11-24T00:00:00.000000,305.43,309.60,301.00,303.20,14193817,4319711232
SZ002594,2021-11-25T00:00:00.000000,303.20,304.49,291.30,298.00,17097144,5070667776
SZ002594,2021-11-26T00:00:00.000000,295.00,304.77,294.05,297.66,12249393,3671367424
SZ002594,2021-11-29T00:00:00.000000,291.80,307.07,289.93,304.46,20015675,6053231104
SZ002594,2021-11-30T00:00:00.000000,307.00,308.00,303.00,304.70,13178826,4023809792
SZ002594,2021-12-01T00:00:00.000000,305.20,307.50,300.38,305.32,10827864,3295906048
SZ002594,2021-12-02T00:00:00.000000,305.00,314.06,303.10,308.80,18007211,5567674880
SZ002594,2021-12-03T00:00:00.000000,306.99,309.80,298.86,306.90,21032715,6367075328
SZ002594,2021-12-06T00:00:00.000000,301.00,311.51,300.86,301.75,17880086,5465317888
SZ002594,2021-12-07T00:00:00.000000,306.01,306.35,291.08,294.80,22767860,6727286784
SZ002594,2021-12-08T00:00:00.000000,296.01,301.00,294.50,300.79,15438176,4606774784
SZ002594,2021-12-09T00:00:00.000000,300.00,300.63,297.03,299.50,11295711,3375316224
SZ002594,2021-12-10T00:00:00.000000,295.99,302.03,292.80,301.42,14487273,4325990912
SZ002594,2021-12-13T00:00:00.000000,302.99,303.00,298.00,298.40,14294124,4278869504
SZ002594,2021-12-14T00:00:00.000000,295.50,297.07,291.69,293.40,15711128,4609509888
SZ002594,2021-12-15T00:00:00.000000,293.41,295.50,291.71,293.35,9815036,2877856000
SZ002594,2021-12-16T00:00:00.000000,293.00,293.49,279.00,286.20,27866516,7928142336
SZ002594,2021-12-17T00:00:00.000000,284.00,285.88,278.61,278.98,15111815,4240478208
SZ002594,2021-12-20T00:00:00.000000,279.23,281.47,268.28,270.50,21784503,5964658176
SZ002594,2021-12-21T00:00:00.000000,270.50,276.78,269.41,276.21,14965305,4098708736
SZ002594,2021-12-22T00:00:00.000000,280.01,285.18,277.01,279.22,14444230,4061024256
SZ002594,2021-12-23T00:00:00.000000,282.03,284.90,277.16,279.99,12302134,3451820032
SZ002594,2021-12-24T00:00:00.000000,281.98,282.00,264.96,270.00,20996881,5675961344
SZ002594,2021-12-27T00:00:00.000000,269.00,271.54,266.00,267.03,10718995,2874395648
SZ002594,2021-12-28T00:00:00.000000,268.15,271.00,266.21,270.85,11854284,3183321088
SZ002594,2021-12-29T00:00:00.000000,272.15,272.22,263.00,269.00,14160304,3783958016
SZ002594,2021-12-30T00:00:00.000000,268.00,272.98,266.00,267.13,11732673,3158736128
SZ002594,2021-12-31T00:00:00.000000,273.00,274.19,267.00,268.12,11629197,3136714752
SZ002594,2022-01-04T00:00:00.000000,276.00,279.45,265.22,271.00,24466089,6673692672
SZ002594,2022-01-05T00:00:00.000000,264.55,266.48,251.72,253.26,30170891,7725244416
SZ002594,2022-01-06T00:00:00.000000,250.00,254.53,247.89,250.02,17590784,4396413440
SZ002594,2022-01-07T00:00:00.000000,251.80,252.96,245.00,246.50,16193355,4009535488
SZ002594,2022-01-10T00:00:00.000000,245.00,249.47,239.03,246.30,16214182,3964485376
SZ002594,2022-01-11T00:00:00.000000,246.28,246.28,237.80,239.09,21244147,5100240896
SZ002594,2022-01-12T00:00:00.000000,246.00,256.00,244.31,256.00,32360224,8103335936
SZ002594,2022-01-13T00:00:00.000000,257.74,258.56,248.61,255.31,21710390,5516666368
SZ002594,2022-01-14T00:00:00.000000,250.80,257.30,250.00,253.14,14954815,3798549504
SZ002594,2022-01-17T00:00:00.000000,253.02,267.49,253.02,266.49,24114466,6349271040
SZ002594,2022-01-18T00:00:00.000000,266.41,268.96,262.30,266.08,12505443,3325099776
SZ002594,2022-01-19T00:00:00.000000,265.95,267.88,250.31,252.97,23188180,5960665088
SZ002594,2022-01-20T00:00:00.000000,252.10,253.71,247.00,251.07,14998647,3759819264
SZ002594,2022-01-21T00:00:00.000000,251.08,255.74,246.33,250.40,11239432,2822719744
SZ002594,2022-01-24T00:00:00.000000,246.08,252.88,244.27,251.40,10837686,2706367232
SZ002594,2022-01-25T00:00:00.000000,248.00,251.00,240.00,240.31,17277223,4222849024
SZ002594,2022-01-26T00:00:00.000000,245.00,251.38,242.31,249.49,17444584,4321964032
SZ002594,2022-01-27T00:00:00.000000,247.00,249.30,241.00,241.27,13264963,3242987776
SZ002594,2022-01-28T00:00:00.000000,239.98,242.00,219.76,226.80,32437311,7392709632
SZ002594,2022-02-07T00:00:00.000000,240.79,249.28,238.01,244.40,25112453,6117950464
SZ002594,2022-02-08T00:00:00.000000,243.00,243.00,230.64,236.97,19903953,4669048832
SZ002594,2022-02-09T00:00:00.000000,239.05,246.40,235.03,245.18,19992864,4854529024
SZ002594,2022-02-10T00:00:00.000000,246.77,248.00,238.10,240.12,14628460,3521519872
SZ002594,2022-02-11T00:00:00.000000,236.05,240.12,228.50,230.19,19943926,4646312960
SZ002594,2022-02-14T00:00:00.000000,230.20,235.00,225.00,231.98,13319949,3079221504
SZ002594,2022-02-15T00:00:00.000000,232.18,239.96,232.18,238.31,15852428,3757722112
SZ002594,2022-02-16T00:00:00.000000,242.00,244.99,240.39,240.60,12872491,3117890816
SZ002594,2022-02-17T00:00:00.000000,242.24,248.74,239.00,245.41,19106386,4670631936
SZ002594,2022-02-18T00:00:00.000000,241.00,245.39,240.00,242.96,9910466,2407158528
SZ002594,2022-02-21T00:00:00.000000,241.00,245.80,239.64,241.89,10953804,2657588992
SZ002594,2022-02-22T00:00:00.000000,239.00,239.00,234.30,237.45,12545211,2966441472
SZ002594,2022-02-23T00:00:00.000000,241.90,252.52,239.01,252.00,29114890,7232161792
SZ002594,2022-02-24T00:00:00.000000,248.11,251.78,241.58,244.86,23821988,5865805824
SZ002594,2022-02-25T00:00:00.000000,249.90,252.38,247.83,247.84,14601353,3646918912
SZ002594,2022-02-28T00:00:00.000000,246.90,250.19,246.00,249.60,11829090,2936223744
SZ002594,2022-03-01T00:00:00.000000,255.00,256.61,249.25,251.78,17651958,4476715008
SZ002594,2022-03-02T00:00:00.000000,249.00,249.36,243.96,248.60,12124247,2998567680
SZ002594,2022-03-03T00:00:00.000000,249.52,250.86,244.00,245.21,9963340,2449485312
SZ002594,2022-03-04T00:00:00.000000,237.31,241.86,230.00,233.80,29170634,6857430528
SZ002594,2022-03-07T00:00:00.000000,226.89,227.69,220.02,223.61,23612920,5286035968
SZ002594,2022-03-08T00:00:00.000000,221.08,225.49,210.00,216.19,29149934,6317187584
SZ002594,2022-03-09T00:00:00.000000,217.00,223.60,210.00,223.59,25113522,5484773888
SZ002594,2022-03-10T00:00:00.000000,232.91,233.43,229.00,229.10,24834283,5744788992
SZ002594,2022-03-11T00:00:00.000000,222.00,231.79,220.02,229.85,18611604,4186646016
SZ002594,2022-03-14T00:00:00.000000,225.00,225.00,219.00,219.00,15084061,3336922880
SZ002594,2022-03-15T00:00:00.000000,211.13,222.00,209.43,212.80,19820362,4269341952
SZ002594,2022-03-16T00:00:00.000000,221.00,230.00,214.20,229.43,33376627,7432043520
SZ002594,2022-03-17T00:00:00.000000,240.38,240.88,234.66,234.90,31584430,7518685184
SZ002594,2022-03-18T00:00:00.000000,234.90,238.87,232.05,234.50,15054856,3530653184
SZ002594,2022-03-21T00:00:00.000000,240.00,248.87,238.17,245.38,27917768,6829415424
SZ002594,2022-03-22T00:00:00.000000,245.00,247.40,242.02,244.80,11507907,2815900928
SZ002594,2022-03-23T00:00:00.000000,250.00,251.00,246.27,247.17,14850096,3696654336
SZ002594,2022-03-24T00:00:00.000000,243.70,250.00,242.40,247.08,11368127,2794432768
SZ002594,2022-03-25T00:00:00.000000,247.10,248.96,234.01,235.31,20802373,4984988672
SZ002594,2022-03-28T00:00:00.000000,234.90,234.90,228.88,230.40,14310354,3306510592
SZ002594,2022-03-29T00:00:00.000000,232.92,236.50,228.80,231.00,13858731,3224438272
SZ002594,2022-03-30T00:00:00.000000,227.00,237.02,222.22,237.02,25125996,5807876608
SZ002594,2022-03-31T00:00:00.000000,234.21,235.00,226.89,229.80,16173143,3721363200
SZ002594,2022-04-01T00:00:00.000000,226.79,239.56,226.60,235.96,18294805,4301758464
SZ002594,2022-04-06T00:00:00.000000,245.00,246.00,239.61,241.90,20529330,4976485376
SZ002594,2022-04-07T00:00:00.000000,240.00,245.30,239.01,240.00,12269953,2964659968
SZ002594,2022-04-08T00:00:00.000000,240.01,246.50,239.10,243.98,17171897,4185742848
SZ002594,2022-04-11T00:00:00.000000,240.00,241.48,229.50,233.00,19307007,4519392768
SZ002594,2022-04-12T00:00:00.000000,232.00,238.56,231.20,238.16,12888867,3034073600
SZ002594,2022-04-13T00:00:00.000000,235.02,241.95,233.01,237.00,10967251,2614119680
SZ002594,2022-04-14T00:00:00.000000,242.00,244.99,240.87,241.29,13163750,3198011136
SZ002594,2022-04-15T00:00:00.000000,238.50,240.00,232.75,236.20,12923931,3049510912
SZ002594,2022-04-18T00:00:00.000000,234.79,241.00,230.00,239.10,11059238,2613800704
SZ002594,2022-04-19T00:00:00.000000,243.16,250.90,243.13,244.86,20778154,5140377600
SZ002594,2022-04-20T00:00:00.000000,247.66,248.33,240.86,241.78,13078093,3187144192
SZ002594,2022-04-21T00:00:00.000000,237.77,240.77,232.10,234.04,15404876,3625535232
SZ002594,2022-04-22T00:00:00.000000,230.01,235.66,229.06,235.40,10816219,2522974976
SZ002594,2022-04-25T00:00:00.000000,230.00,236.44,226.62,227.50,16188917,3741670656
SZ002594,2022-04-26T00:00:00.000000,228.99,235.85,228.43,231.81,15817620,3670084864
SZ002594,2022-04-27T00:00:00.000000,226.61,235.81,218.81,235.01,25434167,5794106368
SZ002594,2022-04-28T00:00:00.000000,234.60,235.50,230.00,231.98,14637213,3405250048
SZ002594,2022-04-29T00:00:00.000000,233.80,243.83,230.75,243.00,24816310,5912448512
SZ002594,2022-05-05T00:00:00.000000,246.20,252.39,241.77,248.80,25325879,6282897408
SZ002594,2022-05-06T00:00:00.000000,241.02,246.00,240.10,242.08,14548866,3530097152
SZ002594,2022-05-09T00:00:00.000000,231.00,236.89,231.00,232.73,17511635,4086614016
SZ002594,2022-05-10T00:00:00.000000,224.10,233.66,222.28,233.33,20969664,4792958464
SZ002594,2022-05-11T00:00:00.000000,232.00,256.66,231.50,252.70,45952571,11482476544
SZ002594,2022-05-12T00:00:00.000000,249.99,257.70,248.71,254.09,24115606,6107994624
SZ002594,2022-05-13T00:00:00.000000,259.80,271.50,255.91,270.08,36712061,9733352448
SZ002594,2022-05-16T00:00:00.000000,271.11,273.00,265.30,267.12,20236880,5441551360
SZ002594,2022-05-17T00:00:00.000000,268.98,285.00,268.50,282.50,29348903,8193618944
SZ002594,2022-05-18T00:00:00.000000,282.50,288.00,279.00,281.42,20530270,5812000768
SZ002594,2022-05-19T00:00:00.000000,275.31,285.35,274.30,284.51,17363651,4879756288
SZ002594,2022-05-20T00:00:00.000000,287.01,291.61,281.20,287.70,17868336,5125699584
SZ002594,2022-05-23T00:00:00.000000,292.70,298.00,287.81,295.20,25558816,7496178176
SZ002594,2022-05-24T00:00:00.000000,290.00,292.96,281.00,281.00,29049653,8303003648
SZ002594,2022-05-25T00:00:00.000000,281.26,288.65,278.03,287.20,23085773,6563211776
SZ002594,2022-05-26T00:00:00.000000,287.37,291.22,282.50,286.64,14309499,4106312192
SZ002594,2022-05-27T00:00:00.000000,292.95,297.61,286.65,288.88,15318685,4467796480
SZ002594,2022-05-30T00:00:00.000000,292.00,299.70,291.08,298.12,21852350,6485731840
SZ002594,2022-05-31T00:00:00.000000,300.00,300.96,293.51,295.91,17701119,5242211328
SZ002594,2022-06-01T00:00:00.000000,298.00,304.80,293.12,299.98,21691175,6501902336
SZ002594,2022-06-02T00:00:00.000000,296.00,305.00,295.22,301.02,17772777,5355773440
SZ002594,2022-06-06T00:00:00.000000,304.00,320.47,302.55,318.23,29475729,9260502016
SZ002594,2022-06-07T00:00:00.000000,318.00,319.87,311.11,314.89,20022089,6296538112
SZ002594,2022-06-08T00:00:00.000000,318.60,328.06,313.01,327.41,29051340,9321932800
SZ002594,2022-06-09T00:00:00.000000,334.03,334.80,321.00,322.41,30754172,10050640896
SZ002594,2022-06-10T00:00:00.000000,321.50,350.00,321.06,348.80,43824900,14790622208
SZ002594,2022-06-13T00:00:00.000000,346.00,358.86,340.60,348.80,36068132,12573534208
SZ002594,2022-06-14T00:00:00.000000,342.00,344.79,327.23,343.59,40478934,13634616320
SZ002594,2022-06-15T00:00:00.000000,343.97,346.23,332.52,335.00,30394787,10285857792
SZ002594,2022-06-16T00:00:00.000000,335.50,342.70,333.41,336.00,19017245,6410739712
SZ002594,2022-06-17T00:00:00.000000,330.10,341.20,327.07,338.00,26214759,8830738432
SZ002594,2022-06-20T00:00:00.000000,338.08,348.66,335.02,342.18,24541557,8405361664
SZ002594,2022-06-21T00:00:00.000000,339.76,341.80,332.20,341.00,19782739,6666969600
SZ002594,2022-06-22T00:00:00.000000,342.42,347.63,338.00,339.88,18678783,6412051968
SZ002594,2022-06-23T00:00:00.000000,344.70,354.05,338.00,353.50,32314226,11251775488
SZ002594,2022-06-24T00:00:00.000000,352.99,356.28,346.01,351.05,23598355,8273168384
SZ002594,2022-06-27T00:00:00.000000,352.07,357.00,348.33,349.69,21715524,7630684672
SZ002594,2022-06-28T00:00:00.000000,347.00,358.80,342.71,352.90,26963471,9447959552
SZ002594,2022-06-29T00:00:00.000000,349.99,350.00,331.49,331.61,36114602,12246017024
SZ002594,2022-06-30T00:00:00.000000,331.00,339.35,330.00,333.49,22014478,7372602880
SZ002594,2022-07-01T00:00:00.000000,332.18,333.00,320.10,329.20,23411263,7658689536
SZ002594,2022-07-04T00:00:00.000000,332.00,338.21,330.20,336.16,20951206,7020823552
SZ002594,2022-07-05T00:00:00.000000,337.00,340.60,329.59,333.89,17375703,5819208192
SZ002594,2022-07-06T00:00:00.000000,333.80,340.60,331.99,336.10,18343420,6179119616
SZ002594,2022-07-07T00:00:00.000000,337.70,351.95,333.37,349.38,30464874,10511816704
SZ002594,2022-07-08T00:00:00.000000,349.38,351.88,338.00,338.00,19047757,6547699200
SZ002594,2022-07-11T00:00:00.000000,335.88,335.88,318.88,324.30,25431744,8284856832
SZ002594,2022-07-12T00:00:00.000000,320.00,321.00,300.08,309.00,45051469,13935271936
SZ002594,2022-07-13T00:00:00.000000,309.00,313.84,296.77,309.88,34106695,10439433216
SZ002594,2022-07-14T00:00:00.000000,308.91,323.00,307.00,323.00,27248936,8631732224
SZ002594,2022-07-15T00:00:00.000000,335.00,349.89,333.00,338.19,44450784,15284698112
SZ002594,2022-07-18T00:00:00.000000,345.00,346.00,328.00,337.10,23891156,8007559680
SZ002594,2022-07-19T00:00:00.000000,337.10,337.10,327.62,331.10,15818025,5239778304
SZ002594,2022-07-20T00:00:00.000000,332.98,333.86,329.08,331.70,10326348,3425067008
SZ002594,2022-07-21T00:00:00.000000,329.00,331.00,322.94,324.50,13200328,4303073792
SZ002594,2022-07-22T00:00:00.000000,326.01,334.66,326.00,329.62,14177374,4687025152
SZ002594,2022-07-25T00:00:00.000000,326.00,327.00,320.00,322.95,11501710,3705167360
SZ002594,2022-07-26T00:00:00.000000,322.48,327.68,320.00,325.00,10765616,3493834496
SZ002594,2022-07-27T00:00:00.000000,324.00,329.80,321.01,325.80,9105572,2961812224
SZ002594,2022-07-28T00:00:00.000000,329.02,331.45,324.00,325.43,10906517,3572559104
SZ002594,2022-07-29T00:00:00.000000,323.00,327.80,317.96,320.36,11485364,3695131392
SZ002594,2022-08-01T00:00:00.000000,317.98,332.08,316.32,330.54,18758376,6141512192
SZ002594,2022-08-02T00:00:00.000000,324.90,330.48,321.30,326.60,15664266,5110091264
SZ002594,2022-08-03T00:00:00.000000,326.70,334.85,318.89,321.99,18872311,6197191168
SZ002594,2022-08-04T00:00:00.000000,328.00,331.47,322.10,326.80,18663677,6098859008
SZ002594,2022-08-05T00:00:00.000000,330.00,331.89,318.28,324.49,15756385,5115620352
SZ002594,2022-08-08T00:00:00.000000,322.11,324.90,319.00,321.35,12948786,4158491904
SZ002594,2022-08-09T00:00:00.000000,321.18,323.80,318.15,319.72,11610661,3719885568
SZ002594,2022-08-10T00:00:00.000000,319.70,319.70,305.00,308.35,25849901,7998810624
SZ002594,2022-08-11T00:00:00.000000,311.43,315.89,305.60,315.02,16544481,5159742976
SZ002594,2022-08-12T00:00:00.000000,315.02,316.28,310.00,311.93,10133763,3165436416
SZ002594,2022-08-15T00:00:00.000000,312.20,319.23,311.22,315.21,13511926,4265356032
SZ002594,2022-08-16T00:00:00.000000,315.80,321.89,315.50,318.92,15724331,5029761536
SZ002594,2022-08-17T00:00:00.000000,319.99,329.60,316.72,327.93,21087113,6808620032
SZ002594,2022-08-18T00:00:00.000000,327.00,330.00,323.84,326.04,14279044,4659424768
SZ002594,2022-08-19T00:00:00.000000,325.03,327.44,317.00,319.39,12428923,3993178368
SZ002594,2022-08-22T00:00:00.000000,316.00,326.09,312.22,323.09,14766765,4747212800
SZ002594,2022-08-23T00:00:00.000000,324.00,325.55,318.98,321.61,9299975,2989844224
SZ002594,2022-08-24T00:00:00.000000,321.68,322.96,309.30,309.50,18678283,5854016000
SZ002594,2022-08-25T00:00:00.000000,309.56,311.08,302.66,309.58,14022073,4308297728
SZ002594,2022-08-26T00:00:00.000000,312.99,317.93,310.00,315.73,12212655,3849213696
SZ002594,2022-08-29T00:00:00.000000,313.67,316.87,311.49,313.55,8591166,2696123136
SZ002594,2022-08-30T00:00:00.000000,315.50,318.50,310.00,310.85,11024737,3454778624
SZ002594,2022-08-31T00:00:00.000000,291.00,296.60,284.00,287.98,40805974,11841918976
SZ002594,2022-09-01T00:00:00.000000,285.00,294.60,284.03,286.70,19258233,5566419968
SZ002594,2022-09-02T00:00:00.000000,288.70,289.60,278.10,282.00,16166192,4561284608
SZ002594,2022-09-05T00:00:00.000000,269.00,270.88,261.10,268.76,35120827,9364600832
SZ002594,2022-09-06T00:00:00.000000,268.77,274.45,267.21,272.94,18990284,5154529280
SZ002594,2022-09-07T00:00:00.000000,272.00,285.05,270.60,282.70,19087317,5345728000
SZ002594,2022-09-08T00:00:00.000000,283.00,284.99,277.00,278.26,11642911,3267426048
SZ002594,2022-09-09T00:00:00.000000,280.99,281.49,276.99,279.70,7609826,2125233664
SZ002594,2022-09-13T00:00:00.000000,282.00,286.69,279.37,284.80,11152411,3162351104
SZ002594,2022-09-14T00:00:00.000000,282.00,283.80,276.26,278.33,10515106,2935617024
SZ002594,2022-09-15T00:00:00.000000,280.00,280.50,266.91,269.50,15239523,4126260480
SZ002594,2022-09-16T00:00:00.000000,268.00,271.45,264.36,265.98,10447636,2797971968
SZ002594,2022-09-19T00:00:00.000000,268.00,273.90,266.68,270.35,11094999,3006108160
SZ002594,2022-09-20T00:00:00.000000,273.80,277.49,272.01,274.21,11124502,3058894080
SZ002594,2022-09-21T00:00:00.000000,271.80,272.61,267.00,270.00,8375363,2258898432
SZ002594,2022-09-22T00:00:00.000000,267.49,269.38,261.30,268.55,9279950,2468839424
SZ002594,2022-09-23T00:00:00.000000,267.09,269.77,264.28,266.40,7964412,2125444096
SZ002594,2022-09-26T00:00:00.000000,266.40,276.00,263.58,272.95,14360640,3911414016
SZ002594,2022-09-27T00:00:00.000000,272.96,274.83,270.06,273.96,8309593,2262822656
SZ002594,2022-09-28T00:00:00.000000,273.00,273.00,265.50,265.62,8562018,2293531392
SZ002594,2022-09-29T00:00:00.000000,270.00,271.80,264.00,264.57,8835668,2355802880
SZ002594,2022-09-30T00:00:00.000000,263.00,263.55,249.00,252.01,21403588,5421385216
SZ002594,2022-10-10T00:00:00.000000,252.27,256.40,249.44,251.20,11747850,2967008000
SZ002594,2022-10-11T00:00:00.000000,252.00,257.38,249.33,255.01,13282039,3370370048
SZ002594,2022-10-12T00:00:00.000000,254.00,263.25,249.95,262.34,14487143,3708582144
SZ002594,2022-10-13T00:00:00.000000,260.00,263.00,258.08,258.18,9618660,2497933056
SZ002594,2022-10-14T00:00:00.000000,262.08,269.10,259.95,264.54,14569451,3854443008
SZ002594,2022-10-17T00:00:00.000000,263.00,263.00,256.69,260.66,10967836,2842978560
SZ002594,2022-10-18T00:00:00.000000,279.00,279.00,272.50,273.67,24414179,6717206528
SZ002594,2022-10-19T00:00:00.000000,273.67,276.44,266.88,267.50,13400403,3642369280
SZ002594,2022-10-20T00:00:00.000000,264.00,265.58,257.40,263.51,12841678,3355270144
SZ002594,2022-10-21T00:00:00.000000,263.52,270.88,262.01,266.30,10478554,2794657536
SZ002594,2022-10-24T00:00:00.000000,264.90,266.31,253.57,255.57,16741256,4324097536
SZ002594,2022-10-25T00:00:00.000000,253.00,260.59,250.03,257.91,11324267,2897739520
SZ002594,2022-10-26T00:00:00.000000,260.00,264.04,255.29,257.87,12641527,3279130624
SZ002594,2022-10-27T00:00:00.000000,258.99,260.72,255.00,255.00,9776582,2516239104
SZ002594,2022-10-28T00:00:00.000000,253.00,253.00,235.81,239.89,26316393,6372054016
SZ002594,2022-10-31T00:00:00.000000,237.50,251.00,237.11,246.67,18794233,4625511424
SZ002594,2022-11-01T00:00:00.000000,247.11,262.20,247.00,261.82,21928271,5620272128
SZ002594,2022-11-02T00:00:00.000000,261.00,271.60,258.36,267.56,18731929,4980989952
SZ002594,2022-11-03T00:00:00.000000,265.02,271.76,264.10,267.98,10238397,2747240704
SZ002594,2022-11-04T00:00:00.000000,268.98,283.02,268.00,280.20,22488689,6270505472
SZ002594,2022-11-07T00:00:00.000000,275.00,282.03,272.99,278.88,13584206,3781158400
SZ002594,2022-11-08T00:00:00.000000,279.45,282.60,273.50,276.41,10563449,2925766912
SZ002594,2022-11-09T00:00:00.000000,278.15,278.88,268.64,269.63,11194636,3038705664
SZ002594,2022-11-10T00:00:00.000000,264.63,264.97,255.80,260.26,15549677,4039239936
SZ002594,2022-11-11T00:00:00.000000,270.50,272.97,265.16,268.80,16609959,4467701248
SZ002594,2022-11-14T00:00:00.000000,269.23,272.54,262.76,263.79,11523697,3071390464
SZ002594,2022-11-15T00:00:00.000000,263.99,268.30,260.10,267.00,11284835,2985500672
SZ002594,2022-11-16T00:00:00.000000,265.78,266.60,260.10,261.08,10354941,2719934720
SZ002594,2022-11-17T00:00:00.000000,259.91,259.91,253.58,257.00,11126057,2842104576
SZ002594,2022-11-18T00:00:00.000000,257.77,259.56,253.50,254.68,10118376,2595461632
SZ002594,2022-11-21T00:00:00.000000,252.84,254.60,248.51,254.20,8251507,2082807808
SZ002594,2022-11-22T00:00:00.000000,255.00,255.25,250.00,250.49,8014551,2013576320
SZ002594,2022-11-23T00:00:00.000000,250.49,251.50,247.20,251.50,8846881,2209509376
SZ002594,2022-11-24T00:00:00.000000,253.35,255.00,248.28,249.39,8531406,2137710336
SZ002594,2022-11-25T00:00:00.000000,249.00,249.00,245.00,245.05,8782164,2160628992
SZ002594,2022-11-28T00:00:00.000000,240.00,245.13,237.22,245.11,9910928,2387430912
SZ002594,2022-11-29T00:00:00.000000,246.28,249.68,243.00,248.30,12358078,3051509248
SZ002594,2022-11-30T00:00:00.000000,248.36,260.00,246.48,259.52,21287338,5434244608
SZ002594,2022-12-01T00:00:00.000000,268.00,270.95,264.92,266.66,25798585,6927128576
SZ002594,2022-12-02T00:00:00.000000,264.92,267.57,260.48,262.08,11607538,3062453760
SZ002594,2022-12-05T00:00:00.000000,265.95,267.59,261.90,263.36,10523309,2776465920
SZ002594,2022-12-06T00:00:00.000000,260.55,271.63,260.01,267.60,12300679,3283672576
SZ002594,2022-12-07T00:00:00.000000,267.65,278.28,267.65,273.74,19266593,5284876800
SZ002594,2022-12-08T00:00:00.000000,273.75,275.00,270.87,274.29,9458065,2587392512
SZ002594,2022-12-09T00:00:00.000000,275.48,277.70,271.45,274.70,10099232,2768392960
SZ002594,2022-12-12T00:00:00.000000,271.96,273.47,268.00,269.88,8012821,2168695296
SZ002594,2022-12-13T00:00:00.000000,272.00,275.00,269.50,269.80,6138433,1667300864
SZ002594,2022-12-14T00:00:00.000000,269.41,269.44,263.60,266.40,9436462,2507895808
SZ002594,2022-12-15T00:00:00.000000,266.33,272.28,263.51,271.46,9712345,2610706432
SZ002594,2022-12-16T00:00:00.000000,270.07,271.37,267.55,270.51,5619664,1512400640
SZ002594,2022-12-19T00:00:00.000000,268.99,275.00,265.61,266.50,8403891,2264390144
SZ002594,2022-12-20T00:00:00.000000,265.90,265.90,258.68,261.60,8490821,2218820864
SZ002594,2022-12-21T00:00:00.000000,261.58,262.85,259.60,260.80,4196630,1095313280
SZ002594,2022-12-22T00:00:00.000000,263.00,263.50,258.51,259.19,5920995,1543323264
SZ002594,2022-12-23T00:00:00.000000,256.10,256.40,250.50,252.18,9081868,2294100992
SZ002594,2022-12-26T00:00:00.000000,252.20,263.50,252.19,262.42,9354753,2430254848
SZ002594,2022-12-27T00:00:00.000000,263.46,263.98,259.80,262.12,5553654,1453872000
SZ002594,2022-12-28T00:00:00.000000,257.50,259.20,253.00,254.62,10256378,2612261120
SZ002594,2022-12-29T00:00:00.000000,253.99,258.86,252.13,254.76,7225577,1841122304
SZ002594,2022-12-30T00:00:00.000000,258.50,260.37,256.51,256.97,7488973,1931977344
SZ002594,2023-01-03T00:00:00.000000,256.41,261.92,250.00,260.48,12137430,3108609024
SZ002594,2023-01-04T00:00:00.000000,260.00,260.48,256.50,259.10,7267459,1881537664
SZ002594,2023-01-05T00:00:00.000000,262.52,267.59,261.06,265.08,11893600,3143084288
SZ002594,2023-01-06T00:00:00.000000,267.91,271.20,265.10,266.20,13885523,3726792704
SZ002594,2023-01-09T00:00:00.000000,268.00,268.00,262.29,263.38,11416882,3020383488
SZ002594,2023-01-10T00:00:00.000000,262.05,269.58,257.31,266.59,17351254,4568518656
SZ002594,2023-01-11T00:00:00.000000,264.90,271.00,261.41,268.99,12836375,3429408768
SZ002594,2023-01-12T00:00:00.000000,271.51,284.45,270.70,277.30,22347919,6213489664
SZ002594,2023-01-13T00:00:00.000000,277.41,279.93,275.00,278.58,12841101,3556565504
SZ002594,2023-01-16T00:00:00.000000,278.58,278.77,272.00,273.80,16499989,4536354816
SZ002594,2023-01-17T00:00:00.000000,273.81,274.50,268.93,269.99,11166571,3020382976
SZ002594,2023-01-18T00:00:00.000000,269.85,272.50,266.49,269.00,8610817,2315435008
SZ002594,2023-01-19T00:00:00.000000,267.88,270.85,266.52,270.50,8123863,2185520128
SZ002594,2023-01-20T00:00:00.000000,271.00,271.88,267.02,270.07,10464935,2819530240
SZ002594,2023-01-30T00:00:00.000000,285.00,288.00,281.00,281.99,28185441,8014418432
SZ002594,2023-01-31T00:00:00.000000,285.00,288.80,280.39,285.80,18711017,5339962368
SZ002594,2023-02-01T00:00:00.000000,287.98,304.33,286.14,304.33,27298697,8144001024
SZ002594,2023-02-02T00:00:00.000000,305.87,306.13,299.96,302.62,14802993,4485490176
SZ002594,2023-02-03T00:00:00.000000,299.95,299.95,292.80,295.00,15294828,4517779968
SZ002594,2023-02-06T00:00:00.000000,291.69,291.69,287.61,289.98,10044660,2906251520
SZ002594,2023-02-07T00:00:00.000000,291.99,292.48,287.60,289.00,7683474,2223584256
SZ002594,2023-02-08T00:00:00.000000,289.00,289.00,282.80,285.66,9290144,2653105152
SZ002594,2023-02-09T00:00:00.000000,284.00,288.82,282.30,288.33,9064889,2602093568
SZ002594,2023-02-10T00:00:00.000000,285.88,285.90,280.00,281.86,12970811,3659502336
SZ002594,2023-02-13T00:00:00.000000,279.01,283.29,277.06,282.32,9346144,2628940288
SZ002594,2023-02-14T00:00:00.000000,284.00,284.50,279.10,281.97,7364368,2068766592
SZ002594,2023-02-15T00:00:00.000000,283.00,283.90,278.56,279.00,9083216,2549250816
SZ002594,2023-02-16T00:00:00.000000,280.00,281.79,274.85,277.02,10334815,2883947520
SZ002594,2023-02-17T00:00:00.000000,276.49,278.10,271.28,271.66,10099650,2764372480
SZ002594,2023-02-20T00:00:00.000000,271.59,273.30,267.00,272.80,13070148,3524868352
SZ002594,2023-02-21T00:00:00.000000,272.00,276.56,270.28,274.75,11369006,3115649024
SZ002594,2023-02-22T00:00:00.000000,271.90,272.62,268.90,270.42,8508796,2301668352
SZ002594,2023-02-23T00:00:00.000000,269.90,271.67,268.50,270.44,10035821,2705234176
SZ002594,2023-02-24T00:00:00.000000,269.02,269.88,267.00,267.58,6686761,1790064896
SZ002594,2023-02-27T00:00:00.000000,265.00,265.89,258.00,259.81,16970381,4428435968
SZ002594,2023-02-28T00:00:00.000000,261.00,262.00,257.57,260.80,12033003,3122819328
SZ002594,2023-03-01T00:00:00.000000,260.75,266.54,257.76,265.50,14365761,3781044992
SZ002594,2023-03-02T00:00:00.000000,266.12,268.13,262.00,263.71,11490496,3043464704
SZ002594,2023-03-03T00:00:00.000000,264.99,265.23,262.08,263.79,6398161,1686348672
SZ002594,2023-03-06T00:00:00.000000,264.00,264.63,258.00,264.27,11212447,2932174848
SZ002594,2023-03-07T00:00:00.000000,264.18,266.99,260.50,260.68,10593288,2789608704
SZ002594,2023-03-08T00:00:00.000000,258.50,259.79,255.00,256.99,12089760,3104294400
SZ002594,2023-03-09T00:00:00.000000,256.50,259.83,254.01,256.07,9673143,2481897984
SZ002594,2023-03-10T00:00:00.000000,252.00,253.00,242.30,243.14,28346408,6951755776
SZ002594,2023-03-13T00:00:00.000000,241.72,242.95,237.00,240.49,16734341,4010230528
SZ002594,2023-03-14T00:00:00.000000,240.00,242.50,233.03,239.98,19856816,4715842048
SZ002594,2023-03-15T00:00:00.000000,241.50,242.48,237.41,238.62,12071459,2895736064
SZ002594,2023-03-16T00:00:00.000000,235.00,239.62,234.00,234.79,11837025,2793057536
SZ002594,2023-03-17T00:00:00.000000,236.78,240.98,235.53,237.91,13500262,3213068032
SZ002594,2023-03-20T00:00:00.000000,237.91,239.36,234.60,235.57,8632333,2041533824
SZ002594,2023-03-21T00:00:00.000000,236.89,239.51,234.79,239.51,10887269,2585297152
SZ002594,2023-03-22T00:00:00.000000,242.20,247.58,242.08,243.20,15533932,3800940800
SZ002594,2023-03-23T00:00:00.000000,242.99,245.50,239.50,245.49,9746104,2374450176
SZ002594,2023-03-24T00:00:00.000000,245.50,247.63,243.49,246.02,8101826,1990565376
SZ002594,2023-03-27T00:00:00.000000,245.99,245.99,240.30,243.65,9249536,2246213120
SZ002594,2023-03-28T00:00:00.000000,244.50,245.67,242.40,245.01,8184504,1998797312
SZ002594,2023-03-29T00:00:00.000000,246.55,250.25,246.55,247.70,14430262,3588758272
SZ002594,2023-03-30T00:00:00.000000,250.00,257.20,250.00,257.20,20926722,5317797888
SZ002594,2023-03-31T00:00:00.000000,258.97,260.86,255.00,256.02,16700761,4304295424
SZ002594,2023-04-03T00:00:00.000000,256.00,258.24,252.26,255.92,13369125,3412119552
SZ002594,2023-04-04T00:00:00.000000,255.81,255.81,247.99,250.92,13774433,3448254976
SZ002594,2023-04-06T00:00:00.000000,248.00,250.88,245.68,250.00,8194227,2036216960
SZ002594,2023-04-07T00:00:00.000000,250.05,252.13,248.33,249.28,6872291,1718631424
SZ002594,2023-04-10T00:00:00.000000,249.28,251.20,246.00,251.00,9805791,2436804864
SZ002594,2023-04-11T00:00:00.000000,252.15,254.49,248.60,249.83,8745512,2194591744
SZ002594,2023-04-12T00:00:00.000000,248.80,248.80,243.33,243.40,11232970,2751446272
SZ002594,2023-04-13T00:00:00.000000,240.58,243.00,237.77,242.82,8096464,1952037248
SZ002594,2023-04-14T00:00:00.000000,243.40,247.47,242.99,246.06,10550644,2589957888
SZ002594,2023-04-17T00:00:00.000000,245.00,249.68,244.21,249.44,9039385,2244153600
SZ002594,2023-04-18T00:00:00.000000,250.40,252.18,248.44,249.00,7843220,1961474816
SZ002594,2023-04-19T00:00:00.000000,249.00,253.20,246.09,250.85,11192747,2793037824
SZ002594,2023-04-20T00:00:00.000000,249.93,249.93,245.00,245.02,10030830,2470721536
SZ002594,2023-04-21T00:00:00.000000,244.50,248.95,243.00,243.00,10405248,2553937664
SZ002594,2023-04-24T00:00:00.000000,244.10,258.60,243.18,253.49,26701734,6747607040
SZ002594,2023-04-25T00:00:00.000000,251.00,251.80,242.20,244.30,18741873,4589549568
SZ002594,2023-04-26T00:00:00.000000,243.00,254.54,241.00,251.00,17449204,4353221120
SZ002594,2023-04-27T00:00:00.000000,250.00,258.99,249.55,258.92,24246438,6228404736
SZ002594,2023-04-28T00:00:00.000000,261.47,262.97,254.00,255.86,19194480,4933613056
SZ002594,2023-05-04T00:00:00.000000,255.00,257.61,251.40,252.52,11812427,3002183936
SZ002594,2023-05-05T00:00:00.000000,252.55,253.80,247.95,250.07,10243959,2560075776
SZ002594,2023-05-08T00:00:00.000000,253.00,259.10,252.52,254.03,12162620,3104234496
SZ002594,2023-05-09T00:00:00.000000,250.04,253.36,249.00,250.11,8988483,2253697792
SZ002594,2023-05-10T00:00:00.000000,251.00,262.18,249.20,259.79,25369089,6542224384
SZ002594,2023-05-11T00:00:00.000000,260.77,269.80,258.68,263.75,21423687,5669565952
SZ002594,2023-05-12T00:00:00.000000,266.00,268.25,259.52,260.10,10457353,2750523136
SZ002594,2023-05-15T00:00:00.000000,260.10,266.55,258.70,264.90,13692627,3615695872
SZ002594,2023-05-16T00:00:00.000000,264.39,267.42,263.20,265.13,8163931,2162966784
SZ002594,2023-05-17T00:00:00.000000,264.99,265.80,259.01,261.00,8955605,2336687616
SZ002594,2023-05-18T00:00:00.000000,262.30,263.88,256.56,259.08,10069665,2610927872
SZ002594,2023-05-19T00:00:00.000000,258.18,260.92,256.30,259.18,6010582,1557739648
SZ002594,2023-05-22T00:00:00.000000,260.92,266.00,257.08,265.10,12016521,3160916480
SZ002594,2023-05-23T00:00:00.000000,265.04,266.88,262.93,262.93,9061940,2401159936
SZ002594,2023-05-24T00:00:00.000000,261.60,265.00,259.52,261.91,6809295,1787131264
SZ002594,2023-05-25T00:00:00.000000,261.96,263.85,255.14,255.60,13207895,3413072384
SZ002594,2023-05-26T00:00:00.000000,253.00,253.00,242.80,246.99,18581340,4583194112
SZ002594,2023-05-29T00:00:00.000000,250.00,250.55,242.00,244.93,12472291,3051361280
SZ002594,2023-05-30T00:00:00.000000,245.95,255.00,245.83,252.20,16688058,4201064960
SZ002594,2023-05-31T00:00:00.000000,252.20,254.90,249.65,253.66,11838117,2995495168
SZ002594,2023-06-01T00:00:00.000000,253.66,257.88,253.23,255.45,8673571,2217698816
SZ002594,2023-06-02T00:00:00.000000,257.88,259.59,255.60,259.06,11067975,2854068992
SZ002594,2023-06-05T00:00:00.000000,259.00,259.06,251.67,258.32,10479452,2682476800
SZ002594,2023-06-06T00:00:00.000000,257.95,265.00,256.18,260.88,12898111,3371155456
SZ002594,2023-06-07T00:00:00.000000,262.00,263.44,255.50,256.55,10049028,2598158592
SZ002594,2023-06-08T00:00:00.000000,256.19,258.84,254.47,255.00,6445426,1650438528
SZ002594,2023-06-09T00:00:00.000000,258.80,259.10,252.50,258.00,10748401,2753073920
SZ002594,2023-06-12T00:00:00.000000,256.50,263.00,255.50,260.51,10289121,2682484224
SZ002594,2023-06-13T00:00:00.000000,260.50,262.00,257.13,261.22,8151147,2117925888
SZ002594,2023-06-14T00:00:00.000000,262.68,265.39,261.50,263.00,12577600,3318766848
SZ002594,2023-06-15T00:00:00.000000,263.50,275.01,263.29,271.88,24396107,6622886912
SZ002594,2023-06-16T00:00:00.000000,273.86,275.86,270.00,271.08,15229682,4146755840
SZ002594,2023-06-19T00:00:00.000000,271.08,274.99,267.88,269.21,12356475,3342857472
SZ002594,2023-06-20T00:00:00.000000,269.01,269.20,264.90,268.25,10236616,2734001920
SZ002594,2023-06-21T00:00:00.000000,267.01,273.28,266.25,267.78,10781176,2906861056
SZ002594,2023-06-26T00:00:00.000000,262.43,268.69,262.30,262.89,10151222,2681452544
SZ002594,2023-06-27T00:00:00.000000,262.02,263.85,257.08,260.05,9902865,2570404864
SZ002594,2023-06-28T00:00:00.000000,260.00,262.50,258.10,260.25,5726951,1489543296
SZ002594,2023-06-29T00:00:00.000000,260.25,260.78,255.23,255.70,8348505,2148587008
SZ002594,2023-06-30T00:00:00.000000,254.13,260.00,253.70,258.27,7572436,1952424832
SZ002594,2023-07-03T00:00:00.000000,258.88,269.27,258.88,267.48,16256506,4313305088
SZ002594,2023-07-04T00:00:00.000000,268.50,275.00,266.51,271.50,15712002,4271284224
SZ002594,2023-07-05T00:00:00.000000,271.51,272.48,265.69,267.00,9303313,2493339648
SZ002594,2023-07-06T00:00:00.000000,267.00,272.00,266.80,268.10,8371185,2249759232
SZ002594,2023-07-07T00:00:00.000000,267.00,267.66,264.11,264.40,6219150,1650354304
SZ002594,2023-07-10T00:00:00.000000,267.00,269.50,262.75,263.55,6887762,1824432512
SZ002594,2023-07-11T00:00:00.000000,265.00,270.69,263.80,269.33,10240520,2744333056
SZ002594,2023-07-12T00:00:00.000000,270.50,271.15,264.66,265.61,8703195,2328017152
SZ002594,2023-07-13T00:00:00.000000,267.50,269.50,265.01,267.83,8275301,2213414400
SZ002594,2023-07-14T00:00:00.000000,267.80,267.80,263.50,264.41,10272203,2718639360
SZ002594,2023-07-17T00:00:00.000000,267.00,267.00,262.35,264.49,7892663,2086663808
SZ002594,2023-07-18T00:00:00.000000,265.25,267.57,260.50,265.48,9845648,2603934464
SZ002594,2023-07-19T00:00:00.000000,265.49,265.90,262.74,264.83,5025000,1328126208
SZ002594,2023-07-20T00:00:00.000000,265.50,269.50,264.00,264.95,9127051,2434017280
SZ002594,2023-07-21T00:00:00.000000,264.00,264.80,261.55,264.32,7528703,1979318656
SZ002594,2023-07-24T00:00:00.000000,261.01,262.77,257.49,257.50,9595037,2491708416
SZ002594,2023-07-25T00:00:00.000000,262.68,266.99,262.65,264.59,17388284,4604657664
SZ002594,2023-07-26T00:00:00.000000,263.76,263.76,260.60,262.09,6586488,1723363584
SZ002594,2023-07-27T00:00:00.000000,264.50,265.77,260.80,261.63,11265069,2962230528
SZ002594,2023-07-28T00:00:00.000000,260.00,267.65,258.22,267.00,17330825,4584230912
SZ002594,2023-07-31T00:00:00.000000,270.00,276.58,269.88,272.00,21506016,5874722816
SZ002594,2023-08-01T00:00:00.000000,271.76,272.76,266.50,268.50,12033993,3239067648
SZ002594,2023-08-02T00:00:00.000000,270.70,272.00,266.36,268.00,8739351,2346829312
SZ002594,2023-08-03T00:00:00.000000,267.28,268.48,265.51,268.23,6616988,1766952960
SZ002594,2023-08-04T00:00:00.000000,268.99,270.07,266.65,268.30,8805315,2358257664
SZ002594,2023-08-07T00:00:00.000000,267.93,267.93,265.19,266.99,6420380,1710317696
SZ002594,2023-08-08T00:00:00.000000,265.20,266.50,262.51,263.30,9171188,2419517184
SZ002594,2023-08-09T00:00:00.000000,262.00,263.50,260.23,262.90,7249937,1897124736
SZ002594,2023-08-10T00:00:00.000000,263.00,264.87,260.74,262.70,6001610,1575799680
SZ002594,2023-08-11T00:00:00.000000,262.69,262.70,259.01,259.25,8612528,2242256384
SZ002594,2023-08-14T00:00:00.000000,255.00,256.99,243.49,245.82,25289035,6237439488
SZ002594,2023-08-15T00:00:00.000000,245.82,246.13,241.90,244.54,11502129,2804377856
SZ002594,2023-08-16T00:00:00.000000,243.28,245.50,242.21,244.20,7997936,1953463808
SZ002594,2023-08-17T00:00:00.000000,243.37,246.34,240.40,246.01,8683555,2118628480
SZ002594,2023-08-18T00:00:00.000000,245.56,245.56,240.00,240.29,9846650,2385483776
SZ002594,2023-08-21T00:00:00.000000,239.80,239.88,234.05,234.41,12787920,3022536192
SZ002594,2023-08-22T00:00:00.000000,237.97,238.50,230.90,234.54,11211589,2620973056
SZ002594,2023-08-23T00:00:00.000000,234.54,234.54,230.03,230.09,8123755,1882332032
SZ002594,2023-08-24T00:00:00.000000,231.01,237.00,231.01,234.90,10681059,2501734144
SZ002594,2023-08-25T00:00:00.000000,233.28,234.33,231.50,232.60,6677526,1554436992
SZ002594,2023-08-28T00:00:00.000000,248.00,248.00,234.25,235.53,13352736,3189524736
SZ002594,2023-08-29T00:00:00.000000,236.81,247.50,236.81,246.71,21322346,5201525760
SZ002594,2023-08-30T00:00:00.000000,249.33,251.47,247.84,249.80,15218735,3798606848
SZ002594,2023-08-31T00:00:00.000000,250.51,250.99,248.00,249.40,8873396,2214558976
SZ002594,2023-09-01T00:00:00.000000,253.00,254.47,248.00,249.12,7777183,1949444096
SZ002594,2023-09-04T00:00:00.000000,251.60,253.00,248.88,252.45,9651160,2427791360
SZ002594,2023-09-05T00:00:00.000000,252.20,252.20,248.69,249.03,7457050,1864915968
SZ002594,2023-09-06T00:00:00.000000,250.00,252.30,249.30,250.45,6592856,1653726080
SZ002594,2023-09-07T00:00:00.000000,250.42,250.42,248.11,248.40,6091302,1517662848
SZ002594,2023-09-08T00:00:00.000000,247.01,247.01,242.69,244.05,6763440,1651599232
SZ002594,2023-09-11T00:00:00.000000,243.70,248.50,242.20,247.01,7651344,1876707072
SZ002594,2023-09-12T00:00:00.000000,248.70,253.37,247.10,251.99,11953240,3004363264
SZ002594,2023-09-13T00:00:00.000000,252.00,254.28,250.40,251.55,9147897,2305292032
SZ002594,2023-09-14T00:00:00.000000,246.80,246.95,242.00,243.63,15258025,3722930944
SZ002594,2023-09-15T00:00:00.000000,244.00,246.84,241.51,244.29,8225595,2010812288
SZ002594,2023-09-18T00:00:00.000000,244.50,251.20,244.29,247.38,9640522,2395846400
SZ002594,2023-09-19T00:00:00.000000,246.00,248.28,243.80,247.17,6239693,1533948928
SZ002594,2023-09-20T00:00:00.000000,245.00,246.28,244.00,244.00,5449710,1332673920
SZ002594,2023-09-21T00:00:00.000000,243.00,243.87,238.55,239.68,9296462,2232606208
SZ002594,2023-09-22T00:00:00.000000,239.52,245.66,238.50,245.05,9676396,2356419328
SZ002594,2023-09-25T00:00:00.000000,246.83,246.98,244.35,245.80,6478680,1592828416
SZ002594,2023-09-26T00:00:00.000000,245.00,245.00,238.30,238.50,11846263,2846103808
SZ002594,2023-09-27T00:00:00.000000,239.11,242.22,237.79,237.83,7573367,1808518912
SZ002594,2023-09-28T00:00:00.000000,238.80,239.50,236.05,236.70,8525768,2022931200
SZ002594,2023-10-09T00:00:00.000000,236.70,238.51,229.66,237.97,9179071,2162900224
SZ002594,2023-10-10T00:00:00.000000,237.96,240.02,237.00,237.91,6393661,1524841088
SZ002594,2023-10-11T00:00:00.000000,241.96,242.50,238.00,238.59,7668373,1838353024
SZ002594,2023-10-12T00:00:00.000000,240.40,245.50,239.00,244.45,13934094,3391600128
SZ002594,2023-10-13T00:00:00.000000,241.90,242.77,239.80,240.36,6644523,1598611968
SZ002594,2023-10-16T00:00:00.000000,240.40,241.08,236.50,237.51,6602221,1573224704
SZ002594,2023-10-17T00:00:00.000000,237.52,239.99,236.50,238.00,4916359,1169236096
SZ002594,2023-10-18T00:00:00.000000,245.60,251.00,244.00,249.07,30786284,7646061568
SZ002594,2023-10-19T00:00:00.000000,246.95,247.97,240.34,240.60,14775328,3595894528
SZ002594,2023-10-20T00:00:00.000000,240.00,241.80,238.21,239.20,8565861,2050294912
SZ002594,2023-10-23T00:00:00.000000,240.00,240.00,236.20,238.65,7353683,1747793920
SZ002594,2023-10-24T00:00:00.000000,239.30,240.50,234.67,235.55,11077892,2614866688
SZ002594,2023-10-25T00:00:00.000000,237.97,240.01,236.22,237.40,8367573,1993861888
SZ002594,2023-10-26T00:00:00.000000,236.06,238.80,235.70,238.61,7319935,1738279552
SZ002594,2023-10-27T00:00:00.000000,238.00,243.50,237.52,241.95,10320556,2490630400
SZ002594,2023-10-30T00:00:00.000000,239.51,244.99,238.70,244.60,11729547,2849732864
SZ002594,2023-10-31T00:00:00.000000,243.50,243.99,237.50,238.54,12720475,3044814848
SZ002594,2023-11-01T00:00:00.000000,238.00,238.00,235.42,236.20,9339042,2206820608
SZ002594,2023-11-02T00:00:00.000000,237.86,237.88,234.80,234.80,8541416,2015702272
SZ002594,2023-11-03T00:00:00.000000,235.51,239.15,234.88,238.65,9067942,2154652416
SZ002594,2023-11-06T00:00:00.000000,240.51,243.43,240.00,242.90,14354786,3472633600
SZ002594,2023-11-07T00:00:00.000000,243.00,244.30,240.51,240.97,9451293,2287202304
SZ002594,2023-11-08T00:00:00.000000,240.36,240.86,239.18,240.00,8012814,1921682176
SZ002594,2023-11-09T00:00:00.000000,240.00,240.75,238.34,239.30,7318274,1750698752
SZ002594,2023-11-10T00:00:00.000000,239.00,239.00,235.66,236.96,8190190,1940054016
SZ002594,2023-11-13T00:00:00.000000,237.88,238.18,235.10,237.12,6973846,1649216000
SZ002594,2023-11-14T00:00:00.000000,237.30,238.20,236.60,237.63,5521655,1310694912
SZ002594,2023-11-15T00:00:00.000000,239.90,240.00,238.30,238.64,7869167,1881360640
SZ002594,2023-11-16T00:00:00.000000,239.80,239.80,237.22,238.30,6169007,1471253120
SZ002594,2023-11-17T00:00:00.000000,237.00,238.59,236.00,236.76,5946229,1408060160
SZ002594,2023-11-20T00:00:00.000000,235.80,236.50,234.58,235.00,7677094,1804923904
SZ002594,2023-11-21T00:00:00.000000,235.69,236.68,233.66,234.20,8238634,1937039104
SZ002594,2023-11-22T00:00:00.000000,233.50,233.50,229.88,230.00,10557108,2440478720
SZ002594,2023-11-23T00:00:00.000000,230.50,231.28,227.12,228.83,10576394,2425947648
SZ002594,2023-11-24T00:00:00.000000,228.80,228.80,215.40,216.85,28065948,6162803712
SZ002594,2023-11-27T00:00:00.000000,212.00,212.00,205.00,208.90,21548087,4487132160
SZ002594,2023-11-28T00:00:00.000000,208.92,211.77,207.01,209.91,12221143,2562912256
SZ002594,2023-11-29T00:00:00.000000,209.88,209.90,201.39,201.98,21924630,4464902144
SZ002594,2023-11-30T00:00:00.000000,201.60,202.73,198.45,199.15,18724215,3745049088
SZ002594,2023-12-01T00:00:00.000000,200.48,200.82,192.81,197.05,19418985,3799477760
SZ002594,2023-12-04T00:00:00.000000,197.05,199.29,193.60,196.39,11761315,2317283584
SZ002594,2023-12-05T00:00:00.000000,197.00,199.96,195.61,196.34,15237247,3021632256
SZ002594,2023-12-06T00:00:00.000000,196.35,201.24,196.00,201.19,17634737,3523669760
SZ002594,2023-12-07T00:00:00.000000,201.19,201.20,197.30,199.45,10316924,2051259520
SZ002594,2023-12-08T00:00:00.000000,199.03,200.36,198.32,198.55,7770019,1547061888
SZ002594,2023-12-11T00:00:00.000000,196.75,199.58,194.64,199.19,10108635,1989856384
SZ002594,2023-12-12T00:00:00.000000,198.18,198.73,196.12,196.33,7979721,1572793728
SZ002594,2023-12-13T00:00:00.000000,195.82,195.82,191.72,191.80,11753492,2270646784
SZ002594,2023-12-14T00:00:00.000000,193.00,196.18,191.11,191.18,9249670,1787086976
SZ002594,2023-12-15T00:00:00.000000,193.08,194.39,191.08,193.28,10184134,1966549120
SZ002594,2023-12-18T00:00:00.000000,191.06,192.50,188.31,189.06,10051147,1906643072
SZ002594,2023-12-19T00:00:00.000000,188.53,188.68,186.16,188.00,7936972,1487629696
SZ002594,2023-12-20T00:00:00.000000,188.33,189.33,184.87,184.88,8492482,1585187712
SZ002594,2023-12-21T00:00:00.000000,183.33,189.98,182.85,189.68,13314943,2494209024
SZ002594,2023-12-22T00:00:00.000000,189.90,195.38,188.04,192.25,11799766,2267509760
SZ002594,2023-12-25T00:00:00.000000,193.00,194.20,190.21,192.18,5376986,1032287296
SZ002594,2023-12-26T00:00:00.000000,192.16,192.16,190.00,191.75,4138033,790091008
SZ002594,2023-12-27T00:00:00.000000,193.00,193.50,190.70,191.45,6136402,1174486144
SZ002594,2023-12-28T00:00:00.000000,191.03,198.66,190.66,198.05,13877780,2722971136
SZ002594,2023-12-29T00:00:00.000000,198.97,199.80,197.15,198.00,8036729,1591969792
SZ002594,2024-01-02T00:00:00.000000,199.61,199.62,192.37,192.60,11392832,2212162304
SZ002594,2024-01-03T00:00:00.000000,192.50,193.87,190.70,193.17,8448596,1624093056
SZ002594,2024-01-04T00:00:00.000000,194.34,194.65,191.10,193.02,8987036,1731882112
SZ002594,2024-01-05T00:00:00.000000,192.47,197.50,191.13,192.68,11240188,2187835648
SZ002594,2024-01-08T00:00:00.000000,192.80,193.66,189.15,189.40,8107839,1543893888
SZ002594,2024-01-09T00:00:00.000000,191.00,196.00,190.20,192.86,11218651,2167747840
SZ002594,2024-01-10T00:00:00.000000,191.70,193.30,189.60,190.29,7141623,1364589184
SZ002594,2024-01-11T00:00:00.000000,190.20,198.70,188.81,196.78,15986174,3120354816
SZ002594,2024-01-12T00:00:00.000000,196.78,198.25,195.29,195.87,8702264,1711086592
SZ002594,2024-01-15T00:00:00.000000,194.72,197.00,192.42,194.61,7021993,1364639744
SZ002594,2024-01-16T00:00:00.000000,193.90,196.55,193.07,195.30,8380860,1633959552
SZ002594,2024-01-17T00:00:00.000000,194.20,194.55,186.80,186.80,16079471,3050944512
SZ002594,2024-01-18T00:00:00.000000,185.65,191.00,184.91,190.48,11459165,2150839552
SZ002594,2024-01-19T00:00:00.000000,189.49,192.96,188.70,189.34,8090516,1540978176
SZ002594,2024-01-22T00:00:00.000000,188.87,191.30,184.56,185.34,13223973,2487370752
SZ002594,2024-01-23T00:00:00.000000,185.00,188.96,184.30,187.85,11072562,2072060544
SZ002594,2024-01-24T00:00:00.000000,189.28,189.85,184.08,188.70,9664121,1805379328
SZ002594,2024-01-25T00:00:00.000000,188.88,190.90,185.66,189.90,13076908,2470818560
SZ002594,2024-01-26T00:00:00.000000,189.00,189.00,185.50,185.86,11585464,2160578304
SZ002594,2024-01-29T00:00:00.000000,185.90,186.00,178.31,178.44,14604252,2647388160
SZ002594,2024-01-30T00:00:00.000000,173.08,175.48,170.30,171.97,19076118,3296016896
SZ002594,2024-01-31T00:00:00.000000,171.09,175.28,170.32,170.73,12536841,2155163648
SZ002594,2024-02-01T00:00:00.000000,170.00,173.00,168.36,170.89,11665074,1996429696
SZ002594,2024-02-02T00:00:00.000000,170.96,171.88,163.01,167.00,14799171,2485326336
SZ002594,2024-02-05T00:00:00.000000,165.00,171.78,162.77,168.00,18621620,3122618368
SZ002594,2024-02-06T00:00:00.000000,166.00,176.11,165.50,175.87,17618975,3054635520
SZ002594,2024-02-07T00:00:00.000000,177.25,183.00,176.10,179.56,16009370,2880398848
SZ002594,2024-02-08T00:00:00.000000,181.49,183.35,180.70,181.17,11924566,2168509184
SZ002594,2024-02-19T00:00:00.000000,183.88,185.35,181.84,183.50,11968707,2192419584
SZ002594,2024-02-20T00:00:00.000000,183.50,183.68,177.00,179.02,11335736,2023820032
SZ002594,2024-02-21T00:00:00.000000,177.10,185.60,176.66,183.00,14769298,2700340992
SZ002594,2024-02-22T00:00:00.000000,182.90,183.64,181.26,182.99,8090613,1476863360
SZ002594,2024-02-23T00:00:00.000000,182.99,183.99,180.83,182.68,9117490,1660682368
SZ002594,2024-02-26T00:00:00.000000,186.00,190.13,185.55,186.00,15546076,2912982272
SZ002594,2024-02-27T00:00:00.000000,187.45,193.93,187.20,193.70,20634265,3958101760
SZ002594,2024-02-28T00:00:00.000000,196.00,196.52,188.00,188.00,16829153,3223632128
SZ002594,2024-02-29T00:00:00.000000,187.01,191.61,186.19,191.20,12236289,2323915776
SZ002594,2024-03-01T00:00:00.000000,190.90,192.98,188.77,192.18,12215828,2336111360
SZ002594,2024-03-04T00:00:00.000000,190.00,191.70,188.10,189.27,12686510,2401200128
SZ002594,2024-03-05T00:00:00.000000,187.50,191.65,185.50,190.82,14962443,2826124032
SZ002594,2024-03-06T00:00:00.000000,190.00,192.98,189.00,191.65,10010040,1914828160
SZ002594,2024-03-07T00:00:00.000000,192.06,193.96,188.80,188.89,10132688,1935953152
SZ002594,2024-03-08T00:00:00.000000,188.30,190.15,187.25,188.09,6714968,1263993344
SZ002594,2024-03-11T00:00:00.000000,188.00,199.90,188.00,198.74,27808046,5440726528
SZ002594,2024-03-12T00:00:00.000000,201.00,206.66,197.77,205.10,24502892,4958824448
SZ002594,2024-03-13T00:00:00.000000,206.92,210.40,205.83,206.36,17781291,3691839488
SZ002594,2024-03-14T00:00:00.000000,208.42,215.36,208.42,212.08,21135219,4497085952
SZ002594,2024-03-15T00:00:00.000000,210.00,211.38,206.18,209.47,14662802,3057950720
SZ002594,2024-03-18T00:00:00.000000,211.85,218.25,211.61,218.03,19698182,4250885888
SZ002594,2024-03-19T00:00:00.000000,218.03,219.85,214.39,216.80,14697268,3194716160
SZ002594,2024-03-20T00:00:00.000000,217.01,220.78,217.01,218.48,9680523,2118610304
SZ002594,2024-03-21T00:00:00.000000,218.92,219.80,217.00,218.95,8866709,1938901120
SZ002594,2024-03-22T00:00:00.000000,218.95,218.97,215.20,216.95,10467161,2266796544
SZ002594,2024-03-25T00:00:00.000000,216.37,217.79,212.85,214.20,9910940,2133902464
SZ002594,2024-03-26T00:00:00.000000,216.00,219.99,215.27,219.60,13134627,2864082688
SZ002594,2024-03-27T00:00:00.000000,219.61,219.70,210.01,211.98,18884898,4058093312
SZ002594,2024-03-28T00:00:00.000000,209.85,211.84,206.01,208.38,15943531,3327175168
SZ002594,2024-03-29T00:00:00.000000,208.43,208.52,201.17,203.06,14138108,2873380608
SZ002594,2024-04-01T00:00:00.000000,203.06,212.98,203.06,212.01,14290927,2995671808
SZ002594,2024-04-02T00:00:00.000000,212.01,217.30,211.80,212.34,10758479,2301699072
SZ002594,2024-04-03T00:00:00.000000,210.50,211.11,207.55,208.16,8363379,1747159168
SZ002594,2024-04-08T00:00:00.000000,207.00,215.00,206.39,212.00,12822718,2722271488
SZ002594,2024-04-09T00:00:00.000000,211.75,214.99,211.35,212.08,8420846,1791256320
SZ002594,2024-04-10T00:00:00.000000,214.30,214.50,210.00,211.84,7241085,1537375488
SZ002594,2024-04-11T00:00:00.000000,209.00,215.44,207.80,212.98,10085395,2130444800
SZ002594,2024-04-12T00:00:00.000000,212.00,217.19,209.54,210.60,11491789,2453371136
SZ002594,2024-04-15T00:00:00.000000,210.00,215.50,209.09,213.62,11333192,2418635264
SZ002594,2024-04-16T00:00:00.000000,212.40,215.35,210.71,211.63,9832304,2090984704
SZ002594,2024-04-17T00:00:00.000000,211.00,213.18,209.60,213.00,9692162,2046775936
SZ002594,2024-04-18T00:00:00.000000,212.00,216.50,209.40,213.60,13399756,2863779584
SZ002594,2024-04-19T00:00:00.000000,212.19,212.87,207.06,210.13,11177043,2342512384
SZ002594,2024-04-22T00:00:00.000000,210.00,211.53,208.10,208.56,6469478,1353616000
SZ002594,2024-04-23T00:00:00.000000,208.55,208.56,203.99,205.04,8729994,1793533824
SZ002594,2024-04-24T00:00:00.000000,206.89,208.80,204.50,207.42,7497892,1546983936
SZ002594,2024-04-25T00:00:00.000000,207.40,211.51,206.62,208.94,9468384,1980120704
SZ002594,2024-04-26T00:00:00.000000,210.00,219.76,210.00,219.37,25345378,5502292480
SZ002594,2024-04-29T00:00:00.000000,221.08,225.40,218.73,221.38,19167593,4256800000
SZ002594,2024-04-30T00:00:00.000000,223.50,224.38,218.50,218.50,11555966,2542063104
SZ002594,2024-05-06T00:00:00.000000,225.00,228.39,223.50,226.30,18677887,4226418432
SZ002594,2024-05-07T00:00:00.000000,226.30,231.99,224.04,229.88,14419048,3301364224
SZ002594,2024-05-08T00:00:00.000000,228.54,228.88,226.00,226.23,9113178,2070673792
SZ002594,2024-05-09T00:00:00.000000,226.30,228.40,226.15,228.15,7900735,1796491136
SZ002594,2024-05-10T00:00:00.000000,227.00,229.52,226.00,227.80,8061330,1833828096
SZ002594,2024-05-13T00:00:00.000000,225.20,227.36,222.58,225.70,8248116,1857506944
SZ002594,2024-05-14T00:00:00.000000,225.71,227.57,224.11,224.91,6261853,1414943488
SZ002594,2024-05-15T00:00:00.000000,224.50,226.00,218.30,219.14,9973351,2204936704
SZ002594,2024-05-16T00:00:00.000000,219.15,219.96,216.61,218.31,8715722,1901165696
SZ002594,2024-05-17T00:00:00.000000,219.39,220.33,217.66,219.59,7148666,1564639104
SZ002594,2024-05-20T00:00:00.000000,218.48,224.00,218.48,222.87,7595857,1688534400
SZ002594,2024-05-21T00:00:00.000000,221.98,221.99,217.42,218.78,8408043,1838619392
SZ002594,2024-05-22T00:00:00.000000,218.19,219.50,215.16,216.92,8839817,1916325760
SZ002594,2024-05-23T00:00:00.000000,215.85,215.85,213.51,214.95,6228723,1336506240
SZ002594,2024-05-24T00:00:00.000000,213.98,214.00,208.80,209.30,10287552,2166851328
SZ002594,2024-05-27T00:00:00.000000,210.00,210.80,206.60,208.35,7604551,1580461952
SZ002594,2024-05-28T00:00:00.000000,208.80,208.91,206.58,207.38,6094646,1265112448
SZ002594,2024-05-29T00:00:00.000000,211.00,226.00,210.99,224.70,30264777,6633165312
SZ002594,2024-05-30T00:00:00.000000,224.42,229.38,223.90,227.86,22379181,5070762496
SZ002594,2024-05-31T00:00:00.000000,228.80,231.60,226.99,229.02,18542984,4264400640
SZ002594,2024-06-03T00:00:00.000000,229.01,240.48,225.99,237.10,27014589,6370453504
SZ002594,2024-06-04T00:00:00.000000,236.90,239.80,235.95,238.15,15742916,3744672000
SZ002594,2024-06-05T00:00:00.000000,238.48,246.30,238.48,240.79,19443395,4732184064
SZ002594,2024-06-06T00:00:00.000000,241.20,243.80,237.50,238.50,17586542,4227834880
SZ002594,2024-06-07T00:00:00.000000,239.03,241.39,232.13,235.50,18259398,4304211456
SZ002594,2024-06-11T00:00:00.000000,234.63,246.00,234.33,244.63,22159693,5386277888
SZ002594,2024-06-12T00:00:00.000000,241.63,247.55,241.63,242.90,18733197,4573252096
SZ002594,2024-06-13T00:00:00.000000,248.80,258.28,248.11,252.99,29251928,7423395328
SZ002594,2024-06-14T00:00:00.000000,251.48,253.93,246.53,253.05,20260976,5066108928
SZ002594,2024-06-17T00:00:00.000000,252.00,259.87,250.87,257.21,20864880,5371512832
SZ002594,2024-06-18T00:00:00.000000,255.60,257.30,253.00,255.64,12878911,3282495488
SZ002594,2024-06-19T00:00:00.000000,256.00,258.00,253.41,254.00,9910811,2529117440
SZ002594,2024-06-20T00:00:00.000000,252.88,253.77,249.30,251.50,11619994,2921099008
SZ002594,2024-06-21T00:00:00.000000,251.99,254.37,247.81,250.67,11633012,2916085504
SZ002594,2024-06-24T00:00:00.000000,250.00,253.98,247.78,249.94,10842302,2719528704
SZ002594,2024-06-25T00:00:00.000000,252.00,258.74,250.36,254.01,19574643,4998561792
SZ002594,2024-06-26T00:00:00.000000,252.00,254.30,249.38,252.72,11191676,2814435328
SZ002594,2024-06-27T00:00:00.000000,251.02,252.36,248.42,249.50,8291084,2074271488
SZ002594,2024-06-28T00:00:00.000000,248.00,252.13,246.88,250.25,9298207,2324520960
SZ002594,2024-07-01T00:00:00.000000,250.25,251.85,242.50,246.80,12927332,3179627776
SZ002594,2024-07-02T00:00:00.000000,246.87,247.70,243.05,243.97,10262737,2515326208
SZ002594,2024-07-03T00:00:00.000000,243.96,245.38,240.00,243.10,9657403,2340645376
SZ002594,2024-07-04T00:00:00.000000,245.00,249.69,244.50,244.63,9919634,2449191936
SZ002594,2024-07-05T00:00:00.000000,243.17,244.50,238.88,242.03,9566478,2308221440
SZ002594,2024-07-08T00:00:00.000000,241.80,248.22,241.18,244.99,10537466,2591239936
SZ002594,2024-07-09T00:00:00.000000,245.20,253.51,241.51,252.60,14076255,3506898688
SZ002594,2024-07-10T00:00:00.000000,252.49,256.53,251.50,252.50,10928256,2767913728
SZ002594,2024-07-11T00:00:00.000000,255.00,256.26,251.68,253.06,10035945,2546645248
SZ002594,2024-07-12T00:00:00.000000,253.52,264.00,251.89,262.62,18886322,4891988480
SZ002594,2024-07-15T00:00:00.000000,262.30,264.80,260.61,261.71,9871552,2590423552
SZ002594,2024-07-16T00:00:00.000000,260.61,262.20,256.35,258.99,11758768,3043326208
SZ002594,2024-07-17T00:00:00.000000,259.00,261.52,256.62,259.51,10519171,2726321408
SZ002594,2024-07-18T00:00:00.000000,257.90,262.90,257.51,261.43,9532204,2487441664
SZ002594,2024-07-19T00:00:00.000000,260.50,266.00,259.74,264.06,13621379,3593320448
SZ002594,2024-07-22T00:00:00.000000,264.10,270.10,264.10,265.61,10074955,2688874240
SZ002594,2024-07-23T00:00:00.000000,264.99,265.41,253.00,253.23,16741049,4318283776
SZ002594,2024-07-24T00:00:00.000000,253.23,255.15,248.49,249.99,11864005,2976544512
SZ002594,2024-07-25T00:00:00.000000,249.97,254.54,247.50,250.39,10110420,2533958400
SZ002594,2024-07-26T00:00:00.000000,252.97,257.63,251.15,254.95,12484165,3180235008
SZ002594,2024-07-29T00:00:00.000000,252.93,253.00,246.58,249.10,7885932,1960649984
SZ002594,2024-07-30T00:00:00.000000,247.59,247.80,241.62,243.91,11039339,2686057472
SZ002594,2024-07-31T00:00:00.000000,242.61,248.02,242.57,247.05,8749003,2153504512
SZ002594,2024-08-01T00:00:00.000000,248.00,248.74,240.00,244.20,10363488,2519341312
SZ002594,2024-08-02T00:00:00.000000,241.99,242.26,234.60,234.78,14567117,3453944576
SZ002594,2024-08-05T00:00:00.000000,230.84,236.67,230.01,231.18,10526835,2457359616
SZ002594,2024-08-06T00:00:00.000000,234.00,234.62,225.98,228.94,12910151,2955783936
SZ002594,2024-08-07T00:00:00.000000,229.04,231.00,226.47,228.95,8202186,1882919936
SZ002594,2024-08-08T00:00:00.000000,227.80,227.80,223.50,226.45,8535741,1925911424
SZ002594,2024-08-09T00:00:00.000000,228.06,235.88,228.04,231.62,11985218,2790790656
SZ002594,2024-08-12T00:00:00.000000,232.01,233.49,229.50,230.40,5377901,1242071552
SZ002594,2024-08-13T00:00:00.000000,230.36,230.39,226.00,228.73,6043650,1378452608
SZ002594,2024-08-14T00:00:00.000000,228.60,228.60,225.20,226.60,5632985,1276584704
SZ002594,2024-08-15T00:00:00.000000,226.57,232.50,224.88,231.49,8854538,2039684352
SZ002594,2024-08-16T00:00:00.000000,232.11,238.32,230.50,235.11,10221858,2406276096
SZ002594,2024-08-19T00:00:00.000000,235.25,238.98,235.01,235.42,7018242,1662452480
SZ002594,2024-08-20T00:00:00.000000,236.00,237.33,233.43,236.48,6248422,1475807616
SZ002594,2024-08-21T00:00:00.000000,234.66,243.13,232.00,241.00,11104338,2658947584
SZ002594,2024-08-22T00:00:00.000000,241.00,242.77,239.62,240.52,6248845,1506260864
SZ002594,2024-08-23T00:00:00.000000,239.80,241.30,238.15,239.34,4978602,1193437056
SZ002594,2024-08-26T00:00:00.000000,239.50,243.00,237.71,239.41,5651342,1354660352
SZ002594,2024-08-27T00:00:00.000000,237.51,241.28,236.50,240.80,5092646,1219257984
SZ002594,2024-08-28T00:00:00.000000,240.27,240.28,232.80,236.85,8904070,2098577152
SZ002594,2024-08-29T00:00:00.000000,233.33,236.50,231.30,234.85,7938487,1858678016
SZ002594,2024-08-30T00:00:00.000000,237.98,251.79,237.26,249.42,19302792,4764660224
SZ002594,2024-09-02T00:00:00.000000,248.02,250.42,241.00,241.10,10113482,2468600832
SZ002594,2024-09-03T00:00:00.000000,240.40,247.45,240.40,247.08,10181990,2497421824
SZ002594,2024-09-04T00:00:00.000000,245.50,251.90,245.44,250.32,10060596,2506778368
SZ002594,2024-09-05T00:00:00.000000,250.00,255.60,249.60,252.85,10012555,2542189312
SZ002594,2024-09-06T00:00:00.000000,252.86,255.10,251.42,251.60,7814152,1982244992
SZ002594,2024-09-09T00:00:00.000000,249.48,253.96,248.58,249.98,7085126,1774845184
SZ002594,2024-09-10T00:00:00.000000,250.00,252.80,248.62,249.65,6124829,1533462784
SZ002594,2024-09-11T00:00:00.000000,250.00,260.60,249.44,258.10,15536148,4001604096
SZ002594,2024-09-12T00:00:00.000000,258.70,260.00,257.00,257.01,7725108,1995755904
SZ002594,2024-09-13T00:00:00.000000,257.20,258.00,254.85,254.99,5699161,1458587904
SZ002594,2024-09-18T00:00:00.000000,255.02,259.33,254.10,258.43,6681981,1715595520
SZ002594,2024-09-19T00:00:00.000000,259.01,259.38,253.30,255.36,9104323,2326365440
SZ002594,2024-09-20T00:00:00.000000,255.38,258.80,252.88,256.10,8989793,2292829696
SZ002594,2024-09-23T00:00:00.000000,255.95,256.96,248.79,250.00,10758273,2712153600
SZ002594,2024-09-24T00:00:00.000000,253.00,255.50,246.76,254.29,15649454,3949080832
SZ002594,2024-09-25T00:00:00.000000,258.00,269.66,257.66,262.80,20571034,5442652160
SZ002594,2024-09-26T00:00:00.000000,264.00,269.70,262.10,269.61,14906641,3960197888
SZ002594,2024-09-27T00:00:00.000000,273.00,291.99,271.50,283.99,30992240,8683448320
SZ002594,2024-09-30T00:00:00.000000,290.00,308.08,290.00,307.31,38880459,11640545280
SZ002594,2024-10-08T00:00:00.000000,338.04,338.04,307.31,327.38,44343939,14484952064
SZ002594,2024-10-09T00:00:00.000000,315.00,320.71,300.50,305.69,32591858,10166970368
SZ002594,2024-10-10T00:00:00.000000,310.00,322.00,309.98,315.89,25016687,7918647296
SZ002594,2024-10-11T00:00:00.000000,314.02,314.02,296.01,300.05,18641849,5671879168
SZ002594,2024-10-14T00:00:00.000000,300.99,309.98,300.20,307.00,17236482,5268100608
SZ002594,2024-10-15T00:00:00.000000,305.50,308.38,298.00,298.00,12214902,3695577344
SZ002594,2024-10-16T00:00:00.000000,293.00,295.98,287.00,289.79,15032187,4362898944
SZ002594,2024-10-17T00:00:00.000000,292.51,297.85,289.12,289.42,10245654,3005198848
SZ002594,2024-10-18T00:00:00.000000,289.45,306.20,288.08,300.30,19109242,5674148352
SZ002594,2024-10-21T00:00:00.000000,303.00,308.60,300.90,306.45,15781602,4819617280
SZ002594,2024-10-22T00:00:00.000000,305.00,310.12,303.00,304.75,10373266,3174859520
SZ002594,2024-10-23T00:00:00.000000,304.75,311.80,302.68,308.88,12669500,3911383552
SZ002594,2024-10-24T00:00:00.000000,308.88,309.97,302.58,303.68,9688514,2959755264
SZ002594,2024-10-25T00:00:00.000000,304.00,311.80,304.00,308.14,13982037,4306245120
SZ002594,2024-10-28T00:00:00.000000,309.00,309.00,301.75,305.10,10932439,3323177984
SZ002594,2024-10-29T00:00:00.000000,309.00,310.28,303.80,305.40,11854561,3635542272
SZ002594,2024-10-30T00:00:00.000000,303.00,307.51,301.50,305.55,10844820,3301164288
SZ002594,2024-10-31T00:00:00.000000,302.01,302.99,293.00,293.19,24085199,7127704576
SZ002594,2024-11-01T00:00:00.000000,293.20,295.60,290.10,290.31,14304086,4174457344
SZ002594,2024-11-04T00:00:00.000000,296.00,308.92,295.61,306.98,21731889,6600399872
SZ002594,2024-11-05T00:00:00.000000,304.06,308.44,300.50,307.50,16781998,5124245504
SZ002594,2024-11-06T00:00:00.000000,308.00,309.75,298.00,300.36,18486120,5611830784
SZ002594,2024-11-07T00:00:00.000000,295.03,301.88,294.00,301.78,15067592,4484369920
SZ002594,2024-11-08T00:00:00.000000,307.12,307.52,297.00,297.90,16671572,5022195712
SZ002594,2024-11-11T00:00:00.000000,295.00,299.47,292.60,299.29,18085930,5349191168
SZ002594,2024-11-12T00:00:00.000000,300.15,310.00,299.31,300.81,24655746,7520312832
SZ002594,2024-11-13T00:00:00.000000,298.00,301.33,295.30,300.57,14511579,4326957568
SZ002594,2024-11-14T00:00:00.000000,300.00,300.30,294.00,294.75,12458290,3690676736
SZ002594,2024-11-15T00:00:00.000000,294.79,295.79,288.02,290.00,15323594,4471450112
SZ002594,2024-11-18T00:00:00.000000,290.01,292.95,286.66,288.68,11620595,3364288768
SZ002594,2024-11-19T00:00:00.000000,288.68,291.48,282.02,287.99,13194669,3785016832
SZ002594,2024-11-20T00:00:00.000000,288.01,290.40,285.50,288.46,10601693,3049973760
SZ002594,2024-11-21T00:00:00.000000,288.47,288.49,284.00,286.00,9553294,2727229952
SZ002594,2024-11-22T00:00:00.000000,285.50,285.86,278.00,278.49,12514178,3529972992
SZ002594,2024-11-25T00:00:00.000000,283.00,289.36,280.89,283.00,17453315,4981714432
SZ002594,2024-11-26T00:00:00.000000,280.00,286.00,277.88,281.01,9520645,2686423296
SZ002594,2024-11-27T00:00:00.000000,279.28,281.00,277.00,281.00,11000281,3068303872
SZ002594,2024-11-28T00:00:00.000000,281.20,281.56,273.00,274.58,15858922,4365778944
SZ002594,2024-11-29T00:00:00.000000,273.00,277.88,272.05,274.83,12800460,3516186112
SZ002594,2024-12-02T00:00:00.000000,276.61,284.00,274.08,282.40,15135721,4255616768
SZ002594,2024-12-03T00:00:00.000000,284.80,285.88,280.58,282.65,9144971,2585319936
SZ002594,2024-12-04T00:00:00.000000,281.34,283.33,278.80,279.98,8501286,2389152000
SZ002594,2024-12-05T00:00:00.000000,277.19,278.48,274.31,275.26,9026771,2486214912
SZ002594,2024-12-06T00:00:00.000000,275.67,281.98,274.01,280.28,12469840,3469413120
SZ002594,2024-12-09T00:00:00.000000,279.23,283.99,277.68,280.49,9215268,2590143488
SZ002594,2024-12-10T00:00:00.000000,293.00,294.00,282.00,282.55,17592915,5057037312
SZ002594,2024-12-11T00:00:00.000000,282.03,283.87,279.40,280.77,9335988,2623997184
SZ002594,2024-12-12T00:00:00.000000,280.10,283.68,278.40,283.68,10013395,2816817920
SZ002594,2024-12-13T00:00:00.000000,281.33,281.62,276.42,276.51,11235863,3130392576
SZ002594,2024-12-16T00:00:00.000000,276.52,278.18,273.58,274.95,7149026,1967314560
SZ002594,2024-12-17T00:00:00.000000,274.92,285.66,273.98,282.80,17568207,4960329728
SZ002594,2024-12-18T00:00:00.000000,283.25,286.88,282.63,284.65,8410638,2397657856
SZ002594,2024-12-19T00:00:00.000000,281.81,286.94,280.00,285.40,8672852,2465377280
SZ002594,2024-12-20T00:00:00.000000,285.01,286.75,280.20,280.20,9670711,2730667008
SZ002594,2024-12-23T00:00:00.000000,280.50,283.29,278.88,280.70,8151596,2291275776
SZ002594,2024-12-24T00:00:00.000000,279.89,288.51,279.13,288.42,14228738,4072070400
SZ002594,2024-12-25T00:00:00.000000,288.73,291.36,285.70,285.92,8339103,2405517056
SZ002594,2024-12-26T00:00:00.000000,285.92,286.80,284.00,284.86,6760455,1928774400
SZ002594,2024-12-27T00:00:00.000000,286.80,287.55,283.00,286.28,7868319,2249658112
SZ002594,2024-12-30T00:00:00.000000,287.20,289.50,283.33,284.99,8294681,2371257344
SZ002594,2024-12-31T00:00:00.000000,285.00,286.50,282.00,282.66,7761976,2201903360
SZ002594,2025-01-02T00:00:00.000000,283.00,283.08,269.42,271.10,16878404,4624073728
SZ002594,2025-01-03T00:00:00.000000,271.50,274.59,268.24,270.73,9936476,2693072128
SZ002594,2025-01-06T00:00:00.000000,271.94,273.89,269.03,271.28,8244683,2236590080
SZ002594,2025-01-07T00:00:00.000000,271.28,277.73,267.50,274.03,9572218,2627167232
SZ002594,2025-01-08T00:00:00.000000,272.99,273.99,265.81,269.18,10908247,2933447168
SZ002594,2025-01-09T00:00:00.000000,269.00,271.70,266.66,269.39,6561288,1766873728
SZ002594,2025-01-10T00:00:00.000000,269.00,270.39,264.78,266.02,8054821,2147363072
SZ002594,2025-01-13T00:00:00.000000,263.00,268.47,262.21,266.00,6721375,1787448704
SZ002594,2025-01-14T00:00:00.000000,266.34,277.15,266.01,276.30,12578973,3438827520
SZ002594,2025-01-15T00:00:00.000000,276.20,277.31,274.50,274.69,6233583,1718769152
SZ002594,2025-01-16T00:00:00.000000,274.70,277.33,270.53,272.76,7257175,1984685696
SZ002594,2025-01-17T00:00:00.000000,273.52,279.20,272.48,276.60,8614153,2376770816
SZ002594,2025-01-20T00:00:00.000000,279.00,286.43,278.92,284.43,13579709,3863727360
SZ002594,2025-01-21T00:00:00.000000,285.00,287.43,283.00,286.05,7644144,2184132864
SZ002594,2025-01-22T00:00:00.000000,285.00,286.30,279.80,282.50,8105689,2287303680
SZ002594,2025-01-23T00:00:00.000000,284.98,285.00,277.00,277.11,9617392,2690601216
SZ002594,2025-01-24T00:00:00.000000,276.51,280.50,276.00,279.08,6814367,1898979200
SZ002594,2025-01-27T00:00:00.000000,279.09,280.12,274.50,274.50,6340768,1755529344
SZ002594,2025-02-05T00:00:00.000000,282.73,286.75,281.60,282.80,14535090,4128876800
SZ002594,2025-02-06T00:00:00.000000,282.81,311.08,282.45,311.08,38145868,11416508416
SZ002594,2025-02-07T00:00:00.000000,320.00,330.00,314.00,326.90,48707526,15691988992
SZ002594,2025-02-10T00:00:00.000000,326.91,332.00,321.58,330.13,27271140,8908518400
SZ002594,2025-02-11T00:00:00.000000,339.30,340.30,326.01,329.90,28036356,9315885056
SZ002594,2025-02-12T00:00:00.000000,327.50,346.94,322.65,345.05,27935722,9451048960
SZ002594,2025-02-13T00:00:00.000000,341.20,346.35,339.50,341.30,19983985,6859997696
SZ002594,2025-02-14T00:00:00.000000,341.52,359.60,341.52,356.05,24364461,8574633472
SZ002594,2025-02-17T00:00:00.000000,356.05,358.80,344.50,348.50,23201509,8111345664
SZ002594,2025-02-18T00:00:00.000000,351.40,363.48,348.84,356.22,25179738,8977762304
SZ002594,2025-02-19T00:00:00.000000,353.52,360.00,353.00,358.50,16191782,5784129536
SZ002594,2025-02-20T00:00:00.000000,363.48,367.66,358.20,362.78,15693717,5695876608
SZ002594,2025-02-21T00:00:00.000000,366.00,386.50,365.23,383.00,23929245,9089498112
SZ002594,2025-02-24T00:00:00.000000,385.00,388.66,373.48,376.28,19940747,7586289152
SZ002594,2025-02-25T00:00:00.000000,370.00,380.00,368.81,372.49,16110252,6008878592
SZ002594,2025-02-26T00:00:00.000000,372.49,375.80,365.00,372.10,13852896,5125594624
SZ002594,2025-02-27T00:00:00.000000,382.00,383.99,371.01,375.50,16844614,6350435840
SZ002594,2025-02-28T00:00:00.000000,371.10,374.77,359.01,361.82,23930429,8762214400
SZ002594,2025-03-03T00:00:00.000000,369.00,370.00,357.79,360.21,15207822,5524500480
SZ002594,2025-03-04T00:00:00.000000,340.03,348.00,338.03,344.84,26345330,9062925312
SZ002594,2025-03-05T00:00:00.000000,347.00,355.19,347.00,353.96,13906886,4885879808
SZ002594,2025-03-06T00:00:00.000000,360.18,362.17,357.00,358.93,11460099,4120637696
SZ002594,2025-03-07T00:00:00.000000,358.90,361.00,355.24,356.40,8758413,3131517696
SZ002594,2025-03-10T00:00:00.000000,355.90,357.39,349.00,351.00,9917660,3484350976
SZ002594,2025-03-11T00:00:00.000000,345.00,351.77,344.88,350.38,9536997,3314689280
SZ002594,2025-03-12T00:00:00.000000,354.45,359.88,351.00,351.00,12951056,4593312768
SZ002594,2025-03-13T00:00:00.000000,351.87,357.36,351.13,354.50,10221085,3624759040
SZ002594,2025-03-14T00:00:00.000000,357.00,377.18,355.62,375.94,22469718,8292987392
SZ002594,2025-03-17T00:00:00.000000,382.32,383.00,375.96,380.25,13306887,5060211712
SZ002594,2025-03-18T00:00:00.000000,388.55,390.00,380.01,384.57,17333878,6672881152
SZ002594,2025-03-19T00:00:00.000000,384.53,399.00,382.54,397.07,18835150,7404859904
SZ002594,2025-03-20T00:00:00.000000,400.00,403.40,395.99,399.99,15941284,6372989440
SZ002594,2025-03-21T00:00:00.000000,393.01,393.31,370.00,372.00,28210676,10685254656
SZ002594,2025-03-24T00:00:00.000000,377.00,378.50,367.86,375.36,14789405,5522974208
SZ002594,2025-03-25T00:00:00.000000,377.98,379.60,368.98,369.59,12308536,4595791872
SZ002594,2025-03-26T00:00:00.000000,369.59,379.00,368.00,376.01,12020484,4503762944
SZ002594,2025-03-27T00:00:00.000000,376.10,391.28,376.09,386.50,14439437,5554865152
SZ002594,2025-03-28T00:00:00.000000,386.50,390.80,381.50,382.50,11493982,4428715520
SZ002594,2025-03-31T00:00:00.000000,380.00,383.28,374.00,374.90,11578391,4370400256
SZ002594,2025-04-01T00:00:00.000000,377.77,377.87,364.36,365.50,15407199,5663385088
SZ002594,2025-04-02T00:00:00.000000,365.00,365.67,358.88,360.50,11710041,4226638848
SZ002594,2025-04-03T00:00:00.000000,355.50,361.53,354.26,357.51,10102322,3618676992
SZ002594,2025-04-07T00:00:00.000000,333.34,337.70,321.76,321.76,27349840,8911483904
SZ002594,2025-04-08T00:00:00.000000,321.76,335.88,318.00,327.51,27464351,8924529664
SZ002594,2025-04-09T00:00:00.000000,319.80,328.00,313.66,324.60,21193856,6822376448
SZ002594,2025-04-10T00:00:00.000000,334.50,347.06,334.00,336.40,21089578,7165511680
SZ002594,2025-04-11T00:00:00.000000,337.00,357.55,336.40,354.98,18994493,6621821952
SZ002594,2025-04-14T00:00:00.000000,363.20,363.70,355.60,359.00,14206917,5115484160
SZ002594,2025-04-15T00:00:00.000000,364.60,365.00,357.33,359.97,11651557,4195947008
SZ002594,2025-04-16T00:00:00.000000,356.62,357.00,348.10,352.15,13182793,4618462208
SZ002594,2025-04-17T00:00:00.000000,349.94,353.45,346.67,349.68,8528864,2985985280
SZ002594,2025-04-18T00:00:00.000000,347.90,347.90,344.00,346.00,7386013,2553879808
SZ002594,2025-04-21T00:00:00.000000,346.00,349.87,345.24,348.76,7495341,2609226240
SZ002594,2025-04-22T00:00:00.000000,348.76,356.93,346.78,354.84,11212206,3956085760
SZ002594,2025-04-23T00:00:00.000000,377.00,378.00,367.23,371.99,24792689,9216822272
SZ002594,2025-04-24T00:00:00.000000,372.48,374.60,363.35,366.00,15089211,5557113344
SZ002594,2025-04-25T00:00:00.000000,370.00,375.30,368.10,370.83,13386942,4975314944
SZ002594,2025-04-28T00:00:00.000000,367.13,367.13,356.56,360.00,17978320,6459136512
SZ002594,2025-04-29T00:00:00.000000,359.10,360.63,353.00,355.00,11898307,4237606400
SZ002594,2025-04-30T00:00:00.000000,354.90,354.93,349.30,353.09,13047947,4599074304
SZ002594,2025-05-06T00:00:00.000000,360.00,362.30,355.92,359.96,14829353,5326196224
SZ002594,2025-05-07T00:00:00.000000,365.00,365.68,358.14,359.20,10883990,3937980416
SZ002594,2025-05-08T00:00:00.000000,356.52,361.98,355.70,359.28,8338169,2994908416
SZ002594,2025-05-09T00:00:00.000000,360.75,366.00,359.30,363.22,14372616,5218995712
SZ002594,2025-05-12T00:00:00.000000,365.00,370.28,360.58,370.28,16137017,5890708992
SZ002594,2025-05-13T00:00:00.000000,376.00,376.58,366.03,366.50,13177107,4874657792
SZ002594,2025-05-14T00:00:00.000000,366.50,373.10,363.36,373.10,13569307,5012059648
SZ002594,2025-05-15T00:00:00.000000,373.00,385.00,369.28,376.80,20880137,7894571008
SZ002594,2025-05-16T00:00:00.000000,375.03,390.99,373.58,389.17,22932794,8858484736
SZ002594,2025-05-19T00:00:00.000000,388.00,388.00,377.00,382.81,16137281,6159126016
SZ002594,2025-05-20T00:00:00.000000,383.50,394.80,381.50,394.80,17209991,6705399808
SZ002594,2025-05-21T00:00:00.000000,393.94,404.00,391.01,400.00,19947886,7967115264
SZ002594,2025-05-22T00:00:00.000000,399.98,405.56,398.00,398.80,14636280,5868800000
SZ002594,2025-05-23T00:00:00.000000,399.00,416.98,398.13,405.00,23557418,9627525120
SZ002594,2025-05-26T00:00:00.000000,401.81,403.00,380.00,381.00,30955063,12014228480
SZ002594,2025-05-27T00:00:00.000000,375.88,381.00,368.88,372.41,23027544,8594833408
SZ002594,2025-05-28T00:00:00.000000,372.41,372.95,362.07,362.88,17775388,6513230336
SZ002594,2025-05-29T00:00:00.000000,359.59,366.00,355.08,361.13,19206113,6942900224
SZ002594,2025-05-30T00:00:00.000000,357.02,358.80,351.30,352.30,19055991,6733498368
SZ002594,2025-06-03T00:00:00.000000,351.25,357.99,349.00,356.00,18189270,6453885952
SZ002594,2025-06-04T00:00:00.000000,359.50,364.32,358.15,360.52,14690410,5311223808
SZ002594,2025-06-05T00:00:00.000000,362.39,362.74,356.03,360.75,10861275,3908084224
SZ002594,2025-06-06T00:00:00.000000,361.00,362.38,357.50,359.96,8969768,3228098048
SZ002594,2025-06-09T00:00:00.000000,356.12,356.41,345.11,348.14,25509134,8932441088
SZ002594,2025-06-10T00:00:00.000000,349.60,355.00,348.23,353.13,17178588,6042960384
SZ002594,2025-06-11T00:00:00.000000,354.01,365.98,354.01,361.99,20310674,7326544896
SZ002594,2025-06-12T00:00:00.000000,359.89,359.89,353.01,353.24,14404696,5117764608
SZ002594,2025-06-13T00:00:00.000000,349.50,349.91,341.49,346.00,21023987,7256548352
SZ002594,2025-06-16T00:00:00.000000,345.99,347.04,340.80,344.43,10228405,3508947712
SZ002594,2025-06-17T00:00:00.000000,344.00,346.40,342.40,343.74,7004530,2408912896
SZ002594,2025-06-18T00:00:00.000000,342.82,349.20,341.97,346.95,10289697,3565398016
SZ002594,2025-06-19T00:00:00.000000,344.03,345.29,340.35,340.50,10038121,3437688832
SZ002594,2025-06-20T00:00:00.000000,340.03,342.97,339.80,340.25,7353816,2507526400
SZ002594,2025-06-23T00:00:00.000000,336.85,339.71,333.60,338.20,9459334,3185477376
SZ002594,2025-06-24T00:00:00.000000,341.23,346.20,341.23,343.38,14471259,4979495424
SZ002594,2025-06-25T00:00:00.000000,345.99,349.73,343.02,349.27,12573827,4352301568
SZ002594,2025-06-26T00:00:00.000000,344.31,344.31,336.83,337.44,20493214,6967640576
SZ002594,2025-06-27T00:00:00.000000,334.00,336.72,333.44,334.24,13861749,4633461760
SZ002594,2025-06-30T00:00:00.000000,334.24,334.24,328.59,331.91,14400344,4768270336
SZ002594,2025-07-01T00:00:00.000000,330.30,333.35,328.79,331.34,8851804,2931303424
SZ002594,2025-07-02T00:00:00.000000,332.00,333.86,328.93,330.66,9327011,3083342592
SZ002594,2025-07-03T00:00:00.000000,330.98,335.25,330.67,334.56,12349781,4123732480
SZ002594,2025-07-04T00:00:00.000000,332.55,334.99,329.77,331.00,10410355,3454495488
SZ002594,2025-07-07T00:00:00.000000,329.20,330.49,328.44,328.59,8820772,2901015552
SZ002594,2025-07-08T00:00:00.000000,327.00,329.78,325.72,326.88,11691814,3825413632
SZ002594,2025-07-09T00:00:00.000000,326.90,328.21,325.78,325.80,12163311,3969384192
SZ002594,2025-07-10T00:00:00.000000,325.81,326.09,318.85,321.23,21002206,6741345280
SZ002594,2025-07-11T00:00:00.000000,319.90,326.85,319.02,323.91,16826983,5456832000
SZ002594,2025-07-14T00:00:00.000000,323.91,323.91,317.56,318.49,17230914,5502331904
SZ002594,2025-07-15T00:00:00.000000,318.20,325.00,318.00,323.05,16279094,5252631552
SZ002594,2025-07-16T00:00:00.000000,323.06,325.91,323.06,323.72,11075835,3594544128
SZ002594,2025-07-17T00:00:00.000000,325.00,328.72,324.10,328.02,15689135,5138611200
SZ002594,2025-07-18T00:00:00.000000,329.13,329.50,325.25,329.11,13686649,4482466816
SZ002594,2025-07-21T00:00:00.000000,327.99,334.12,327.26,334.12,15394503,5102459392
SZ002594,2025-07-22T00:00:00.000000,335.00,342.01,333.21,341.69,21416417,7227730944
SZ002594,2025-07-23T00:00:00.000000,342.09,343.00,337.00,338.07,15890735,5395840512
SZ002594,2025-07-24T00:00:00.000000,338.08,346.54,337.63,342.72,18906327,6489370112
SZ002594,2025-07-25T00:00:00.000000,341.00,341.40,335.00,337.93,15704076,5307866624
SZ002594,2025-07-28T00:00:00.000000,337.93,339.10,335.53,337.00,11705670,3947001088
SZ002594,2025-07-29T00:00:00.000000,112.01,112.50,109.77,111.42,38735984,4322741760
SZ002594,2025-07-30T00:00:00.000000,108.05,111.16,107.12,108.70,52483427,5743878656
SZ002594,2025-07-31T00:00:00.000000,108.20,108.20,105.00,105.24,59949943,6344900608
SZ002594,2025-08-01T00:00:00.000000,104.95,106.24,104.36,105.80,36233692,3816659456
SZ002594,2025-08-04T00:00:00.000000,104.00,105.14,102.57,104.88,41293694,4293903616
SZ002594,2025-08-05T00:00:00.000000,104.88,105.21,103.78,104.86,33834986,3539636736
SZ002594,2025-08-06T00:00:00.000000,104.86,105.00,103.90,104.35,30561960,3184784896
SZ002594,2025-08-07T00:00:00.000000,104.27,106.43,104.16,105.33,42876298,4526612992
SZ002594,2025-08-08T00:00:00.000000,105.00,105.03,103.91,103.93,32661461,3405317376
SZ002594,2025-08-11T00:00:00.000000,103.88,105.66,103.23,105.52,35669790,3741329664
SZ002594,2025-08-12T00:00:00.000000,105.40,106.43,104.70,105.67,31219504,3302639104
SZ002594,2025-08-13T00:00:00.000000,106.29,107.65,105.84,106.83,45983014,4908744704
SZ002594,2025-08-14T00:00:00.000000,107.37,107.50,105.79,106.37,41954793,4478118912
SZ002594,2025-08-15T00:00:00.000000,105.85,106.64,105.32,106.07,36135346,3831047168
SZ002594,2025-08-18T00:00:00.000000,105.66,109.49,105.66,108.37,61925173,6680761856
SZ002594,2025-08-19T00:00:00.000000,108.67,108.92,107.18,107.63,38973519,4205349376
SZ002594,2025-08-20T00:00:00.000000,107.18,108.26,106.01,108.25,38505345,4130459136
SZ002594,2025-08-21T00:00:00.000000,107.80,108.83,107.00,107.10,44946378,4843670016
SZ002594,2025-08-22T00:00:00.000000,107.11,110.97,107.11,110.66,76312005,8351469568
SZ002594,2025-08-25T00:00:00.000000,111.31,112.49,110.31,111.61,61162758,6803183104
SZ002594,2025-08-26T00:00:00.000000,111.75,114.69,110.71,113.75,69291585,7850510848
SZ002594,2025-08-27T00:00:00.000000,113.96,114.06,110.66,110.68,68974693,7761766912
SZ002594,2025-08-28T00:00:00.000000,109.39,110.19,107.11,109.32,76252199,8278466048
SZ002594,2025-08-29T00:00:00.000000,108.88,116.59,108.12,114.06,114490194,12973326336
SZ002594,2025-09-01T00:00:00.000000,108.50,111.48,108.50,109.70,132986738,14546890752
SZ002594,2025-09-02T00:00:00.000000,108.79,111.10,108.60,110.02,77322410,8495472640
SZ002594,2025-09-03T00:00:00.000000,110.50,110.73,107.01,107.21,73522327,7975948800
SZ002594,2025-09-04T00:00:00.000000,106.59,107.09,103.71,104.00,81574074,8588835840
SZ002594,2025-09-05T00:00:00.000000,103.86,107.50,103.11,107.26,78752385,8307908096
SZ002594,2025-09-08T00:00:00.000000,106.15,107.13,105.51,106.25,55592345,5910440448
SZ002594,2025-09-09T00:00:00.000000,106.00,107.20,105.27,105.49,38163622,4049249536
SZ002594,2025-09-10T00:00:00.000000,105.52,106.45,105.02,105.20,32236895,3401353984
SZ002594,2025-09-11T00:00:00.000000,105.25,106.60,104.89,106.59,53778149,5683446784
SZ002594,2025-09-12T00:00:00.000000,106.60,107.58,105.90,105.91,45591018,4859782656
SZ002594,2025-09-15T00:00:00.000000,106.00,110.85,106.00,108.70,97480407,10620465152
SZ002594,2025-09-16T00:00:00.000000,109.00,109.00,107.22,107.80,53316021,5753438208
SZ002594,2025-09-17T00:00:00.000000,108.20,112.00,108.20,110.99,98123971,10827682816
SZ002594,2025-09-18T00:00:00.000000,110.99,112.80,108.56,109.71,93401380,10362192896
SZ002594,2025-09-19T00:00:00.000000,109.80,110.80,109.00,109.09,47297748,5188176384
SZ002594,2025-09-22T00:00:00.000000,108.87,108.91,107.15,107.99,49155923,5293961728
SZ002594,2025-09-23T00:00:00.000000,107.45,107.69,104.64,105.60,65096262,6888231936
SZ002594,2025-09-24T00:00:00.000000,105.00,105.83,104.00,105.71,54816227,5758922240
SZ002594,2025-09-25T00:00:00.000000,105.34,108.80,104.87,107.50,69348204,7421942272
SZ002594,2025-09-26T00:00:00.000000,107.45,111.23,107.00,107.29,75661207,8250492928
SZ002594,2025-09-29T00:00:00.000000,107.00,109.14,106.39,108.61,61398368,6621874176
SZ002594,2025-09-30T00:00:00.000000,108.19,109.98,107.76,109.21,56775550,6200518656
SZ002594,2025-10-09T00:00:00.000000,108.67,112.48,108.07,110.60,100872197,11196004352
SZ002594,2025-10-10T00:00:00.000000,110.55,110.55,107.58,107.79,59010253,6420415488
SZ002594,2025-10-13T00:00:00.000000,105.00,105.98,104.10,105.69,74442980,7841774592
SZ002594,2025-10-14T00:00:00.000000,106.68,109.36,105.62,105.99,76778627,8244228608
SZ002594,2025-10-15T00:00:00.000000,106.45,107.51,105.50,107.10,47579133,5063179776
SZ002594,2025-10-16T00:00:00.000000,107.00,109.30,106.51,106.96,52309638,5628738560
SZ002594,2025-10-17T00:00:00.000000,106.60,106.63,104.26,104.43,62572494,6576614912
SZ002594,2025-10-20T00:00:00.000000,105.22,105.63,104.08,104.52,35561452,3721699840
SZ002594,2025-10-21T00:00:00.000000,104.69,105.07,104.24,104.76,29907419,3133789440
SZ002594,2025-10-22T00:00:00.000000,104.10,104.32,103.37,103.78,35787419,3715302144
SZ002594,2025-10-23T00:00:00.000000,103.30,103.73,102.00,103.69,37860342,3889661696
SZ002594,2025-10-24T00:00:00.000000,103.98,104.37,103.61,103.76,30554268,3173964288
SZ002594,2025-10-27T00:00:00.000000,104.00,104.97,103.88,104.01,34598784,3607756800
SZ002594,2025-10-28T00:00:00.000000,104.02,104.32,103.50,103.72,26541583,2755526144
SZ002594,2025-10-29T00:00:00.000000,103.73,105.18,103.00,104.52,39734040,4128608256
SZ002594,2025-10-30T00:00:00.000000,104.00,104.86,103.50,103.61,35898945,3733925632
SZ002594,2025-10-31T00:00:00.000000,101.00,101.32,100.00,100.79,63705259,6418551296
SZ002594,2025-11-03T00:00:00.000000,100.79,100.99,98.50,99.60,55167021,5472679424
SZ002594,2025-11-04T00:00:00.000000,99.00,99.54,97.71,97.80,43501704,4274197504
SZ002594,2025-11-05T00:00:00.000000,96.66,96.66,94.73,95.80,58721510,5617216000
SZ002594,2025-11-06T00:00:00.000000,95.58,97.75,95.40,97.52,40200367,3897723904
SZ002594,2025-11-07T00:00:00.000000,97.00,98.15,96.83,97.20,32256073,3145818112
SZ002594,2025-11-10T00:00:00.000000,97.35,100.35,97.35,99.39,55487690,5513239040
SZ002594,2025-11-11T00:00:00.000000,99.50,99.78,98.14,98.71,31985788,3161124096
SZ002594,2025-11-12T00:00:00.000000,98.80,98.99,97.54,97.77,26064335,2555847680
SZ002594,2025-11-13T00:00:00.000000,97.01,100.50,97.01,99.83,57999022,5759429120
SZ002594,2025-11-14T00:00:00.000000,99.00,100.50,98.33,98.37,34298466,3396134912
SZ002594,2025-11-17T00:00:00.000000,97.80,98.59,97.25,98.08,20724759,2029207808
SZ002594,2025-11-18T00:00:00.000000,97.54,97.85,96.02,96.49,30475645,2949162752
SZ002594,2025-11-19T00:00:00.000000,96.40,96.66,95.01,95.17,34829235,3327809280
SZ002594,2025-11-20T00:00:00.000000,95.17,95.50,93.50,93.61,39181087,3692348160
SZ002594,2025-11-21T00:00:00.000000,92.49,94.39,91.70,92.70,45171313,4182916608
SZ002594,2025-11-24T00:00:00.000000,93.10,94.41,92.20,93.93,32730213,3064736768
SZ002594,2025-11-25T00:00:00.000000,94.00,95.38,93.70,93.91,27748887,2620855808
SZ002594,2025-11-26T00:00:00.000000,94.75,95.44,94.45,95.09,30657697,2914626304
SZ002594,2025-11-27T00:00:00.000000,94.60,95.16,94.22,94.29,20227996,1915349504
SZ002594,2025-11-28T00:00:00.000000,94.60,95.23,94.20,95.17,21935062,2080615680
SZ002594,2025-12-01T00:00:00.000000,95.39,96.30,95.14,95.77,23371272,2237016320
SZ002594,2025-12-02T00:00:00.000000,96.42,97.80,96.25,96.62,35921746,3483571712
SZ002594,2025-12-03T00:00:00.000000,96.64,96.65,94.89,95.05,23157284,2207429376
SZ002594,2025-12-04T00:00:00.000000,94.92,95.29,94.20,95.24,16614164,1576759424
SZ002594,2025-12-05T00:00:00.000000,95.29,96.22,94.71,95.98,21161847,2021250176
SZ002594,2025-12-08T00:00:00.000000,96.21,97.15,96.21,96.53,24780498,2397261824
SZ002594,2025-12-09T00:00:00.000000,96.21,96.66,95.70,96.03,16322702,1568057344
SZ002594,2025-12-10T00:00:00.000000,95.60,96.65,94.90,96.47,19840224,1902988160
SZ002594,2025-12-11T00:00:00.000000,96.98,97.12,95.85,96.23,25090767,2422448128
SZ002594,2025-12-12T00:00:00.000000,96.20,97.70,95.65,97.00,55462088,5390456320
SZ002594,2025-12-15T00:00:00.000000,96.55,97.16,95.53,95.53,29330099,2824248320
SZ002594,2025-12-16T00:00:00.000000,95.50,95.70,94.14,94.25,25876771,2450336512
SZ002594,2025-12-17T00:00:00.000000,94.50,95.70,93.68,95.21,27282500,2584139264
SZ002594,2025-12-18T00:00:00.000000,94.39,94.60,93.50,93.53,25279734,2376126976
SZ002594,2025-12-19T00:00:00.000000,94.00,95.27,93.73,94.23,27206794,2573037824
SZ002594,2025-12-22T00:00:00.000000,94.70,95.36,94.25,94.37,20623482,1952361856
SZ002594,2025-12-23T00:00:00.000000,94.50,95.50,94.50,94.81,23661741,2247679744
SZ002594,2025-12-24T00:00:00.000000,94.80,94.80,94.05,94.42,19280995,1819358208
SZ002594,2025-12-25T00:00:00.000000,94.43,95.23,94.12,94.84,18220163,1725723904
SZ002594,2025-12-26T00:00:00.000000,95.28,101.45,95.25,100.01,102095895,10178557952
SZ002594,2025-12-29T00:00:00.000000,100.50,101.30,99.60,100.21,51916696,5209488384
SZ002594,2025-12-30T00:00:00.000000,99.26,100.15,98.74,99.75,31875638,3174697984
SZ002594,2025-12-31T00:00:00.000000,99.98,100.20,97.38,97.72,40285887,3955310336
SZ002594,2026-01-05T00:00:00.000000,98.40,99.48,97.90,98.11,38262521,3762797824
SZ002594,2026-01-06T00:00:00.000000,98.22,100.50,98.12,99.99,52178486,5185026048
SZ002594,2026-01-07T00:00:00.000000,99.96,99.96,97.06,97.60,56084881,5502570496
SZ002594,2026-01-08T00:00:00.000000,97.20,97.20,96.33,96.88,30065475,2908439552
SZ002594,2026-01-09T00:00:00.000000,97.05,97.95,96.90,97.01,35034058,3412630272
SZ002594,2026-01-12T00:00:00.000000,97.01,98.00,96.30,97.47,42525719,4125432576
SZ002594,2026-01-13T00:00:00.000000,99.00,99.60,96.88,97.19,49872272,4905229824
SZ002594,2026-01-14T00:00:00.000000,96.81,97.74,95.51,96.10,51474973,4975154688
SZ002594,2026-01-15T00:00:00.000000,96.08,96.64,95.60,95.67,29563546,2835803136
SZ002594,2026-01-16T00:00:00.000000,96.70,97.44,95.60,95.86,38458802,3705328896
SZ002594,2026-01-19T00:00:00.000000,96.81,97.30,95.77,96.19,33492715,3227653888
SZ002594,2026-01-20T00:00:00.000000,96.22,96.26,94.68,94.74,38914947,3699337472
SZ002594,2026-01-21T00:00:00.000000,94.01,94.94,94.00,94.10,30833393,2910327552
SZ002594,2026-01-22T00:00:00.000000,94.72,95.13,93.89,94.12,29101425,2741536512
SZ002594,2026-01-23T00:00:00.000000,94.24,94.36,93.51,93.65,38330272,3598066432
SZ002594,2026-01-26T00:00:00.000000,93.65,93.66,92.50,92.63,37545961,3485372672
SZ002594,2026-01-27T00:00:00.000000,92.67,92.99,91.80,91.81,36298092,3340755968
SZ002594,2026-01-28T00:00:00.000000,91.80,93.50,90.01,93.34,71556618,6553149952
SZ002594,2026-01-29T00:00:00.000000,92.66,92.92,91.61,92.31,37182481,3423462400
SZ002594,2026-01-30T00:00:00.000000,92.27,92.27,90.70,90.89,32917560,3001871104
SZ002594,2026-02-02T00:00:00.000000,88.00,89.09,86.97,87.05,64697385,5676850688
SZ002594,2026-02-03T00:00:00.000000,87.20,87.40,85.88,87.37,37782685,3275997184
SZ002594,2026-02-04T00:00:00.000000,86.99,89.33,86.45,89.14,37650471,3322530304
SZ002594,2026-02-05T00:00:00.000000,88.50,91.23,88.33,90.11,35424031,3184480256
SZ002594,2026-02-06T00:00:00.000000,89.39,90.66,89.00,89.82,24708779,2217096960
SZ002594,2026-02-09T00:00:00.000000,90.50,90.65,89.83,90.06,20817951,1875980032
SZ002594,2026-02-10T00:00:00.000000,90.00,91.57,89.84,90.81,26760481,2434220032
SZ002594,2026-02-11T00:00:00.000000,90.88,92.95,90.88,92.28,39694959,3662117888
SZ002594,2026-02-12T00:00:00.000000,92.29,92.35,91.08,91.16,23031332,2106032256
SZ002594,2026-02-13T00:00:00.000000,90.05,91.09,89.88,90.27,21733887,1963579392
SZ002594,2026-02-24T00:00:00.000000,91.98,91.99,90.61,90.87,20644458,1879888768
SZ002594,2026-02-25T00:00:00.000000,90.89,92.79,90.89,91.45,32478010,2985714688
SZ002594,2026-02-26T00:00:00.000000,91.40,91.40,89.61,89.85,29101894,2619922176
SZ002594,2026-02-27T00:00:00.000000,89.40,89.94,89.10,89.32,21934083,1962319104
SZ002594,2026-03-02T00:00:00.000000,88.00,97.25,87.72,96.79,143513688,13507227648
SZ002594,2026-03-03T00:00:00.000000,96.39,96.99,93.99,95.21,86574145,8272503808
SZ002594,2026-03-04T00:00:00.000000,95.20,96.80,93.70,95.99,70096892,6674964480
SZ002594,2026-03-05T00:00:00.000000,96.80,96.82,93.89,94.47,55243997,5235746304
SZ002594,2026-03-06T00:00:00.000000,96.00,96.00,93.25,93.62,50354036,4743654912
SZ002594,2026-03-09T00:00:00.000000,93.62,98.00,93.00,97.52,109340896,10562485248
SZ002594,2026-03-10T00:00:00.000000,97.18,97.49,96.08,96.60,50746244,4907397120
SZ002594,2026-03-11T00:00:00.000000,96.75,100.34,95.67,99.22,90374376,8925093888
SZ002594,2026-03-12T00:00:00.000000,99.23,100.69,98.70,99.10,50252356,4995016192
SZ002594,2026-03-13T00:00:00.000000,99.00,100.79,98.30,99.67,51976480,5199004672
SZ002594,2026-03-16T00:00:00.000000,99.67,105.00,98.79,104.62,108781424,11184164864
SZ002594,2026-03-17T00:00:00.000000,104.63,106.66,102.71,102.87,84138864,8793237504
SZ002594,2026-03-18T00:00:00.000000,102.82,102.82,100.05,101.69,61799648,6257459200
SZ002594,2026-03-19T00:00:00.000000,100.99,103.88,100.47,102.31,53105940,5450382336
SZ002594,2026-03-20T00:00:00.000000,102.00,104.45,101.56,103.03,62878324,6495105024
SZ002594,2026-03-23T00:00:00.000000,103.87,111.82,103.18,107.63,178244544,19284920320
SZ002594,2026-03-24T00:00:00.000000,108.40,108.40,104.93,106.64,92144616,9784806400
SZ002594,2026-03-25T00:00:00.000000,106.72,107.66,105.28,106.60,66266488,7061311488
SZ002594,2026-03-26T00:00:00.000000,106.62,107.68,102.70,103.14,82812064,8655663104
SZ002594,2026-03-27T00:00:00.000000,103.99,105.89,102.75,105.30,65845464,6893709824
SZ002594,2026-03-30T00:00:00.000000,103.51,108.00,103.25,106.05,72755720,7713482240
SZ002594,2026-03-31T00:00:00.000000,107.00,108.49,105.10,105.25,58865900,6283344896
SZ002594,2026-04-01T00:00:00.000000,105.90,106.50,102.37,102.65,71519808,7383168512
SZ002594,2026-04-02T00:00:00.000000,102.49,103.48,100.50,101.65,60434948,6153958400
SZ002594,2026-04-03T00:00:00.000000,101.80,102.30,99.00,99.01,49174516,4921224192
SZ002594,2026-04-07T00:00:00.000000,99.50,99.77,97.45,97.98,37969744,3731963136
SZ002594,2026-04-08T00:00:00.000000,98.50,101.28,98.11,101.22,56281840,5621410304
SZ002594,2026-04-09T00:00:00.000000,100.21,100.21,98.81,99.03,37906292,3764528128
SZ002594,2026-04-10T00:00:00.000000,99.39,102.20,99.03,101.67,60573136,6130392576
SZ002594,2026-04-13T00:00:00.000000,101.57,104.99,100.81,104.25,66313600,6887089152
SZ002594,2026-04-14T00:00:00.000000,103.00,104.19,102.50,103.82,54334284,5614541312
SZ002594,2026-04-15T00:00:00.000000,103.82,104.77,102.50,103.03,42871916,4431952384
SZ002594,2026-04-16T00:00:00.000000,103.28,105.97,103.28,105.54,64366144,6763623936
SZ002594,2026-04-17T00:00:00.000000,104.99,105.46,103.12,103.78,44204764,4595671552
SZ002594,2026-04-20T00:00:00.000000,103.78,103.95,102.62,102.91,38367696,3957212928
SZ002594,2026-04-21T00:00:00.000000,102.91,103.19,101.33,101.53,43225768,4398233600
SZ002594,2026-04-22T00:00:00.000000,101.11,102.38,100.60,101.62,34373336,3485648128
SZ002594,2026-04-23T00:00:00.000000,101.57,101.59,99.01,99.98,49216376,4915554304
SZ002594,2026-04-24T00:00:00.000000,99.91,99.91,98.70,99.46,33773880,3348015872
SZ002594,2026-04-27T00:00:00.000000,100.00,104.00,99.88,102.34,60167020,6169037312
SZ002594,2026-04-28T00:00:00.000000,101.85,103.30,101.34,101.48,36155004,3687912704
SZ002594,2026-04-29T00:00:00.000000,101.47,105.64,101.00,105.40,105655784,11021927424
SZ002594,2026-04-30T00:00:00.000000,104.54,105.45,102.37,102.98,60097852,6206127104
SZ002594,2026-05-06T00:00:00.000000,101.70,101.89,100.20,100.75,67048712,6746578432
SZ002594,2026-05-07T00:00:00.000000,101.05,101.26,100.01,100.46,46884596,4708290048
SZ002594,2026-05-08T00:00:00.000000,100.47,101.00,99.80,100.02,38215752,3823822080
SZ002594,2026-05-11T00:00:00.000000,100.02,100.73,99.00,100.44,48281004,4812920832
SZ002594,2026-05-12T00:00:00.000000,99.97,100.10,99.10,99.23,35344128,3514548736
SZ002594,2026-05-13T00:00:00.000000,99.23,99.25,97.81,98.60,45619352,4481395712
SZ002594,2026-05-14T00:00:00.000000,99.00,100.00,98.45,98.73,33917988,3361151232
SZ002594,2026-05-15T00:00:00.000000,98.00,98.03,96.26,96.30,46621724,4507893760
SZ002594,2026-05-18T00:00:00.000000,95.34,95.94,94.30,94.51,35461316,3359745536
SZ002594,2026-05-19T00:00:00.000000,94.51,96.08,93.80,96.00,29618440,2822346496
SZ002594,2026-05-20T00:00:00.000000,95.30,95.49,93.30,93.36,41500992,3900216320
SZ002594,2026-05-21T00:00:00.000000,93.41,96.20,93.41,93.51,37394976,3540792320
SZ002594,2026-05-22T00:00:00.000000,93.55,94.19,92.61,93.75,26859176,2510616064
SZ002594,2026-05-25T00:00:00.000000,95.00,97.21,95.00,95.96,40599516,3900848640
SZ002594,2026-05-26T00:00:00.000000,95.80,96.92,94.51,96.55,38652436,3720039424
SZ002594,2026-05-27T00:00:00.000000,96.00,97.27,94.66,95.22,36237356,3467882752
SZ002594,2026-05-28T00:00:00.000000,95.22,95.99,94.03,95.88,31458976,2991315200
SZ002594,2026-05-29T00:00:00.000000,98.90,99.50,96.13,96.18,60629392,5901286400
SZ002594,2026-06-01T00:00:00.000000,96.18,96.22,93.60,93.65,44598076,4207350528
SZ002594,2026-06-02T00:00:00.000000,96.00,96.88,94.31,96.76,55496416,5321331200
SZ002594,2026-06-03T00:00:00.000000,96.00,96.00,94.50,94.82,37043376,3514157824
SZ002594,2026-06-04T00:00:00.000000,93.60,94.39,93.10,93.44,31871174,2982999552
SZ002594,2026-06-05T00:00:00.000000,93.52,94.00,92.30,93.01,33996896,3159266048
SZ002594,2026-06-08T00:00:00.000000,91.00,92.02,90.30,91.19,31684396,2885879296
SZ002594,2026-06-09T00:00:00.000000,91.22,91.92,90.03,91.89,28192696,2562233088
SZ002594,2026-06-10T00:00:00.000000,91.00,91.00,90.10,90.31,24128660,2182297088
SZ002594,2026-06-11T00:00:00.000000,90.10,90.80,88.88,89.80,31508734,2821436928
SZ002594,2026-06-12T00:00:00.000000,89.90,91.78,89.25,91.60,38535176,3497028608
SZ002594,2026-06-15T00:00:00.000000,91.61,91.90,90.40,90.82,31297908,2847656704
SZ002594,2026-06-16T00:00:00.000000,90.35,90.50,89.50,89.64,33601868,3017362688
SZ002594,2026-06-17T00:00:00.000000,89.00,89.30,87.00,87.47,49526712,4335318528
SZ002594,2026-06-18T00:00:00.000000,87.00,89.33,86.08,88.13,43578976,3820166912
SZ002594,2026-06-22T00:00:00.000000,87.00,87.90,84.60,87.59,63724220,5467321856
SZ002594,2026-06-23T00:00:00.000000,86.91,88.32,84.75,85.00,46621668,4016365824
SZ002594,2026-06-24T00:00:00.000000,84.50,84.70,82.78,83.30,45573528,3803649792
SZ002594,2026-06-25T00:00:00.000000,82.80,83.81,81.34,82.20,55643208,4579273216
SZ002594,2026-06-26T00:00:00.000000,81.51,81.80,78.20,78.20,66320800,5267490304
SZ002594,2026-06-29T00:00:00.000000,78.20,80.95,77.60,79.64,52370728,4160734976
SZ002594,2026-06-30T00:00:00.000000,79.58,80.55,78.58,79.70,38204308,3031865088
SZ002594,2026-07-01T00:00:00.000000,79.90,81.65,78.55,80.66,50317660,4035250944
SZ002594,2026-07-02T00:00:00.000000,81.90,85.67,81.90,83.57,82504624,6956784128
SZ002594,2026-07-03T00:00:00.000000,83.73,88.88,83.60,88.47,83898160,7298140160
SZ002594,2026-07-06T00:00:00.000000,88.52,88.95,86.61,87.54,48582828,4263991808
SZ002594,2026-07-07T00:00:00.000000,87.66,88.81,85.87,86.26,38946960,3378987264
SZ002594,2026-07-08T00:00:00.000000,86.01,88.34,85.28,87.80,40380908,3527472640
SZ002594,2026-07-09T00:00:00.000000,86.50,87.77,85.80,86.87,37739280,3270884096
SZ002594,2026-07-10T00:00:00.000000,86.84,90.83,84.88,90.00,70933248,6283278848
SZ002594,2026-07-13T00:00:00.000000,89.00,89.00,86.78,86.98,42458496,3714908416
SZ002594,2026-07-14T00:00:00.000000,86.89,90.68,86.50,90.18,54707492,4883296256
SZ002594,2026-07-15T00:00:00.000000,89.65,93.48,89.45,91.76,51415428,4733650432
SZ002594,2026-07-16T00:00:00.000000,91.74,94.76,91.15,94.14,60720396,5673387520
SZ002594,2026-07-17T00:00:00.000000,94.14,95.95,91.90,93.47,68734584,6442145792
SZ002594,2026-07-20T00:00:00.000000,93.49,95.28,92.77,93.92,43989032,4119522048
SZ002594,2026-07-21T00:00:00.000000,93.93,96.80,93.35,94.30,67159288,6390715392
SZ002594,2026-07-22T00:00:00.000000,92.63,93.00,90.51,91.57,60354972,5516076544
SZ002594,2026-07-23T00:00:00.000000,90.77,92.87,90.01,92.65,33801436,3104427264
SZ002594,2026-07-24T00:00:00.000000,91.53,93.08,91.31,91.89,24303384,2244617984
SZ002594,2026-07-27T00:00:00.000000,92.32,93.20,91.53,92.40,26533222,2448354048
SZ002594,2026-07-28T00:00:00.000000,92.02,94.61,92.02,93.35,36401500,3407827200
SZ002594,2026-07-29T00:00:00.000000,93.55,96.27,93.10,94.85,51445728,4891877888
SZ002594,2026-07-30T00:00:00.000000,94.92,96.66,94.75,96.20,48036112,4604080640
SZ002594,2026-07-31T00:00:00.000000,93.72,95.86,93.13,95.77,43613048,4139523584
SZ002594,2026-08-03T00:00:00.000000,96.03,96.59,94.10,94.45,36389712,3462874112
SZ002594,2026-08-04T00:00:00.000000,94.45,94.49,90.80,91.15,66771528,6134764032
SZ002594,2026-08-05T00:00:00.000000,91.08,91.18,89.15,90.82,51559760,4654040064
SZ002594,2026-08-06T00:00:00.000000,90.50,91.15,89.23,89.45,36737224,3299953408
SZ002594,2026-08-07T00:00:00.000000,89.77,90.28,88.55,90.04,40701576,3634152448
SZ002594,2026-08-10T00:00:00.000000,90.04,91.80,89.40,91.15,38573716,3510272512
SZ002594,2026-08-11T00:00:00.000000,91.18,91.66,89.93,90.12,24222760,2191435264
SZ002594,2026-08-12T00:00:00.000000,90.00,91.14,89.40,90.41,20818762,1881110784
SZ002594,2026-08-13T00:00:00.000000,90.37,90.70,89.70,89.71,22665356,2039695232
SZ002594,2026-08-14T00:00:00.000000,89.30,89.68,88.69,88.90,20585614,1832060416
SZ002594,2026-08-17T00:00:00.000000,88.90,90.44,88.61,89.88,24625400,2210303488
SZ002594,2026-08-18T00:00:00.000000,89.88,90.38,89.23,89.53,20636902,1852332032
SZ002594,2026-08-19T00:00:00.000000,89.53,89.53,88.44,88.66,21960556,1951515136
SZ002594,2026-08-20T00:00:00.000000,89.05,91.00,88.89,90.48,35807372,3237942016
SZ002594,2026-08-21T00:00:00.000000,90.35,91.08,89.72,90.47,17886204,1612726272
SZ002594,2026-08-24T00:00:00.000000,90.01,91.49,89.40,90.66,27364740,2472854528
SZ002594,2026-08-25T00:00:00.000000,90.49,91.50,89.91,91.36,27450228,2492098048
SZ002594,2026-08-26T00:00:00.000000,91.20,93.23,91.06,92.09,28282256,2607485184
SZ002594,2026-08-27T00:00:00.000000,91.70,92.18,91.17,91.49,17701440,1619597696
SZ002594,2026-08-28T00:00:00.000000,91.38,92.48,90.90,92.32,25031828,2300830464
SZ002594,2026-08-31T00:00:00.000000,91.56,92.54,88.10,88.20,64039960,5692861952
SZ002594,2026-09-01T00:00:00.000000,88.40,89.86,88.25,88.71,28858870,2567976960
SZ002594,2026-09-02T00:00:00.000000,88.48,89.00,86.60,86.80,34680000,3029600000
SZ002594,2026-09-03T00:00:00.000000,86.96,87.86,86.96,87.31,20373432,1780039680
SZ002594,2026-09-04T00:00:00.000000,87.38,88.55,87.26,87.40,20343142,1788632320
SZ002594,2026-09-07T00:00:00.000000,86.89,87.34,86.20,86.51,21926512,1897313792
