SZ002594,2002-12-31T00:00:00.000000,0,1.2202,2305160000,658303000,317761000,0,25.6008,25.8114,41.75,48.2697,0.589,1240154000,0,763373000,2290898000,658303000,1863617000,295972000,0,0,118.4469,93.1419,3.0393,3.8651,0,0,0,33.322,33.3507,17.7823,13.7848,0.4015,1.2202,596408000,0,439059000,0,0,569338000,2632379000,1542836000,763373000,703928000,2003955000,-270035000,147064000,1154115000,4.3853,3.6142,0,1.2214,0,55.8124,211.5888,0.72,0,0,0,0,21.986,30.7272,24.0117,100,1.5362,1.425,9.9247,55.8124,0,0,0,4.2463,2496740000,0,599509000,96522000,0,3201717000,315167000,1137000,569338000,0,0,468591000,2571417000,53844000,147063000,0,1334448000,1350890000,1686194000,179000000,597000000,1106648000,1240154000,703928000,58501000,-197505000,-403185000,186946000,2.1782,80.3137,451.6503,22.2028,389.9193,500.0165,0.9233,3.8423,0.8965,0.8965,1.196,0,49.5449,58.25,9.0062,2.3503,6.4194,0,80.3137,22.141,0,4.7663,0.8686,0,3061000,107084000,0,7159000,0,704977000,89052000,0,0,0,0,3201717000,5415000,0,0,239328000,25937000,0,0,295972000,1671712000,1850712000,744064000,9063000,1495000,1240154000,0,0,0,428.9205,0,0,0,0,0,0.2364,0,428.9205,0,0,18.7246,0,0
SZ002594,2003-12-31T00:00:00.000000,0,1.5385,4114367000,829997000,321443000,77.9218,28.5331,25.8603,32.6958,38.7282,0.5958,518491000,0,924454000,4076006000,829997000,3065540000,570612000,0,0,85.9172,87.3767,4.1901,4.1201,21.1012,26.0813,0,22.6804,22.7499,38.6746,7.8127,0.3624,1.5385,1400814000,0,870379000,602659000,16527000,2144131000,3399898000,3194828000,920104000,858537000,3086471000,-566800000,153218000,-568556000,1.5206,1.0937,3.2386,1.6605,0,15.7648,173.294,0.9409,98.2374,134.8751,20.5314,0,19.6332,21.0632,20.815,100.4728,1.8348,1.735,5.798,14.9918,0,0,0,7.5552,3100481000,0,2006455000,375260000,0,5544029000,832304000,6678000,2038993000,105138000,0,1052642000,3246369000,102392000,349367000,0,2743324000,2281708000,2765028000,1707000,171004000,-322515000,671600000,829997000,47266000,-258355000,-314130000,413769000,0.2543,58.5561,151.4072,67.3295,244.8736,382.6188,1.4701,3.14,1.4144,1.4144,2.7531,26.2483,28.8869,67.3042,10.8407,2.5121,8.5713,-0.4728,58.5561,66.0471,0,6.0174,1.9511,0,92548000,89151000,0,50315000,0,2443548000,360574000,0,0,105138000,0,5544029000,-9891000,0,0,377410000,3812000,0,0,570612000,0,1707000,324222000,0,6575000,671600000,0,0.099,1.8964,161.7963,0,24.1812,234.683,73.158,0,-0.2427,1.8964,161.7963,0,3.137,36.1913,0,0
SZ002594,2004-12-31T00:00:00.000000,0,1.6573,6451608000,894096000,416389000,58.0437,25.1359,18.1532,26.7159,46.571,0.7718,706410000,0,966785000,6441869000,894096000,6247631000,1881501000,0,0,90.1598,89.2261,3.9929,4.0347,4.579,7.7228,0,15.0078,15.9534,54.4815,6.454,0.3515,1.6573,1797253000,0,1494243000,2202183000,257716000,4700168000,3926919000,5484823000,967108000,902682000,6328488000,-2015495000,276224000,100581000,1.0002,0.6654,6.1239,2.2152,0,9.3291,179.3859,0.9105,71.6773,28.3006,5.1086,0,12.7397,14.0127,14.2568,99.9666,2.3291,1.9078,4.8265,8.859,0,0,0,11.9404,4464103000,0,3329288000,770755000,0,8627087000,804677000,25527000,4463314000,236854000,0,1559374000,3867721000,160341000,544440000,0,4720863000,5170710000,5912099000,2666777000,694348000,1696205000,599394000,894096000,222384000,-623865000,-569247000,581160000,0.1583,44.8323,82.289,123.5332,211.0521,395.3744,1.7057,2.4054,1.8138,1.8138,12.1468,19.1399,17.6844,73.2841,11.6091,2.489,8.4516,0.0334,44.8323,121.5229,0,7.1691,2.8904,0,113385000,40268000,0,48567000,0,4162984000,831448000,0,0,236854000,0,8627087000,43063000,0,0,508772000,23016000,0,0,2038511000,0,2666777000,970572000,0,4923000,599394000,0,300.1952,2.7455,116.1726,0,43.981,65.9289,55.6104,0,0.6685,2.7455,116.1726,0,5.7705,38.5911,0,0
SZ002594,2005-12-31T00:00:00.000000,0,0.6833,6555696000,368639000,1361586000,1.3529,9.4546,6.9098,22.7482,369.3548,2.5238,730180000,0,458474000,6529023000,368639000,7944214000,1757498000,0,0,132.9645,100.5873,2.7075,3.579,-52.5775,-58.7696,0,7.0221,9.1673,63.5153,20.7695,1.4349,0.6833,1866190000,0,2231560000,2453590000,16790000,6954430000,3994780000,6108060000,458474000,368433000,7971562000,-1774767000,448730000,23769000,1.0483,0.6128,46.5525,2.7694,0,26.5688,233.5518,0.6698,49.3438,3.8357,-52.5933,0,3.7641,5.643,6.1716,100,1.7658,1.114,12.4355,19.5787,0,0,0,12.102,5372220000,0,4524430000,739210000,0,10949220000,1148820000,181890000,5124760000,1829670000,0,1562420000,3930340000,170089000,717886000,0,5043785000,4614412000,6609976000,4205219000,3319279000,437210000,730179000,368639000,346092000,-780104000,100728000,1076367000,0.1432,35.8961,56.5156,192.2717,270.0763,537.5074,1.333,1.6634,1.6814,1.6814,52.8155,1.619,7.544,77.2518,15.8306,2.6051,10.9953,0,35.8961,176.9422,0,7.2852,2.8961,3730000,257340000,52790000,0,282380000,0,5577000000,836890000,0,0,1829670000,0,10949220000,145607000,10163000,0,651325000,10000000,27269000,0,1784767000,0,4205219000,3768009000,106929000,5558000,730179000,0,7.3938,16.7105,86.8693,0,20.3427,35.8978,26.9168,0,2.2302,16.7105,86.8693,0,31.765,41.3219,0,0
SZ002594,2006-12-31T00:00:00.000000,0,1.8725,13128190000,1010190000,2501767000,100.6156,22.7759,12.7639,22.1213,247.6531,4.6372,1701080000,0,1094810000,13098240000,1010190000,12707928000,3013035000,0,0,95.0839,57.6426,3.7861,6.2454,138.7943,174.0323,0,8.3585,10.0619,68.7132,19.0565,1.3071,1.8725,2337940000,0,3156920000,5010730000,0,11015280000,5015530000,12044530000,1074000000,1020930000,13057236000,-2999809000,243047000,970898000,0.8546,0.522,30.8672,3.2297,0,26.3612,152.7266,0.9732,41.467,25.2788,134.2554,0,7.568,7.7944,9.792,101.9376,3.3747,2.4485,15.606,22.7118,0,0,0,24.2785,8110600000,0,5962840000,1632150000,0,16030800000,2104100000,429010000,9490330000,1513150000,0,2494960000,4940350000,480180000,957350000,0,10200740000,8557145000,10555468000,5122793000,3410627000,1469119000,1701077000,1010185000,476472000,-1014084000,-1176202000,2657673000,0.1794,30.8179,44.85,238.6771,184.8623,369.9218,1.9474,2.4969,2.9599,2.9599,-23.1892,25.6978,9.0364,77.8787,12.8603,3.666,7.309,-1.9376,30.8179,222.9656,0,9.1573,4.6246,1320000,656460000,91870000,0,314800000,0,7920200000,1217920000,0,0,1524950000,0,16030800000,246940000,0,0,1172385000,13226000,0,0,3013035000,0,5122793000,3653674000,145040000,23237000,1701077000,0,-1.1053,9.5126,82.8523,0,50.973,31.7921,46.4104,0,1.8853,9.5126,82.8523,0,23.5867,37.1961,0,0
SZ002594,2007-06-30T00:00:00.000000,0,1.1881,8721778000,640996000,292585000,0,24.025,6.7425,21.4217,45.6454,0.5423,778313000,98342000,0,8721778000,640996000,0,0,0,0,91.6768,54.758,1.9634,3.2872,0,0,0,0,9.8946,68.3302,3.3546,0,1.1881,2968584000,0,3824191000,5342111000,0,12706656000,5889303000,8045315000,676463000,646651000,0,-1997668000,0,-882304000,0.8022,0.4449,34.9723,3.2169,0,2.7339,146.4348,0.5038,0,26.9743,0,0,3.735,7.4142,4.9845,0,0,1.5996,1.5734,2.3026,0,0,0,16.1664,8585705000,0,8944218000,0,58603000,18595959000,3771884000,530023000,10702111000,2004545000,0,0,5731811000,318609000,588419000,0,6853425000,0,0,0,0,822779000,734909000,0,0,0,0,0,0.0737,30.8229,45.1087,224.5893,172.2891,357.3134,1.0448,1.4593,1.6345,1.6345,-4.9894,16.0203,8.5122,78.5783,12.5381,3.653,6.7465,100,30.8229,221.6866,0,10.6243,0,0,0,0,2101000,0,0,10010254000,0,0,0,2004545000,0,18595959000,186520000,0,0,0,0,0,0,0,0,0,0,0,0,0,0,-0.9471,10.7795,64.084,0,5.8578,49.9993,16.0014,0,2.1386,10.7795,64.084,0,25.9107,48.0976,0,0
SZ002594,2007-12-31T00:00:00.000000,0,2.9874,21496546000,1611711000,1910810000,64.1178,20.599,13.2024,20.6381,118.5579,3.5418,5582947000,0,1742880000,21496546000,1611711000,0,0,0,0,81.3,53.3354,4.428,6.7497,59.1947,59.5453,0,8.1077,9.9146,57.6275,8.8889,0.7398,2.9874,4031652000,0,4548545000,6828843000,0,16878232000,12410259000,19753666000,1742880000,1702329000,0,-5177316000,0,0,1.046,0.7541,12.0922,2.5762,0,12.2618,134.6354,0.9487,44.0817,72.4446,62.2793,0,7.5126,7.9191,9.4057,100,5.5075,3.9505,6.5241,11.3212,0,0,0,39.8453,16299985000,0,10341577000,0,58603000,29288491000,5715394000,969985000,15583389000,1294843000,0,0,10708118000,648187000,1656995000,0,17060063000,0,0,0,0,7188857000,3922351000,1742880000,840021000,0,0,0,0.3622,36.5608,63.4434,170.5197,204.4005,379.4783,1.7612,3.5967,2.7474,2.7474,-64.8332,116.7482,8.8231,79.3619,12.5304,3.0153,7.7082,0,36.5608,157.6209,0,19.8482,0,0,1400925000,0,0,586181000,0,12988506000,0,0,0,1294843000,0,29288491000,388421000,0,0,0,0,0,0,0,0,0,0,0,0,0,0,1.8069,4.421,103.5443,0,100.9714,73.4338,82.7014,0,1.8069,4.421,103.5443,0,10.7877,35.3094,0,0
SZ002594,2008-06-30T00:00:00.000000,0,0.2906,12703929000,595664000,1422994000,42.1057,11.0197,3.0869,19.2094,238.8921,0.6941,4041388000,0,0,12394140000,595664000,0,0,0,0,95.0572,56.3413,1.8936,3.1948,0,-7.0721,0,0,0,58.5571,11.2012,0,0.2906,3921195000,0,6027410000,7011625000,0,18306783000,12956361000,11181699000,850097000,742728000,0,-3572602000,0,-1581602000,0.9299,0.564,16.8247,2.6774,0,8.6396,151.3985,0.4196,57.6127,-2.7397,25.6679,0,2.4532,5.9926,2.8078,0,0,0,4.5517,7.773,0,0,0,6.0456,15316678000,0,13255403000,0,0,31263144000,5254879000,1064543000,16470609000,1836174000,0,0,10913589000,446091000,722310000,0,10013298000,0,0,0,0,568006000,3956289000,0,0,0,0,0,0.2515,34.9088,59.615,183.0337,223.9858,428.9734,0.8036,0,1.1751,1.1751,-58.097,1.9188,7.6026,80.7906,9.427,3.5992,5.8278,100,34.9088,167.743,0,5.3234,0,100457000,0,0,0,711693000,0,15946466000,0,0,0,1836174000,0,31263144000,0,0,0,0,0,0,0,0,0,0,0,0,0,0,0,-1.5912,5.8733,82.3331,0,-6.0326,28.1758,6.7421,0,0,5.8733,82.3331,0,14.4016,42.3995,0,0
SZ002594,2008-12-31T00:00:00.000000,9.29,0.3018,27727209000,618819000,1788545000,28.9845,9.2867,7.6827,20.5391,175.1331,0.8724,1704077000,0,990189000,27727209000,1021249000,27569139000,6418961000,0,0,93.6375,43.4595,3.8446,8.2836,-43.1866,-36.6357,0,3.5712,6.6779,59.002,6.4505,0.5427,0.4981,2662844000,0,6912844000,4134310000,236540000,19194388000,13337372000,26766779000,1363972000,1275649000,28298400000,-5850696000,1361843000,-3837283000,1.0325,0.54,45.7094,2.7008,0,12.7427,137.097,0.897,51.9792,-33.9515,-21.7403,0,4.127,4.6007,6.6684,72.596,1.5668,0.9032,5.4978,9.3181,0,0,0,13.5248,14491618000,26677000,11532315000,3178388000,58603000,32531760000,4166435000,1271423000,14035822000,4791561000,0,4368825000,11285568000,934231000,2626989000,175609000,22032299000,19856297000,26509855000,15109882000,14113472000,268338000,1699353000,1275649000,1210945000,-2409777000,-39901000,1301952000,0.1214,34.6909,58.7962,218.4474,199.8935,401.3258,1.801,2.3794,2.5214,2.5214,47.3002,5.3926,5.188,79.4609,15.3584,3.3694,9.4744,27.404,34.6909,170.0791,0,5.5,2.131,0,2894929000,86858000,1985000,2019407000,255525000,18040142000,2681587000,0,0,5158566000,0,32531760000,697227000,29759000,15963000,3721157000,705274000,15731000,121278000,6555970000,700756000,15810638000,15542300000,175609000,149466000,1699353000,0,11.3177,15.857,97.8604,0,-11.0943,11.5141,11.0735,0,2.5146,15.857,97.8604,0,31.3703,35.4494,0,0
SZ002594,2009-12-31T00:00:00.000000,27.13,1.4658,41113912000,3334825000,11981419000,48.28,27.128,19.8556,23.4328,315.8344,5.2663,2344542000,0,4168526000,41113912000,3793576000,38980595000,7307178000,0,0,64.7162,29.4626,5.5628,12.2189,320.9829,271.4644,0,10.139,11.5821,52.9568,29.142,1.8637,1.6674,4066723000,0,4405206000,283801000,263328000,21418954000,19027127000,36963528000,4506450000,4078440000,39482992000,-7143063000,309832000,611466000,0.9317,0.6882,19.9673,2.2839,0,66.2399,94.1787,1.1268,-36.2751,52.721,230.3917,0,11.1772,9.9199,13.0879,92.5013,2.8678,2.093,29.6232,55.9384,0,0,0,18.0713,16852490000,29860000,14318102000,4580974000,58603000,40446081000,7944163000,3340438000,18087932000,3106514000,0,7593633000,16682357000,1487735000,2773943000,279295000,31479762000,20660744000,27501573000,4421616000,9941114000,-4245223000,2310819000,4078440000,1594169000,2278601000,-4091516000,7706799000,0.1297,41.2459,77.886,154.2137,137.227,319.5028,2.6234,3.1464,2.9401,2.9401,-105.4682,47.8203,12.5142,76.5672,11.0203,3.6186,6.747,7.4987,41.2459,128.3929,0,7.33,3.3377,1000000,5716197000,92135000,1927000,2117097000,347961000,23593591000,3577087000,0,0,3331022000,0,40446081000,269178000,17236000,16368000,4168947000,221115000,0,57000000,7364178000,1587810000,6009426000,10254649000,279295000,168414000,2310819000,0,-2.6962,8.2357,116.5123,0,16.2913,24.1564,24.328,0,0.6547,8.2357,116.5123,0,16.644,35.4005,0,0
SZ002594,2010-12-31T00:00:00.000000,14.36,0.9099,48448416000,2070050000,3139385000,17.8395,14.361,10.6144,19.1429,124.4102,1.3799,1992519000,0,2767500000,48448416000,2523414000,56147221000,13212824000,0,0,50.2821,35.159,7.1596,10.2392,-33.6096,-33.4819,0,5.7123,7.0666,60.0647,6.4799,0.5924,1.1091,5396590000,0,6537852000,9796422000,1207068000,31812325000,21151076000,45706687000,3142267000,2918590000,57264080000,-12671820000,1207980000,-332084000,0.6322,0.3967,21.9301,2.7233,0,11.3074,85.4411,1.0373,48.4119,32.7012,-30.2718,0,6.249,6.0241,7.5205,88.0734,2.4935,1.5048,5.9275,9.8685,0,0,0,21.2951,17552692000,59160000,17475755000,7401358000,65914000,52963401000,7060610000,2864656000,27763951000,3049000000,0,9048833000,18460319000,2175881000,3306333000,20700000,39173976000,43420751000,54124695000,12719565000,2328309000,9177891000,1978735000,2918590000,2016615000,-2174293000,1142868000,-1046500000,0.0718,34.8549,58.0288,259.1918,127.8253,347.0435,2.8163,3.0177,2.7572,2.7572,-8.465,10.6577,6.9787,80.8571,12.0796,4.4911,6.8244,11.9266,34.8549,172.3281,0,8.11,3.9773,0,2756210000,238500000,0,4897343000,800801000,35410709000,3972838000,0,0,4048374000,0,52963401000,370141000,25771000,25554000,6159966000,787868000,210825000,36039000,13459688000,0,12719565000,3541674000,20700000,232693000,1978735000,0,-0.3965,7.6437,105.6339,0,4.1549,22.0536,30.9482,0,0.764,7.6437,105.6339,0,17.9858,32.9959,0,0
SZ002594,2011-03-31T00:00:00.000000,1.44,0.1053,11710335000,239576000,3058410000,-11.5969,5.7405,1.1429,17.0212,1146.5841,1.3443,4057123000,0,345351000,11710335000,266741000,13295073000,3095246000,0,0,60.048,38.6721,1.4988,2.3273,-80.9384,-84.3474,0,2.9491,4.2393,62.5459,26.1172,0,0.1172,4667045000,0,6428640000,10357017000,1400738000,35830045000,21455918000,11372636000,378044000,324099000,13617932000,-3067188000,139149000,1905590000,0.6198,0.4088,28.7011,2.9147,0,10.041,98.7202,0.2124,0,-13.5186,-80.4485,0,0.5879,2.7676,0.9006,91.3521,0,0.2182,5.3388,8.5359,0,0,0,5.1472,18879317000,271700000,19020136000,8339845000,65914000,57285963000,7745786000,2379083000,30459269000,4411506000,0,9314403000,18712789000,488972000,855850000,14604000,9717091000,8075304000,10559522000,4578566000,2501996000,1937421000,3884325000,0,0,0,0,0,0.1332,32.6656,52.2265,293.6463,139.9994,423.6618,0.6429,0.6643,0.63,0.63,-1.0748,1.3676,3.3813,82.9788,12.4951,4.1756,7.3085,8.6479,32.6656,191.4736,0,7.95,4.0941,0,2787078000,261824000,0,4927278000,1084638000,38406646000,5844339000,0,0,5370776000,0,57285963000,118395000,7652000,7652000,1509678000,28058000,0,0,3095246000,0,4578566000,2641145000,0,0,0,0,-0.4638,9.3754,98.3841,0,7.558,8.8373,8.1614,0,1.011,9.3754,98.3841,0,22.3006,33.2021,0,0
SZ002594,2011-06-30T00:00:00.000000,1.43,0.0727,22544664000,171217000,4661293000,-10.7658,2.8576,1.7785,15.7585,1692.7812,1.9801,4836131000,0,327727000,22544664000,275363000,25380617000,5306534000,0,0,65.7254,41.6828,2.7387,4.3183,-87.5488,-88.6269,0,1.4537,3.6747,62.5531,20.6758,2.1842,0.117,5044790000,0,7331635000,8972095000,1570664000,38239301000,22891627000,22213360000,489925000,394532000,25957916000,-5451115000,431256000,2803822000,0.6358,0.4021,34.1638,2.9039,0,14.8555,107.4082,0.3952,0,-6.5189,-82.3359,0,0.6916,1.75,1.4909,66.8933,0.9334,0.3519,7.6251,12.1898,0,1.9801,0,9.5768,19950104000,432018000,21218963000,7394292000,65914000,61130928000,7497640000,1711621000,31377614000,4901711000,993385000,9321847000,20084676000,847266000,1606853000,54340000,18991960000,15878957000,21296623000,9752157000,8083333000,3607221000,4782557000,394532000,1256184000,-855446000,973699000,2438186000,0.1541,32.8552,52.5236,274.2906,149.714,455.4732,1.2023,1.1561,1.1698,1.1698,-2.0837,8.7992,2.2467,84.2415,12.4851,3.7582,7.1274,33.1067,32.8552,190.3904,1.191,8.53,3.9598,0,1578344000,369974000,0,4571700000,1057266000,41180824000,9303024000,0,0,6861687000,0,61130928000,360596000,-3577000,-3577000,3631564000,70747000,175538000,0,5521862000,1422000000,12174157000,8566936000,54340000,112756000,4782557000,0,-0.6005,11.2246,94.6544,-4.8543,13.6584,21.4194,15.4211,0,1.5995,11.2246,94.6544,0,25.4642,34.7107,-2.3156,1.5323
SZ002594,2011-09-30T00:00:00.000000,1.83,0.0914,34334089000,215280000,4186261000,-4.3369,2.4379,2.5832,15.8514,1186.8174,1.7783,3562899000,0,430458000,34334089000,352730000,37734602000,7559905000,0,0,64.0245,41.4076,4.2171,6.5205,-84.4864,-85.4994,0,1.2537,3.4719,63.3612,12.1927,0,0.1498,5134471000,0,7164176000,9771013000,953969000,39677603000,22943709000,33917483000,626796000,511943000,38554620000,-7780734000,689773000,1535495000,0.6395,0.4085,43.0452,2.9719,0,13.4971,105.4321,0.5941,0,-4.8571,-78.6424,0,0.8858,1.4911,2.0626,68.6759,0,0.5064,6.685,10.5507,0,1.7783,0,14.5848,19835730000,539447000,21159907000,10823339000,65914000,62621312000,7514680000,2080565000,31016104000,6717750000,993817000,9398053000,20121864000,1224320000,2491180000,171158000,28891672000,26022343000,34368359000,16718866000,13203102000,5170028000,3514230000,0,0,0,0,0,0.1149,32.1326,50.7134,290.8361,147.0095,454.4736,1.8366,1.9477,1.7798,1.7798,-3.21,9.0006,1.8895,84.1486,12.4679,3.5659,7.2557,31.3241,32.1326,197.1865,0.6523,8.55,3.9922,0,2478898000,775744000,0,4478283000,1463051000,42785582000,8307517000,0,0,8661499000,0,62621312000,565235000,13852000,13852000,5522482000,79594000,265538000,0,7860328000,1422000000,19140866000,13970838000,0,0,0,0,-0.7747,13.8316,95.0943,-4.7493,13.0068,21.0815,18.2351,0,1.6463,13.8316,95.0943,0,30.092,33.7903,-3.3052,2.1962
SZ002594,2011-12-31T00:00:00.000000,6.98,0.2672,48826919000,628945000,5984526000,0.7813,6.9957,5.9032,17.1793,432.2128,2.5422,4048446000,0,1410351000,48826919000,1384625000,51408814000,9412151000,0,0,58.4601,40.125,6.158,8.972,-49.0388,-45.1289,0,2.8885,5.0582,63.4585,12.2566,1.2196,0.5882,5487732000,0,6595797000,10011122000,1330700000,41644256000,23980136000,47920318000,1727484000,1595076000,52530022000,-8922719000,1056101000,1758651000,0.642,0.4444,39.1646,2.9714,0,17.9333,98.5851,0.8235,0.8863,1.6889,-45.0243,0,2.6901,3.2668,4.2142,81.6419,2.2358,1.0491,9.1194,14.3706,0,2.5422,0,20.7412,21424455000,571976000,21532825000,9190558000,65914000,65624392000,8832401000,1870520000,33370934000,6084992000,994255000,10169160000,21124517000,1799757000,3455516000,485246000,40438789000,34811212000,46545496000,18189099000,14455683000,4736027000,3737386000,1595076000,2515718000,-244756000,-2477182000,3872363000,0.1213,32.19,50.7261,303.2691,143.6889,437.1728,2.5054,2.4789,2.467,2.467,-4.4072,14.432,3.7178,82.8207,12.3427,3.686,7.0771,18.3581,32.19,197.1371,0.7471,8.97,4.3198,0,4319314000,334063000,0,5325171000,1396283000,44199937000,8403533000,0,0,8273322000,0,65624392000,771296000,503750000,1207000,7422147000,879970000,390538000,0,9802689000,1423010000,20612109000,15876082000,485246000,245562000,3737386000,0,-0.6925,12.6071,98.1038,-5.0748,22.0579,23.2154,23.9052,0,1.5797,12.6071,98.1038,0,28.1426,32.8122,-3.7903,2.0118
SZ002594,2012-03-31T00:00:00.000000,0.13,-0.0297,11734272000,-69865000,3161051000,0.2044,0.5116,0.5392,17.4024,11690.2774,1.3428,4772662000,0,40591000,11734272000,27040000,14091750000,1183864000,0,0,64.109,38.7603,1.4039,2.322,-88.2465,-89.8628,0,0.3459,2.6948,63.7297,26.9386,0,0.0115,4619459000,0,7212189000,8645149000,1655000000,42251417000,24046466000,11702117000,133459000,53606000,14344641000,-1135954000,328463000,804051000,0.6258,0.4153,37.7488,2.9972,0,9.2252,102.8693,0.1779,12.1884,-15.8221,-64.6975,0,0.0813,0.4568,0.4794,30.4146,0,0.1343,4.768,7.4815,0,1.3428,0,4.9846,21442629000,565325000,22226973000,10745866000,65914000,66297883000,7943174000,1679603000,34265400000,5824552000,994698000,10195018000,21155684000,422524000,856160000,204820000,9692229000,7826448000,11183590000,2800330000,3778313000,-1226741000,4541437000,0,0,0,0,0,0.1393,31.91,50.0709,313.1541,164.3919,505.9114,0.5475,0.5391,0.5551,0.5551,-0.9475,0.1475,1.1965,82.5976,12.4545,3.6008,7.2962,69.5854,31.91,199.7166,0.3416,8.987,4.3307,0,3906072000,326259000,0,5309213000,1702435000,44855254000,11264988000,0,0,7986017000,0,66297883000,182761000,8436000,-4877000,1956298000,47910000,0,0,1183864000,0,2880165000,4106906000,0,0,0,0,-0.6228,12.0457,95.1802,-5.447,0.0848,3.2237,1.0263,0,1.5575,12.0457,95.1802,0,27.4041,33.5259,-0.4825,-0.5211
SZ002594,2012-06-30T00:00:00.000000,0.08,-0.0885,22582012000,-208363000,4430925000,0.1657,0.1541,1.0903,15.656,27235.3863,1.8822,5102165000,0,-71898000,22582012000,16269000,27191852000,2116980000,0,0,65.2136,42.3626,2.7602,4.249,-121.9384,-94.0918,-4.9421,-0.3184,2.5334,64.1242,19.6215,1.898,0.0069,5141516000,0,7205269000,6817535000,1896333000,42900728000,24001814000,22654620000,159344000,104154000,27764458000,-2039806000,629850000,1094688000,0.6635,0.4411,49.7479,3.0322,0,13.6761,107.5762,0.3408,-1.7236,-6.3089,-67.4758,-94.0917,0.1572,0.4612,0.8454,-45.1212,0.9328,0.243,6.623,10.3283,0,1.8822,0,9.5926,21496577000,555126000,24051725000,9226413000,65914000,66902542000,7078315000,1420223000,32398939000,5362591000,3964438000,10183105000,21110004000,791654000,1589465000,242047000,19046568000,16525478000,23333533000,5492163000,9168997000,-1297333000,4832074000,104154000,1455035000,-803525000,1522501000,1432694000,0.1575,31.5534,49.2066,330.1274,171.0606,528.1825,1.0523,0.9809,1.0694,1.0694,-1.9766,-0.0687,0.73,84.344,12.3195,3.5057,7.0386,145.1212,31.5534,203.2246,0.465,8.97,4.3257,0,3111917000,350749000,0,5312450000,2085934000,45405965000,12542281000,0,0,10501789000,0,66902542000,400862000,710000,-12604000,3916284000,77174000,0,0,2116980000,0,8533132000,9830465000,242047000,152517000,4832074000,0,-0.9633,15.6971,87.7692,-4.6312,0.3366,11.698,1.9477,-0.0687,1.7751,15.6971,87.7692,0,33.2211,35.9504,-0.8665,-0.5511
SZ002594,2012-09-30T00:00:00.000000,0.1,-0.1629,33108940000,-383435000,3033811000,-3.5683,0.1317,1.4235,14.7007,14529.0503,1.2887,4081451000,0,-145564000,33108940000,20881000,38546989000,3037998000,0,0,66.3384,46.4776,4.07,5.8093,-133.8161,-94.0802,-27.5293,-0.4397,2.4611,64.3659,9.1631,0,0.0089,5910957000,0,7282044000,8510205000,2995500000,43516939000,24091737000,33243563000,264436000,139093000,39427582000,-3033955000,917352000,79530000,0.6304,0.4183,43.4279,3.0571,0,8.8372,112.8159,0.497,1.6452,7.7122,-57.8115,-94.0801,0.2088,0.4201,1.2232,-55.047,0,0.3461,4.4873,6.9716,0,1.2887,0,14.0644,21642495000,740639000,24580324000,8507097000,65914000,67608676000,6418190000,2273678000,34329883000,4088591000,3966410000,10186432000,21154744000,1089612000,2284822000,276863000,28241703000,26728825000,36393771000,9323293000,11359449000,61219000,3816916000,0,0,0,0,0,0.1189,31.29,48.6127,345.8417,175.6033,543.251,1.5376,1.5212,1.5662,1.5662,-2.6881,0.1431,0.8221,85.2993,11.8543,3.291,6.9009,155.047,31.29,205.7077,0.0338,8.99,4.3271,0,3522282000,316149000,0,5733235000,2115216000,45966181000,11383748000,0,0,9187056000,0,67608676000,550393000,-10941000,-24254000,5610889000,204043000,200000000,0,3237998000,0,12369818000,12308599000,0,0,0,0,-0.7241,13.5886,86.0637,-5.3895,1.0177,14.1528,3.0237,0.143,1.6624,13.5886,86.0637,0,30.2785,36.3568,-1.2888,0.026
SZ002594,2012-12-31T00:00:00.000000,0.38,-0.2055,46853774000,-483703000,5555331000,-4.0411,0.3846,2.3782,14.3013,6826.6599,2.3599,3683966000,0,-304372000,46853774000,81377000,54132013000,4350156000,0,0,62.4937,45.1328,5.7606,7.9765,-121.5813,-94.1228,-7.1717,-0.6496,2.4612,64.8607,11.8567,1.2068,0.0346,6260279000,0,7344833000,8417755000,2870024000,44566117000,24144371000,47146957000,290725000,212890000,55346272000,-4609622000,1213895000,-250825000,0.6104,0.406,40.7379,3.1025,0,15.4611,107.6265,0.6976,11.3563,14.0777,-83.1706,-94.1228,0.317,0.4544,1.7186,-104.6941,1.9249,0.4899,8.0851,12.4654,0,2.3599,0,19.9031,21932116000,949065000,25776552000,7882866000,65914000,68710488000,9694436000,2464144000,35930917000,3373075000,3968269000,10127526000,21196984000,1511797000,3185007000,324258000,40153064000,37072600000,49790941000,10984867000,14069863000,-1217034000,3486561000,212890000,3019857000,-966356000,-461105000,2519103000,0.1025,30.8497,47.563,361.3435,166.5647,516.0796,2.1613,1.9613,2.2142,2.2142,-3.6117,0.343,0.636,85.6987,11.8676,3.2266,6.7978,204.6941,30.8497,210.2474,-0.1065,9,4.3021,0,3731462000,306102000,0,6295490000,1716007000,46778372000,10238088000,0,0,8635200000,0,68710488000,863624000,-11189000,-24503000,7597391000,443444000,450000000,0,5053066000,0,14098522000,15315556000,324258000,339472000,3486561000,0,-0.6169,12.5675,82.2336,-5.9466,2.3695,19.7082,4.7027,0.343,1.8432,12.5675,82.2336,0,28.9459,37.5147,-1.9581,-0.517
SZ002594,2013-03-31T00:00:00.000000,0.53,0.0203,12883871000,47865000,741003000,9.7969,2.114,0.8847,15.9383,659.3316,0.3148,3854764000,0,131656000,12883871000,112387000,12745447000,1293904000,0,0,63.6028,41.948,1.415,2.1455,224.3478,315.6324,-76.5583,1.0219,3.3219,64.9072,5.7514,0,0.0477,5749780000,0,7962800000,9436801000,3400223000,45005837000,24332885000,12752294000,183983000,156009000,13038690000,-1144665000,238768000,-97412000,0.6126,0.3979,37.0734,3.1097,0,1.9975,105.5508,0.1867,10.4075,-8.1546,37.8573,315.6324,0.226,1.2109,0.6201,71.5588,0,0.1818,1.0687,1.6465,0,0.3148,0,5.4729,22724248000,943986000,26198344000,7366775000,65914000,69338722000,8509955000,986225000,37097023000,2604945000,3970159000,10238759000,21332854000,461856000,806370000,52365000,10830404000,8825646000,12297687000,3450497000,2665253000,278266000,3389149000,0,0,0,0,0,0.1039,30.7661,47.4002,373.6962,155.973,482.1699,0.577,0.4953,0.6059,0.6059,-0.9082,0.641,1.4906,84.0617,11.7374,3.5848,6.2588,28.4412,30.7661,210.9696,-0.0414,9.062,4.3493,0,4316838000,239178000,0,6415430000,1958052000,46614474000,11760620000,0,0,7908814000,0,69338722000,244007000,79000,79000,2039316000,149239000,0,0,1293904000,0,3450497000,3172231000,0,0,0,0,-0.5503,11.4061,81.4283,-6.1054,3.6117,1.6363,0.9143,0.6409,1.8939,11.4061,81.4283,0,27.0464,37.7831,-0.4862,0.1182
SZ002594,2013-06-30T00:00:00.000000,2,0.0562,26040933000,132395000,2301338000,15.3172,3.991,2.1176,15.9046,539.0333,0.9776,4892987000,0,272230000,26040933000,426938000,27287599000,2351989000,0,0,65.5023,45.0324,2.748,3.9971,478.6336,2524.2424,-48.0619,1.0454,4.0625,65.7878,8.8374,0.8191,0.1814,6769571000,0,8593491000,10792013000,4764563000,47364825000,24631488000,25733769000,618392000,536258000,27961573000,-2187753000,682312000,824519000,0.6208,0.4127,28.1857,3.1936,0,5.5751,110.5347,0.3701,19.2668,8.1353,288.0862,2524.2429,0.7622,2.0593,1.6358,44.0222,1.1942,0.4494,3.1965,4.8587,0,0.9776,0,11.0619,25627908000,907012000,26830032000,6966134000,65914000,71996313000,8957074000,1523719000,41278772000,1882227000,2975088000,10549721000,21592699000,991114000,1582628000,95256000,21899219000,18572489000,25660235000,6443784000,4620823000,756147000,4311080000,536258000,1558671000,-1323953000,-231909000,1197828000,0.1185,29.9914,45.588,392.8833,164.3721,486.2964,1.0951,0.9812,1.2172,1.2172,-1.7566,1.8668,2.473,84.0954,11.9282,3.806,6.0775,55.9778,29.9914,219.3557,0.3502,9.17,4.4814,0,3879376000,365828000,0,6650664000,1995109000,46368405000,13397674000,0,0,6086053000,0,71996313000,532460000,-34934000,-34934000,4444876000,164236000,0,0,2351989000,0,6443784000,5687637000,95256000,194787000,4311080000,0,-0.3889,8.4533,80.4796,-6.6483,16.8511,4.087,4.7821,1.8668,2.0447,8.4533,80.4796,0,21.9882,37.2658,-0.9293,0.3212
SZ002594,2013-09-30T00:00:00.000000,2.15,0.0374,38704489000,88130000,1675849000,16.9004,2.8968,3.0366,15.6132,360.3201,0.7119,6484754000,0,267449000,38704489000,465100000,41046069000,3995223000,0,0,67.0021,47.7567,4.0297,5.6537,283.7329,2127.3837,-44.7609,0.691,4.0182,67.3325,4.3299,0,0.1976,7431561000,0,8865441000,12583710000,3707505000,50911062000,24700363000,38383127000,712611000,623886000,41962017000,-3960467000,956018000,2514386000,0.6864,0.4719,44.324,3.355,0,4.0549,114.7588,0.5364,21.7439,18.7097,169.4834,2127.3853,0.8646,1.6119,2.1552,37.5309,0,0.6606,2.2164,3.2917,0,0.7119,0,16.4413,28368035000,1033080000,27000996000,6925386000,65914000,75611425000,8199542000,1565100000,41328960000,2427937000,5964830000,10569032000,21618335000,1406821000,2461019000,147112000,32661487000,29579156000,40286168000,12213621000,9108415000,4851098000,6000947000,0,0,0,0,0,0.1569,28.5914,42.4629,434.7272,175.4453,503.3901,1.5389,1.4879,1.808,1.808,-2.8713,1.9878,1.9068,84.3868,12.1703,3.6348,6.3585,62.4691,28.5914,235.4995,1.0681,9.18,4.4896,0,3774796000,740229000,0,6553402000,2473406000,47243390000,13419876000,0,0,9582102000,0,75611425000,842605000,-53913000,-53913000,6763114000,189756000,155000000,0,4150223000,0,15213621000,10362523000,0,0,0,0,-0.7393,12.6728,80.065,-5.5057,29.3447,4.7502,10.0435,1.9877,2.177,12.6728,80.065,0,30.7114,35.7102,-1.6824,2.0607
SZ002594,2013-12-31T00:00:00.000000,2.58,-0.0242,52863284000,-56930000,2436169000,12.8261,2.578,3.6368,15.3561,440.4899,1.0349,5378828000,0,106653000,52863284000,553059000,54840618000,5763955000,0,0,62.6156,47.4921,5.7494,7.5802,135.0403,579.6257,-56.1471,0.2018,3.4985,67.4624,4.6084,0.433,0.2349,7687422000,0,8220552000,12401503000,3770658000,53158392000,24856441000,52708223000,832081000,775866000,56311328000,-5651392000,1242020000,1224381000,0.6769,0.4799,45.2074,3.4486,0,5.6205,110.1076,0.7246,11.9229,22.7968,186.209,579.6256,1.0576,1.4677,2.7157,12.8176,2.3263,0.7856,3.1227,4.5828,0,1.0349,0,22.4558,29864748000,1083505000,28138688000,6008433000,65914000,78014833000,9258665000,1272407000,43343976000,2685422000,5966837000,10511045000,21709764000,2011845000,3314727000,272303000,44745555000,40076355000,53875159000,16054585000,12822558000,4507758000,4710942000,775866000,3209045000,-986092000,-2815887000,813239000,0.1289,27.8277,40.8398,479.5228,173.6075,496.8398,2.0736,1.9434,2.4641,2.4641,-3.8477,2.4191,1.6241,84.6439,12.271,3.8058,6.2704,87.1824,27.8277,244.8594,0.5201,9.2221,4.465,0,5587754000,376463000,0,7453757000,2204709000,48150085000,13034071000,0,0,9814416000,0,78014833000,1160259000,-48408000,-48408000,8944686000,309563000,197000000,0,5960955000,0,19054585000,14546827000,272303000,417985000,4710942000,0,-0.7281,12.5802,77.1527,-5.7259,36.169,9.1639,13.5414,2.4191,2.1948,12.5802,77.1527,0,31.133,36.0684,-2.4007,1.9149
SZ002594,2014-03-31T00:00:00.000000,0.06,-0.0397,11723871000,-93493000,-1116413000,-9.0035,0.2204,0.6926,17.0099,-9329.8763,-0.4742,4979144000,0,3468000,11723871000,11966000,13257461000,1183060000,0,0,76.6981,63.6129,1.1734,1.4148,-97.3659,-89.3529,-250.6624,0.0296,3.7294,67.691,-9.5226,0,0.0051,8885682000,0,8362696000,11368736000,2872595000,52275259000,24951091000,11711804000,118313000,87514000,13638082000,-1464775000,267499000,-387005000,0.7475,0.528,65.2812,3.4061,0,-2.9308,140.311,0.1518,5.0221,15.5873,-35.6935,-89.3528,0.1127,0.7465,0.5633,2.9312,0,0.1857,-1.4456,-2.1356,0,-0.4742,0,4.9802,28473876000,1370762000,28277078000,5674976000,65914000,77226350000,7556688000,1859865000,38092327000,4328529000,5968872000,10519894000,21725912000,472773000,898700000,73110000,9729657000,11186352000,14754495000,4700578000,5015397000,2171361000,4323937000,0,0,0,0,0,0.1307,28.1328,41.5606,483.7358,220.8097,592.753,0.4076,0.4129,0.5398,0.5398,-1.0152,0.0744,1.036,82.9901,14.4183,4.0326,7.6656,97.0688,28.1328,240.6125,-0.1644,9.229,4.4688,0,4594606000,475355000,0,7880816000,2083175000,48752474000,12339584000,0,0,14182932000,0,77226350000,318914000,-8599000,-8599000,2237054000,18285000,300000000,0,1483060000,0,7633583000,5462222000,0,0,0,0,-1.4746,18.3654,76.8322,-4.0858,-4.6572,0.4918,-1.0107,0.0743,2.7202,18.3654,76.8322,0,39.497,36.6158,-0.6222,0.9224
SZ002594,2014-06-30T00:00:00.000000,1.53,0.0377,26715706000,93466000,-543669000,2.5912,3.0667,2.0413,16.7014,-150.7298,-0.2196,8797623000,0,333261000,26715706000,360691000,27256985000,3489037000,0,0,70.1111,66.5262,2.5674,2.7057,22.4189,-15.5168,-122.4609,1.2474,4.9766,66.9437,-2.035,-0.1602,0.1457,12060293000,0,9115431000,13011769000,5699820000,58026434000,28653061000,26375260000,648931000,561582000,28045969000,-3689690000,774816000,3659081000,0.8158,0.6156,49.3045,3.2903,0,-1.194,136.6372,0.326,6.0737,56.8835,4.9385,-19.6761,0.682,2.1021,1.5616,51.3554,1.3626,0.537,-0.6272,-0.9369,0,-0.2196,0,10.7899,37148056000,1361644000,28260965000,6457933000,65914000,86679495000,9353063000,1580379000,45534634000,8451645000,2989866000,10743702000,25336009000,985814000,1926761000,107755000,22253817000,21477527000,28589638000,15200234000,10170335000,7837457000,8370023000,561582000,1777259000,-993598000,-2476686000,-297295000,0.1932,29.2295,43.6629,412.6645,223.0211,552.0911,0.8071,0.939,1.1357,1.1357,-2.4436,16.7033,2.5149,83.2986,13.2866,3.69,7.2121,48.6446,29.2295,229.0275,1.4778,10.2326,4.3391,0,4234018000,427033000,0,7934543000,2350553000,49531439000,12102316000,0,0,12491800000,0,86679495000,637036000,-7185000,-11446000,4997255000,144347000,345000000,0,3834037000,3342088000,18782608000,10945151000,107755000,266895000,8370023000,0,-1.4895,14.4115,89.6502,-3.3871,24.3876,0.4346,11.1064,10.9576,2.3845,14.4115,89.6502,0,33.0228,32.604,-1.4902,3.1654
SZ002594,2014-09-30T00:00:00.000000,1.65,-0.1575,40408603000,-389969000,-1598587000,4.4029,2.2046,2.7727,15.3592,-411.044,-0.6456,6070079000,0,-41545000,40408603000,388909000,40433378000,5780414000,0,0,71.4768,68.3848,3.7775,3.9482,-115.5338,-16.3816,-190.6933,-0.1028,4.2511,67.869,-3.9561,0,0.1571,12781710000,0,9888041000,13367667000,6347259000,60611016000,28694897000,40639821000,682580000,618330000,41586148000,-5672570000,1442481000,1012237000,0.7924,0.5883,47.9381,3.3926,0,-3.2983,139.8615,0.4854,11.5347,66.2678,-4.2142,-20.4983,0.7391,1.5302,2.0533,-6.0865,0,0.6938,-1.79,-2.6375,0,-0.6456,0,16.3201,38403194000,1492313000,28718896000,6346831000,65914000,89305913000,9192469000,2542399000,48466888000,8153371000,2990412000,10770796000,25332934000,1590962000,2965226000,189254000,34202165000,32673852000,43184735000,20044898000,14041348000,8224094000,5723179000,0,0,0,0,0,0.1252,28.3665,41.7959,440.1766,225.3652,556.288,1.1981,1.4233,1.718,1.718,-3.4328,16.6891,1.7153,84.6408,13.8372,3.9372,7.3381,106.0865,28.3665,239.2578,0.4088,10.2314,4.3501,0,6498936000,756327000,0,7832019000,2726214000,50902719000,13171542000,0,0,12144128000,0,89305913000,1035231000,189673000,-9378000,7335263000,596644000,488800000,0,6269214000,3342088000,23707973000,15483879000,0,0,0,0,-1.2067,13.5983,88.21,-4.0645,28.5904,2.062,14.473,10.9442,2.5619,13.5983,88.21,0,32.4042,32.1579,-2.291,3.3215
SZ002594,2014-12-31T00:00:00.000000,1.84,-0.2735,58195878000,-677281000,38069000,10.0875,1.8418,3.5871,15.5544,8.7813,0.0154,4453164000,0,-179115000,58195878000,433525000,55080498000,8578136000,0,0,66.6573,66.312,5.4008,5.4289,-267.9418,-21.6132,-98.5142,-0.3078,3.902,69.2641,0.0654,0.006,0.1751,13751929000,0,9978317000,12676440000,6496195000,65114418000,28894437000,58443359000,873952000,739870000,56791485000,-7961702000,1789666000,-621476000,0.7682,0.58,47.672,3.567,0,0.0718,132.9692,0.6798,21.3826,78.8887,5.0321,-25.4724,0.8602,1.2713,2.6311,-20.4948,2.6598,0.9171,0.0405,0.0585,0,0.0154,0,23.504,40733096000,1413553000,30014805000,6364617000,65914000,94008855000,11323422000,3646738000,53022124000,7988331000,2990968000,10638814000,25365597000,2228758000,4430271000,293884000,49143886000,42340684000,56753416000,26336791000,21022402000,7270949000,4089466000,739870000,3703736000,-1917519000,-9993381000,5811963000,0.084,26.9821,38.9554,483.1145,215.851,529.5614,1.6678,1.9816,2.4725,2.4725,-4.5169,16.8396,1.5281,84.4456,13.8294,3.8298,7.6127,120.4948,26.9821,256.7037,-0.251,10.2446,4.2968,0,9352355000,563061000,0,8611261000,2244884000,53275759000,14613079000,0,0,12092294000,0,94008855000,1389125000,68366000,-122389000,9811197000,1323344000,532450000,0,9285046000,3442088000,30083067000,22812118000,293884000,611111000,4089466000,0,-0.984,12.8629,84.5103,-4.9633,36.3919,6.6674,20.5013,11.0872,2.387,12.8629,84.5103,0,32.2824,31.9276,-3.2156,2.9366
SZ002594,2015-03-31T00:00:00.000000,0.48,0.0163,15282504000,40387000,3937007000,30.3537,1.9023,0.9588,17.1628,3255.1775,1.5901,5055217000,0,106793000,15282504000,120946000,21132216000,2490939000,0,0,73.9866,81.153,1.2164,1.109,2979.3829,910.7471,435.2861,0.6988,3.9692,68.4912,25.7615,0,0.0488,13808531000,0,10835904000,10996561000,6826396000,63166378000,29059222000,15148695000,203994000,153291000,21518896000,-1046744000,340276000,515171000,0.7468,0.5372,45.0032,3.4773,0,7.6164,155.1395,0.1641,29.5743,0.4116,72.4189,860.9865,0.1646,1.003,0.6514,52.3511,0,0.245,4.2689,6.2328,0,1.5901,0,6.1723,38604336000,1446746000,29598602000,6589488000,65914000,92225600000,10638164000,3225295000,51691473000,7375974000,2991532000,10758582000,25497968000,611312000,1104840000,35664000,12659597000,12890056000,17581889000,3784670000,5760684000,-2403405000,4604637000,0,0,0,0,0,0.0978,27.6474,40.3664,471.9848,233.6125,548.3755,0.3853,0.5036,0.6009,0.6009,-1.2045,0.5219,1.3804,82.8372,13.8639,4.0001,7.2294,47.649,27.6474,247.731,0.2081,10.298,4.3451,0,5891287000,732948000,0,8398720000,2634396000,53621264000,15356742000,0,0,11474905000,0,92225600000,402594000,-27016000,-27016000,2811644000,1525175000,80980000,0,2571919000,0,3784670000,6188075000,0,0,0,0,-0.8768,12.4422,86.1459,-5.2856,-5.2261,-1.3867,-1.8969,-4.4275,2.6343,12.4422,86.1459,0,31.036,32.0937,-0.4228,-0.9707
SZ002594,2015-06-30T00:00:00.000000,1.82,0.0616,31582366000,152479000,3022041000,18.2165,3.6454,2.0392,17.4357,647.5895,1.2205,3876512000,0,462288000,31582366000,466660000,37881353000,5352455000,0,0,80.1742,81.4988,2.2451,2.2086,38.7165,29.3794,655.8604,1.4638,4.8072,69.1107,9.5688,0.7975,0.1885,14847226000,0,13250603000,15008152000,3738195000,65833737000,29424630000,31030739000,830538000,624196000,39102870000,-4487876000,831898000,-530670000,0.761,0.5043,55.0207,3.5478,0,5.8548,161.673,0.3337,45.3645,7.9647,27.9856,29.3794,0.6596,1.9764,1.5419,55.6613,1.5589,0.6132,3.1725,4.5904,0,1.2205,0,12.7554,39280039000,1883569000,29664657000,7292618000,65914000,95258367000,11565056000,2117358000,51616728000,7131497000,5979495000,11103398000,25839369000,1201130000,2302538000,161747000,26075750000,27030595000,36080829000,11276295000,9569412000,920967000,3558796000,624196000,1942665000,-3387529000,4395972000,-1751810000,0.0751,27.1256,39.2494,496.6232,228.0128,539.3532,0.7894,1.0469,1.2336,1.2336,-2.565,1.8678,2.7494,82.5643,13.0842,3.8032,7.2906,44.3387,27.1256,254.7807,-0.2143,10.4359,4.4844,0,3836197000,423005000,0,8691419000,2741265000,55978328000,14556679000,0,0,14217009000,0,95258367000,628644000,-89339000,-90805000,5952021000,1557359000,692780000,0,6045235000,0,11322277000,10401310000,161747000,398907000,3558796000,0,-1.1524,14.9247,87.1049,-4.9825,-3.5673,-1.1666,1.3291,1.8678,1.9905,14.9247,87.1049,0,35.4925,31.1413,-1.8126,0.372
SZ002594,2015-09-30T00:00:00.000000,7.22,0.1971,48493574000,487992000,-1541010000,20.008,9.9356,4.9116,17.7413,-78.5684,-0.6224,4904829000,0,2272213000,48493574000,1961360000,52458430000,8452217000,0,0,88.7116,83.1642,3.0436,3.2466,5569.2815,404.3236,3.6017,4.6856,7.7971,69.4174,-3.1778,0,0.7921,16121629000,0,16234457000,20511366000,5992153000,74040214000,32619245000,47483074000,2745558000,2182542000,54033084000,-7393133000,1381271000,489945000,0.7983,0.5268,49.1219,3.5552,0,-2.5767,171.8759,0.4833,64.1827,17.2318,302.2324,404.3236,2.1753,4.5007,3.7685,82.7596,0,1.5271,-1.4448,-2.0813,0,-0.6224,0,19.5854,47741252000,1877565000,29799374000,7380580000,65914000,106659459000,13114539000,2276116000,59806408000,8252753000,4483071000,12588315000,28976472000,1738371000,3742275000,192832000,39890192000,42178635000,55574094000,20897390000,13384611000,9358272000,4579411000,0,0,0,0,0,0.082,27.1673,39.1361,462.754,246.3014,558.6353,1.0962,1.5981,1.7848,1.7848,-3.9824,14.2353,5.9163,82.2587,13.4372,3.5847,7.7171,17.2404,27.1673,255.5184,0.1979,11.0163,5.0841,0,6240152000,1050000000,0,9008868000,2870971000,58918207000,12804908000,0,0,14233806000,0,106659459000,1035546000,1261713000,-177916000,9106944000,1901184000,793280000,0,9294317000,0,24130154000,14771882000,0,0,0,0,-1.1797,13.3451,97.2385,-4.8728,17.2051,-0.7177,13.4568,7.5333,2.1354,13.3451,97.2385,0,32.9408,27.9388,-2.9859,3.7796
SZ002594,2015-12-31T00:00:00.000000,10.22,0.4873,80008968000,1206641000,3842094000,37.4822,10.3689,7.1007,16.8674,136.0784,1.5517,6596426000,0,3175965000,80008968000,2823441000,80908941000,12290161000,0,0,69.6278,79.3509,5.1703,4.5368,1873.143,551.2752,9992.4491,3.9695,6.6392,68.802,4.8021,0.4023,1.1403,21519093000,0,15750550000,19943800000,6469060000,79456514000,36029241000,78061580000,3794986000,3138196000,82963841000,-10606440000,1762667000,2190065000,0.823,0.5848,41.3273,3.4604,0,5.8117,148.9788,0.7638,57.8478,56.4805,334.2328,551.2752,2.996,3.9223,5.0035,83.6885,4.333,2.1454,3.3269,4.8355,0,1.5517,0,32.3138,54411666000,1888715000,32368535000,5757798000,65914000,115485755000,18581611000,2438009000,66110124000,6745955000,4483946000,13104044000,32294404000,2867992000,5415060000,551648000,66513559000,61227193000,79121747000,24534345000,18760798000,8749785000,6279531000,3138196000,4485620000,-6223543000,-6094688000,6768687000,0.1001,27.964,40.6441,412.0724,214.0517,471.31,1.6818,2.5427,2.7752,2.7752,-6.6709,27.3158,4.9775,83.1326,12.1599,3.5846,6.7681,16.3115,27.964,246.038,0.8845,11.7506,5.2924,18207000,6798810000,509414000,0,8790228000,3075674000,61074089000,12897076000,0,0,13346390000,0,115485755000,1445995000,1210370000,-242799000,12586188000,2954313000,1070592000,0,13560753000,0,29281148000,20531363000,551648000,930997000,6279531000,0,-1.1409,11.5567,99.771,-4.7247,33.581,7.8419,22.8456,14.7002,1.8073,11.5567,99.771,0,29.2422,28.0282,-4.2837,3.5338
SZ002594,2016-03-31T00:00:00.000000,2.73,0.3209,20285247000,794597000,-1253340000,32.7351,11.6537,1.6893,19.0567,-147.329,-0.5062,3910076000,0,1083880000,20285247000,850708000,23067988000,2718536000,0,0,88.3608,98.0302,1.0186,0.9181,914.9354,603.3784,-131.8348,5.3432,7.072,67.1288,-6.1786,0,0.3436,22671297000,0,16490447000,21344020000,7117353000,75322208000,36883346000,19146072000,1148530000,897646000,23650658000,-2512597000,401632000,-2634401000,0.8076,0.5468,36.5359,3.2756,0,-1.9822,186.391,0.1782,52.1834,5.3543,463.0215,603.3784,0.7885,4.4251,1.2601,94.3711,0,0.5794,-1.117,-1.664,0,-0.5062,0,8.1927,51066219000,1813697000,32553067000,5946868000,65914000,112205554000,13483268000,1986353000,63228574000,5591491000,4486254000,13904635000,33100652000,602332000,1298477000,232024000,16419554000,19624868000,24903998000,6175695000,5282345000,1139467000,3645130000,0,0,0,0,0,0.0618,29.5,43.9454,376.4953,233.988,505.1015,0.3846,0.6225,0.6204,0.6204,-1.7003,2.4966,6.1728,80.9433,10.7805,2.9693,6.4011,5.6289,29.5,227.5551,-1.064,11.8356,5.6158,0,3954054000,399314000,0,9073892000,2879253000,61139335000,14233655000,0,0,12093634000,0,112205554000,286037000,-51010000,-52402000,3530761000,258026000,52087000,0,2770623000,0,6823444000,5683977000,0,0,0,0,-0.9944,10.7781,101.6821,-4.9121,-6.1484,0.5701,-2.8404,0.7233,1.4101,10.7781,101.6821,0,26.7592,29.012,-1.0148,0.4602
SZ002594,2016-06-30T00:00:00.000000,7.14,0.8348,44949565000,2066936000,-1428493000,42.3249,15.0326,4.4503,20.8258,-63.2162,-0.5769,5468747000,0,2787346000,44949565000,2259696000,43551571000,6100823000,0,0,80.406,98.4877,2.2386,1.8276,502.9458,384.2275,-147.2691,6.2011,8.6982,68.1381,-3.178,-0.2059,0.9126,27669582000,0,16044181000,25276808000,11298325000,82947757000,38787080000,42055852000,3009075000,2469067000,44634386000,-5876262000,1022790000,-1088204000,0.8038,0.5846,27.9303,3.3816,0,-1.951,178.8938,0.379,21.0826,28.5815,262.3043,384.2274,2.0817,5.493,3.0911,92.6313,2.8503,1.5791,-1.1734,-1.7222,0,-0.5769,0,18.1541,58850900000,1803945000,34972477000,5478912000,65914000,121734837000,15258184000,1629643000,73219856000,6192441000,1494526000,15264228000,34829172000,1804047000,3022396000,367359000,35588441000,36158957000,46062879000,17691138000,11120076000,6183547000,5191327000,2469067000,2524787000,-449585000,-4895831000,-2841724000,0.0748,28.6107,41.9893,383.1298,226.7793,474.9735,0.7937,1.3263,1.3393,1.3393,-3.4487,7.8489,7.3263,79.1742,12.1997,4.0135,6.724,7.3687,28.6107,238.156,-0.4395,12.5337,6.1649,5045000,5809411000,383688000,0,8950059000,3035263000,62883937000,13866924000,0,0,9727901000,0,121734837000,657280000,-93205000,-114799000,6534818000,1027939000,803378000,0,6904201000,0,18326413000,12142866000,367359000,622705000,5191327000,0,-0.677,7.9911,99.5902,-5.8033,8.1586,8.0447,5.4111,6.6644,1.4623,7.9911,99.5902,0,21.8325,28.7284,-2.3733,2.4974
SZ002594,2016-09-30T00:00:00.000000,9.23,1.2696,72797790000,3463612000,-2828936000,50.1184,12.8792,6.1835,21.0771,-77.2063,-1.0369,7588506000,0,4442837000,72797790000,3664126000,66846239000,9087425000,0,0,78.8165,102.9298,3.4257,2.6231,95.5291,86.8156,-66.61,6.103,8.0232,59.207,-3.886,0,1.3431,33985044000,0,17792667000,19170364000,7288111000,79292522000,54631787000,68031248000,4850300000,3971651000,68436576000,-8841636000,1684777000,1032990000,1.0568,0.7897,25.0365,2.568,0,-4.2456,181.7462,0.5838,9.5982,57.9297,76.6599,69.5495,3.1848,5.4557,4.6836,91.5992,0,2.1409,-2.1123,-3.5677,0,-1.0369,0,26.684,70414591000,1829503000,35430943000,4754746000,65914000,133924309000,18147881000,1588813000,66632148000,6090552000,4489583000,16604097000,50567699000,2863831000,5440908000,353221000,57454150000,55822292000,71265512000,21019222000,21686397000,12651613000,7312521000,0,0,0,0,0,0.1139,37.7584,63.7736,210.1366,231.4843,462.519,1.1664,2.2339,1.7571,1.7571,-18.3925,56.5835,7.2664,78.9229,12.7685,3.934,7.474,8.4008,37.7584,156.8047,0.3786,17.1442,6.0862,2220000,6581799000,477357000,0,9053848000,2500712000,63509718000,14049464000,0,0,12660374000,0,133924309000,990438000,-307718000,-154740000,10219816000,1089836000,843047000,0,9931472000,14364452000,36023769000,23372156000,0,0,0,0,3.3471,9.4534,142.7219,1.3865,29.4108,9.4611,15.9661,45.9009,1.3605,9.4534,142.7219,0,20.0233,26.4559,-3.2409,4.6374
SZ002594,2016-12-31T00:00:00.000000,12.91,1.6911,103469997000,4613455000,-1845571000,29.323,13.1988,8.7582,20.3625,-36.5304,-0.6765,7693666000,0,5849534000,103469997000,5052154000,87581417000,13053450000,0,0,72.3684,110.0964,4.9746,3.2699,84.1813,78.9361,-143.5959,5.6534,8.0874,61.8053,-1.7837,-0.1204,1.8519,41768002000,0,17378439000,25009611000,7918830000,89661415000,55409363000,96739512000,6568410000,5480012000,89709308000,-13442642000,3208633000,1079063000,0.999,0.7771,22.1317,2.7493,0,-2.3565,182.4648,0.7942,10.3354,94.0974,73.0813,62.3982,4.2064,5.2962,5.98,89.0556,5.6432,3.0673,-1.2722,-2.0584,0,-0.6765,0,37.9269,78240081000,2244758000,37483211000,4565424000,65914000,145070778000,19501485000,1850792000,78317604000,4847936000,4490584000,16238160000,51255929000,4196339000,6842635000,565731000,82400900000,70164209000,91554879000,31223339000,26691182000,16270217000,7358594000,5480012000,5308825000,-1984925000,-19811441000,4830456000,0.0982,35.3317,57.1661,237.9159,230.7656,453.2732,1.56,2.9469,2.4768,2.4768,-17.5731,58.7146,6.9388,79.6375,11.85,4.0556,6.6132,10.9444,35.3317,174.9289,0.3955,17.3965,5.9521,0,6362378000,563215000,0,8946267000,3109304000,66830697000,15742125000,0,0,11343811000,0,145070778000,1222190000,-726027000,-599824000,14065652000,1288013000,926905000,0,14730655000,14473000000,46292139000,30021922000,565731000,1718744000,7358594000,0,-146.3283,7.8195,136.7437,-0.0284,43.7928,15.8014,25.6179,48.0481,1.1812,7.8195,136.7437,0,18.1212,25.8379,-4.9274,5.9638
SZ002594,2017-03-31T00:00:00.000000,1.15,0.1637,21046138000,446478000,-2418308000,3.751,5.0659,1.0486,21.0034,-399.1958,-0.8864,9097580000,0,825616000,21046138000,605795000,22739130000,3304563000,0,0,93.3273,177.5536,0.9643,0.5069,-23.8277,-28.7893,-75.1161,3.9229,6.6588,61.5018,-11.4905,0,0.2221,41272389000,0,17102320000,27976568000,7394671000,89993235000,56332874000,20209107000,1021631000,781366000,23044464000,-3500329000,457855000,1462348000,1.0587,0.8254,32.1269,2.7306,0,-3.2998,270.8809,0.1445,3.7105,-1.1866,-11.0488,-35.3708,0.5363,3.7126,0.9619,80.8135,0,0.5137,-1.6527,-2.6872,0,-0.8864,0,7.7145,77591345000,2497645000,38214112000,4880021000,65914000,146326109000,14149423000,1382294000,73286843000,7191753000,7491851000,16766041000,52001236000,1058996000,1556914000,267755000,16625725000,19345581000,25462772000,12091644000,7304316000,7387907000,8820942000,0,0,0,0,0,0.1241,35.5379,57.7835,237.8897,333.1925,623.053,0.2701,0.5592,0.4076,0.4076,9.958,1.4541,5.2067,78.9966,14.234,5.0318,7.3976,19.1865,35.5379,173.0598,0.536,17.6697,6.1456,0,4399212000,594523000,0,8990259000,3745058000,68734764000,15053586000,0,0,16706392000,0,146326109000,379790000,-2756000,-3076000,3878873000,799234000,245000000,0,4299563000,0,15150078000,7762171000,0,0,0,0,3.8811,11.4172,136.0786,1.5778,-0.8292,1.9499,0.8653,-8.0606,1.8046,11.4172,136.0786,0,24.3152,26.1157,-1.283,2.708
SZ002594,2017-06-30T00:00:00.000000,3.33,0.4089,45037637000,1115561000,-3470247000,0.1959,7.1573,2.8806,20.3213,-201.4173,-1.272,8701073000,1383490000,2567559000,45037637000,1722914000,42639466000,6684272000,0,0,89.0905,176.4494,2.0204,1.0201,-7.8852,-23.7546,-120.4782,5.7009,8.2442,62.8133,-7.7052,-0.5222,0.6315,46530489000,0,18144296000,34032436000,4532569000,96565937000,57169035000,43042887000,2650010000,2165163000,44066868000,-6939226000,1189947000,961658000,1.0648,0.8324,35.1546,2.835,0,-4.4453,265.5399,0.3015,13.0896,11.4022,-11.9327,-30.8014,1.4492,4.8075,2.4262,96.8887,2.5287,1.361,-2.2573,-3.5937,0,-1.272,0,16.5085,83126454000,2476898000,39700110000,4807610000,65914000,153734972000,16087628000,1866446000,78066217000,7316219000,8985120000,17341441000,52623901000,2248952000,1736852000,251448000,35885394000,36761281000,47537115000,27369197000,19261478000,11364523000,8320252000,2165163000,2563130000,-989937000,-2767620000,-6238417000,0.1115,34.2303,54.4953,254.821,322.4634,597.1121,0.5582,1.1625,0.8671,0.8671,18.0776,2.6689,6.4878,79.6787,11.0144,4.9935,3.8564,3.1113,34.2303,183.5021,0.3525,17.8979,6.3565,0,4183255000,550188000,35927000,9234312000,3943853000,70608518000,13485020000,0,0,18499720000,0,153734972000,974813000,-2377000,-19020000,7198709000,2189801000,377355000,0,9129027000,0,31869197000,20504674000,251448000,622467000,8320252000,0,3.6559,12.0335,132.5535,1.8548,6.2454,5.9144,5.9724,-5.4139,2.1644,12.0335,132.5535,0,26.0107,25.8237,-2.5436,4.1657
SZ002594,2017-09-30T00:00:00.000000,5.34,0.7217,73932895000,1968971000,696008000,1.5593,7.6216,4.5047,19.8583,24.9337,0.2551,8779718000,2387095000,4065770000,73932895000,2791435000,66867542000,10268043000,0,0,85.4657,170.6291,3.1592,1.5824,-8.4871,-23.8172,124.6031,5.4993,7.8766,64.2587,0.9414,0,1.0232,51677203000,0,20132187000,35295735000,8670256000,105851814000,58875729000,70545438000,4195639000,3461878000,69121080000,-11138356000,2587601000,1112450000,1.0057,0.7854,26.7511,2.9565,0,0.7617,256.0948,0.4773,13.1488,23.7244,-13.4973,-23.8171,2.2349,4.6825,3.7595,96.9047,0,2.1346,0.4225,0.6575,0,0.2551,0,27.1001,91896516000,2960915000,41091889000,4784600000,65914000,164727543000,21656214000,2343700000,91378558000,7808930000,4492480000,18352203000,54103403000,3537758000,2679790000,209257000,59251044000,52146305000,68425072000,33974958000,24450852000,11555253000,8471044000,0,0,0,0,0,0.0961,32.8442,51.1124,270.5901,310.6661,565.6856,0.8691,1.9645,1.4034,1.4034,335.7267,5.5554,6.2532,80.1417,10.6114,4.7851,3.6246,3.0953,32.8442,195.6472,0.4078,18.4036,6.727,0,5583781000,557989000,46250000,9201793000,4243641000,72831027000,14836173000,0,0,14473256000,0,164727543000,1627732000,-120315000,-139452000,11206875000,3340131000,998317000,0,14478487000,0,40301356000,28746103000,0,0,0,0,27.9429,8.7862,131.6644,0.1899,17.4545,9.6275,13.5498,5.8025,2.2016,8.7862,131.6644,0,21.1052,24.9454,-4.0828,4.2356
SZ002594,2017-12-31T00:00:00.000000,7.76,1.0949,105914702000,2986923000,6578825000,2.3627,8.2511,6.4915,19.0146,161.7819,2.3341,9902690000,3739491000,5410551000,105914702000,4066478000,94340585000,14776561000,0,0,78.1718,159.1541,4.6052,2.262,-7.5046,-19.51,456.4655,5.1084,7.5187,66.3348,6.2114,0.43,1.4906,51880681000,0,19872804000,35774916000,9873754000,118141943000,59957487000,101373317000,5620641000,4916936000,97524335000,-16175022000,3201316000,1577360000,0.978,0.7887,23.8982,3.1479,0,6.2657,237.3259,0.6555,14.3532,24.2115,-14.4292,-19.51,3.0429,4.6424,4.9108,96.2622,5.5187,2.919,3.6939,5.5686,0,2.4115,0,38.823,102684392000,3064911000,43244815000,4512856000,65914000,178099430000,23319529000,4700280000,104996936000,6369237000,4493109000,19235924000,55004194000,4925288000,3046592000,242586000,85775482000,68094663000,90945510000,46032851000,36249367000,11167824000,8935954000,4916936000,5750952000,-2726616000,-19636274000,14377997000,0.0943,30.884,46.5577,302.2609,307.4777,549.2216,1.1708,2.6142,1.9935,1.9935,-88.6291,7.3128,5.8511,80.9854,9.7119,4.6502,2.8765,3.7378,30.884,214.7872,0.5782,18.7338,7.0509,1095000,6973003000,825499000,66707000,10098178000,4100941000,75415038000,16954070000,0,0,13145007000,0,178099430000,2314401000,-206053000,-224522000,15482853000,3420788000,1606622000,0,19595810000,0,53832851000,42665027000,242586000,1333086000,8935954000,0,-5.6842,7.3807,127.1926,-0.8477,31.2427,15.3712,22.7673,7.687,2.1852,7.3807,127.1926,0,19.2886,24.2813,-5.929,4.0936
SZ002594,2018-03-31T00:00:00.000000,0.08,-0.1204,24737565000,-328531000,-163319000,17.5397,0.8014,0.8383,17.1438,-159.4523,-0.0799,8142104000,1029424000,249126000,24737565000,102425000,25867790000,4041388000,0,0,97.9948,189.5056,0.9184,0.4749,-69.8254,-83.0925,93.2465,1.0071,4.5235,66.9674,-0.6602,0,0.0375,52295046000,0,24761863000,37461146000,14038984000,121944695000,60150841000,24909165000,305561000,264141000,27097116000,-5310146000,664568000,-1263758000,0.9365,0.7149,18.594,3.2157,0,-0.1462,287.5004,0.1374,44.7866,0.7987,-70.0909,-83.0924,0.1467,1.0678,0.6213,81.5307,0,0.4102,-0.0897,-0.1339,0,-0.0599,0,9.0675,104619749000,3247672000,44205349000,4688262000,88394000,182095536000,21648377000,5871578000,111711094000,6458494000,1495090000,20510020000,55037097000,1172277000,853974000,84355000,20496606000,20195483000,27260435000,11707232000,8694483000,4247304000,7672196000,0,0,0,0,0,0.0729,30.2243,45.1328,317.4229,377.1061,655.2292,0.2387,0.57,0.4496,0.4496,-5.2611,0.0598,1.3094,82.8562,11.4793,4.7389,3.4521,18.4693,30.2243,221.5682,-0.4632,18.7458,7.5179,3121000,4102347000,838622000,66240000,9936425000,4822951000,77475787000,17335806000,0,0,10233601000,0,182095536000,813445000,-3369000,-3369000,4262304000,62596000,191820000,20606000,5372742000,0,13707232000,9459928000,0,0,0,0,-1.4431,5.6199,124.5033,-2.5993,1.8848,2.2212,2.2438,0.0566,3.2883,5.6199,124.5033,0,15.6787,24.2759,-1.9464,1.5568
SZ002594,2018-06-30T00:00:00.000000,0.71,-0.2468,54150930000,-673199000,-1456952000,20.2348,1.8892,1.7349,15.0364,-304.1025,-0.5889,10427332000,2079169000,980585000,54150930000,479099000,47309390000,8274521000,0,0,87.7568,172.4536,2.0511,1.0438,-61.8087,-72.1925,58.0158,1.8108,4.6962,68.9661,-2.6905,-0.2514,0.1756,0,6824670000,24989060000,40146546000,13965625000,131929874000,59366954000,54173166000,1087054000,874361000,50281661000,-8254178000,1471393000,1094081000,0.9401,0.7302,23.7211,3.433,0,-1.2236,260.2104,0.2932,37.7241,0,-58.9792,-72.1925,0.4734,1.6147,1.3126,90.2057,2.5786,0.9322,-0.7616,-1.1043,0,-0.534,0,19.849,111930046000,3380869000,45262542000,8319670000,65914000,191296828000,0,0,119067179000,6281380000,4484486000,18961122000,54224673000,2142749000,1757397000,0,46008597000,38346635000,51738613000,30222700000,24883372000,10790381000,10030035000,874361000,3646261000,-5249684000,-3094663000,682775000,0.0876,28.3458,41.1011,357.4861,356.6938,613.9445,0.5046,1.2195,0.9915,0.9915,-11.4609,-1.4172,2.1212,84.9636,9.6718,3.957,3.2454,9.7943,28.3458,243.3023,0.401,18.448,6.9502,1285000,0,979545000,70471000,10423846000,4904278000,79366782000,0,0,0,12862695000,0,191296828000,1337215000,371643000,-26557000,8816505000,1406297000,283420000,23296000,9660475000,0,37222700000,26432319000,125113000,834487000,10030035000,0,-1.8022,6.7239,119.8003,-2.6161,9.004,4.6658,7.4101,-2.8032,2.4694,6.7239,119.8003,0,19.1731,23.6609,-3.0256,3.9552
SZ002594,2018-09-30T00:00:00.000000,2.65,-0.0605,88981326000,-165054000,6650351000,20.3542,4.0044,3.7528,15.5743,435.5023,2.4377,14102518000,3486877000,2300771000,88981326000,1527053000,75025602000,12531418000,0,0,86.3307,161.5526,3.1275,1.6713,-43.4112,-45.2951,855.4992,2.5857,5.6522,68.8482,7.4739,0,0.5597,54601993000,5402084000,28167379000,41262174000,9004256000,132263257000,59845128000,88045868000,2434155000,2146152000,80294390000,-8812482000,3323348000,4616197000,0.9592,0.7235,23.4781,3.4278,0,5.5664,247.8832,0.4807,39.9122,5.2453,-41.9837,-45.295,1.1594,2.4119,2.3409,94.5203,0,1.8435,3.4618,5.0281,0,2.4377,0,32.6161,114602362000,3582762000,43062774000,9077259000,65914000,192108385000,0,0,119472628000,4952993000,6079388000,19957497000,54479045000,3386517000,2679375000,0,75123069000,53937107000,73644039000,40928505000,40876216000,6703973000,13552151000,0,0,0,0,0,0.1181,28.3585,41.1899,359.418,329.6614,561.669,0.819,2.0505,1.6255,1.6255,-24.7762,-0.9547,2.9296,84.4257,8.9511,3.8059,3.0112,5.4797,28.3585,242.7782,1.6921,18.5413,7.3154,2203000,5983922000,924515000,90690000,10819564000,5015498000,77506023000,0,0,0,12790629000,0,192108385000,1898923000,235931000,88424000,13584818000,5971987000,548420000,24393000,14784469000,2305000,51030810000,44326837000,0,0,0,0,-2.6263,6.658,126.5108,-1.7852,11.6064,-0.421,7.8658,-1.0287,2.1341,6.658,126.5108,0,19.014,22.4159,-3.2302,2.4573
SZ002594,2018-12-31T00:00:00.000000,4.96,0.2146,130054707000,585595000,12522909000,22.7919,5.4295,5.4058,16.4003,450.4329,4.5903,13052095000,4989360000,4241760000,130054707000,2780194000,103812991000,17842390000,0,0,76.4915,140.0146,4.7064,2.5712,-21.6021,-31.6314,90.3517,3.2615,5.7702,68.8063,9.629,0.721,1.0191,49283534000,3469114000,26330345000,37788977000,7482634000,133877098000,60693979000,126985561000,4385640000,3556193000,112560411000,-14230760000,4120193000,2215103000,0.9883,0.7625,31.3563,3.4254,0,10.7429,216.5061,0.698,32.4944,-5.006,-21.9726,-31.6314,1.9085,2.7344,3.7679,96.7193,6.206,2.7507,6.4362,9.354,0,4.5903,0,47.6715,115210575000,3560880000,43678630000,5638810000,65914000,194571077000,25142127000,2300000,116568975000,6847603000,7076777000,20498233000,55198289000,4729481000,3760412000,0,108725343000,72578132000,100037502000,52964977000,57557196000,3916511000,11151057000,3556193000,7589338000,-6584924000,-4385568000,6123683000,0.112,28.3692,41.2306,363.0225,301.5738,515.7883,1.1937,2.9664,2.3603,2.3603,-70.8563,0.3529,3.6593,83.5997,8.5543,3.6365,2.8914,3.2807,28.3692,242.5385,0.8119,18.8049,7.5136,451000,0,1010378000,90066000,11313829000,5384632000,79360502000,21140760000,0,0,17308123000,0,194571077000,2635336000,-113353000,-224724000,18824518000,6176040000,829313000,26872000,20406800000,10835000,67075812000,63159301000,686416000,1809347000,11151057000,0,-12.7416,8.8955,126.3737,-0.4979,12.1987,1.0032,9.2486,1.6329,2.0263,8.8955,126.3737,0,23.8712,22.4487,-5.2163,1.4356
SZ002594,2019-03-31T00:00:00.000000,1.33,0.151,30304111000,411967000,407884000,22.5024,5.7718,1.3465,19.0473,54.404,0.1495,13922572000,1293328000,1014508000,30304111000,749732000,26636297000,4860665000,0,0,100.9703,140.706,0.8914,0.6396,307.2269,631.9815,349.7468,3.3478,6.1091,68.7437,1.346,0,0.2748,45471373000,2557512000,28714138000,43527395000,3823913000,136680075000,62145614000,29239043000,1059734000,888497000,28641629000,-5654885000,888663000,1427481000,1.0184,0.7663,40.3337,3.4187,0,0.3581,241.6763,0.1541,15.9611,-7.7352,246.8159,631.9815,0.4517,2.9319,0.9968,95.7323,0,0.6786,0.2051,0.2984,0,0.1495,0,11.108,115986082000,3722895000,43963167000,0,65914000,198825689000,0,2500000,113887277000,8321072000,9568629000,21165302000,56510599000,1063088000,1044484000,0,24531984000,20826449000,28233745000,17484817000,15892473000,6680731000,12578538000,0,0,0,0,0,0.1223,28.4222,41.3452,363.4846,343.3148,584.1734,0.2622,0.6842,0.5426,0.5426,81.8582,2.3774,3.8479,80.9527,9.9277,3.5081,3.4467,4.2677,28.4222,241.8663,0.5232,19.2859,7.7581,7119000,0,0,98936000,11948910000,5189192000,82839607000,0,0,0,22792798000,0,198825689000,900917000,-194021000,-9370000,4725618000,69711000,394231000,0,5724596000,50000,23473745000,16793014000,0,0,0,0,10.8599,11.4637,0,0.7693,0.6731,0,2.1867,2.558,2.9729,11.4637,0,0,28.7413,0,-2.0728,2.4488
SZ002594,2019-06-30T00:00:00.000000,2.58,0.2714,62184263000,740372000,-2064503000,14.8351,5.6163,2.59,17.1448,-141.9319,-0.7567,11123479000,2495223000,1789091000,62184263000,1454573000,48750979000,11670448000,0,0,94.9872,145.3066,1.895,1.2388,82.4514,203.6059,-41.7001,2.8771,5.5883,68.8737,-3.32,-0.249,0.5332,51114033000,3058518000,28047626000,45647360000,6028012000,137694921000,62228860000,60611042000,1873648000,1648306000,52581567000,-12030045000,1861641000,-1421571000,1.0202,0.7697,45.4146,3.429,0,-1.8441,240.2938,0.3153,12.2396,3.7142,72.3602,203.6059,0.8357,2.6507,1.6865,95.487,3.0641,1.2738,-1.0326,-1.4993,0,-0.7567,0,22.7936,114212984000,3819475000,45196078000,6399676000,65914000,199923781000,18157719000,2500000,111949823000,12053733000,9069961000,21260366000,56689067000,2300530000,2070883000,0,51522898000,39776336000,54646070000,38955597000,35783104000,12661366000,9729486000,1648306000,3960703000,-1820510000,2597526000,-11132180000,0.0995,28.3553,41.17,373.9783,332.0474,570.957,0.5421,1.3804,1.1116,1.1116,137.4601,2.7008,3.2672,82.8552,9.3663,3.6995,3.3302,4.513,28.3553,242.895,-0.5211,19.1685,7.793,14387000,0,1198372000,98265000,12190546000,5837717000,85710797000,18460259000,0,0,25745098000,0,199923781000,1452939000,-273331000,-92332000,10144709000,1752842000,547039000,0,13782887000,60000,50393340000,37731974000,180882000,900561000,9729486000,0,11.3757,12.8775,125.4292,0.8296,-0.8659,3.4741,2.751,1.9335,2.3365,12.8775,125.4292,0,31.2311,22.6067,-4.4096,4.641
SZ002594,2019-09-30T00:00:00.000000,2.67,0.2153,93821797000,587310000,3832666000,5.4399,4.0472,3.4538,16.0375,243.4527,1.4049,10934947000,3839114000,2055748000,93821797000,1574296000,77347304000,15400752000,0,0,92.3213,140.0019,2.9246,1.9285,-10.6496,3.0937,-42.3689,2.1911,4.9752,68.4837,4.085,0,0.5771,48014443000,4444678000,27540926000,43000973000,6686532000,135752257000,62473319000,92217708000,2167630000,1894848000,82739863000,-16516101000,3530284000,-1612471000,1.0232,0.7708,46.9296,3.3891,0,3.5134,232.3232,0.4777,-2.224,-2.5751,-10.9494,3.0937,0.9648,2.0196,2.0956,94.8385,0,1.711,1.9335,2.8233,0,1.4049,0,34.3904,111621276000,3822945000,46806068000,0,65914000,198225576000,20815975000,1500000,109086119000,12960967000,9966779000,21326937000,56821602000,3345688000,3160219000,0,78775111000,57413291000,78907197000,50212626000,56393172000,11036782000,9538586000,0,0,0,0,0,0.1007,28.6651,41.8568,368.623,326.3879,565.1943,0.8272,2.1184,1.6751,1.6751,159.4582,2.9409,2.485,83.9625,9.0106,3.566,3.3683,5.1615,28.6651,238.9096,-0.5911,19.2171,7.8174,54459000,0,0,97573000,12728799000,5521093000,86604300000,13747457000,0,0,26666138000,0,198225576000,1948003000,-380351000,-113605000,14949468000,2149530000,647039000,0,18665631000,1780000,71110132000,60073350000,0,0,0,0,10.5185,13.4524,0,0.9293,-3.1154,0,1.8782,2.667,2.0763,13.4524,0,0,31.9402,0,-6.054,4.0455
SZ002594,2019-12-31T00:00:00.000000,2.62,0.0845,127738523000,230506000,14741007000,-1.7809,3.1146,4.3521,16.2944,913.0668,5.4033,12650083000,5629372000,2312288000,127738523000,1614450000,107166119000,20627160000,0,0,87.3734,131.3552,4.1202,2.7407,-45.4875,-41.9303,17.7123,1.8102,4.6333,68.002,11.54,0.9004,0.5918,43933795000,4502139000,25571564000,40332365000,8747448000,133040173000,62601420000,125615182000,2431131000,2118857000,113722388000,-20881446000,4388702000,523240000,0.9902,0.7535,44.0631,3.3438,0,13.6454,218.7286,0.6547,-2.8818,-10.855,-44.5661,-41.9303,1.086,1.6587,2.7909,95.1116,5.7763,2.1694,7.5347,11.0801,0,5.4033,0,46.8225,106966605000,4060175000,49443360000,5721076000,65914000,195641593000,22520530000,2000000,108028947000,11947932000,9968555000,21056234000,56762289000,4345897000,4140997000,0,106924288000,70932255000,98981381000,58478303000,68598918000,6610345000,11674297000,2118857000,8104315000,283960000,8068298000,-9983177000,0.1174,29.0134,42.6655,362.9849,313.0762,549.8598,1.1499,2.708,2.2818,2.2818,-105.5367,2.8334,2.0529,83.7056,9.0035,3.4022,3.2418,4.8884,29.0134,234.3813,0.1918,19.1954,7.7182,34345000,0,1561194000,96902000,12650308000,5747851000,88674988000,13647638000,0,0,25011226000,0,195641593000,3014032000,-808695000,-422776000,20316157000,2401053000,1088939000,0,23282499000,1786000,79796391000,73186046000,139176000,1476948000,11674297000,0,-23.5435,12.7842,114.8027,-0.3894,-7.1556,13.1981,0.5502,0.3269,2.3595,12.7842,114.8027,0,30.586,25.2724,-7.6541,2.423
SZ002594,2020-03-31T00:00:00.000000,0.08,-0.1729,19678542000,-471700000,4948683000,-35.0631,0.8607,0.817,17.6569,4393.5181,1.8139,12641416000,756531000,374508000,19678542000,112636000,19136788000,3930861000,0,0,145.5226,190.8886,0.6185,0.4715,-63.0848,-84.9765,1113.2574,1.9031,6.5246,67.2033,25.1476,0,0.0413,39541976000,4870865000,26829232000,38466906000,8537569000,128602511000,62760763000,19786960000,381935000,321968000,20681741000,-4489667000,921158000,-75183000,1.0055,0.7398,48.7123,3.2675,0,4.9009,336.4112,0.1017,-6.5644,-9.9964,-63.9594,-84.9764,0.1664,1.6361,0.6909,98.0554,0,0.4706,2.586,3.848,0,1.8139,0,7.2132,101528167000,4866511000,48798591000,0,65914000,191363274000,17990531000,1300000,100975290000,14533550000,9970309000,21085659000,56715028000,684500000,941825000,0,16203918000,9868115000,15733058000,20026193000,19534128000,-526416000,11599114000,0,0,0,0,0,0.1261,29.6374,44.101,354.6966,476.7764,884.9853,0.1888,0.3932,0.3468,0.3468,-77.2518,-0.0833,2.0332,82.3431,13.1172,3.4784,4.7861,1.9446,29.6374,226.7521,-0.0276,19.178,7.7289,94565000,0,0,96230000,12651000000,6147953000,89835107000,13665388000,0,0,27627221000,0,191363274000,954958000,-94537000,2523000,3855249000,6058114000,816920000,0,10547781000,0,20026193000,20552609000,0,0,0,0,49.9699,14.4371,0,0.2027,-5.0842,0,-2.1868,-0.0902,4.8528,14.4371,0,0,32.7561,0,-1.6457,-0.193
SZ002594,2020-06-30T00:00:00.000000,2.84,0.3358,60502986000,916227000,15538447000,-2.7037,6.1742,2.7457,19.5962,934.6828,5.6956,13241316000,2525361000,2948123000,60502986000,1662430000,55224386000,6495700000,0,0,98.7308,130.6689,1.8231,1.3775,64.7833,14.2899,852.6483,4.8727,7.702,65.9917,25.6821,1.5512,0.6094,43909067000,8351568000,27794288000,32091445000,9540363000,130423547000,67212858000,57537273000,2928081000,2383423000,58718856000,-6912217000,2092739000,1045997000,1.0739,0.7997,48.4945,3.1763,0,15.3297,229.3997,0.3077,-0.9032,-0.0563,56.277,14.2898,1.2121,3.9393,2.3353,100.6845,3.6352,1.7081,7.8621,11.9138,0,5.6956,0,22.1774,108849577000,4776938000,48539242000,6670502000,65914000,197636405000,23836677000,1300000,101361651000,15822055000,9874753000,22387637000,59928232000,2005390000,2020257000,0,48646685000,30412006000,43180409000,34136488000,44540133000,-7558569000,12720294000,2383423000,3860314000,-2774586000,668574000,7627130000,0.1312,30.3225,45.9489,324.4116,321.033,585.0128,0.5607,1.2203,1.037,1.037,18.8319,5.5775,5.3888,80.4038,9.4039,3.3145,3.3391,-0.6845,30.3225,217.6329,0.3834,20.2825,8.2062,60923000,0,1270798000,95559000,12024065000,5946277000,88786828000,11575368000,0,0,29061896000,0,197636405000,1663988000,-127814000,-95207000,9074640000,15343903000,860420000,0,22256120000,2280000000,39171252000,46729821000,366034000,1282625000,12720294000,0,3.8812,14.7047,123.4635,2.7447,1.7603,-1.8286,1.0196,6.8851,2.7503,14.7047,123.4635,0,32.6574,24.5599,-2.5337,-2.7706
SZ002594,2020-09-30T00:00:00.000000,5.89,0.9139,105022633000,2493146000,28663476000,11.9384,8.3255,4.8551,20.7489,839.6921,10.5066,13181897000,4891791000,5800312000,105022633000,3413570000,94936925000,9176983000,0,0,94.8282,106.4876,2.8473,2.5355,182.1509,116.8315,647.873,5.5229,7.7382,65.5183,27.2927,0,1.2512,38907717000,7420419000,32892862000,24789523000,9201306000,128939418000,67859599000,99185957000,5677776000,4901871000,101345583000,-10018905000,3096248000,646855000,1.0792,0.7498,48.6435,3.1575,0,28.7014,201.3158,0.5352,19.4327,-11.4401,161.9347,116.8315,2.4981,4.6674,4.4522,102.1582,0,2.9789,14.5648,22.2302,0,10.5066,0,38.496,107774544000,5229248000,53190974000,0,65914000,196799017000,32000797000,1400000,99867853000,15654973000,9876424000,24091978000,59764561000,3528320000,3100402000,0,83231542000,49042124000,72682107000,36349600000,54485381000,-17971613000,12321152000,0,0,0,0,0,0.1322,30.3683,46.3509,316.0472,276.0363,504.4578,0.9781,2.0982,1.8025,1.8025,30.6889,5.2892,6.1105,79.2511,9.2237,3.3596,2.9521,-2.1582,30.3683,215.7456,0.2371,20.8823,8.8309,23208000,0,0,94888000,11882649000,5330064000,89024473000,9332481000,0,0,29071565000,0,196799017000,3058263000,-201323000,-107434000,15501784000,18057573000,1353195000,0,28076478000,2800000000,41590072000,59561685000,0,0,0,0,3.6768,14.7722,0,2.8982,0.7553,0,0.5916,8.2724,2.912,14.7722,0,0,32.7249,0,-3.6724,-6.5875
SZ002594,2020-12-31T00:00:00.000000,7.43,1.0828,156597691000,2953923000,45392668000,22.5924,7.8305,6.3413,19.3785,1072.0313,16.6387,14445030000,7464861000,7085773000,156597691000,4234267000,138666915000,11774094000,0,0,81.2207,97.8753,4.4324,3.6782,206.4399,162.273,207.9346,4.5248,6.3899,67.9361,28.9868,1.8952,1.5521,41216427000,8185888000,31396358000,16400690000,11412460000,136563409000,64453912000,149010372000,6882587000,6013963000,148722006000,-14444248000,3686029000,2064201000,1.0486,0.7536,52.9813,3.4011,0,42.65,179.096,0.7896,22.7784,-6.1851,183.1023,162.273,3.0323,3.8404,5.3674,102.9522,8.1943,3.6678,22.5815,33.2393,0,16.6387,0,57.4008,111605110000,5465588000,54584620000,3550067000,65914000,201017321000,42982610000,7500000,106430696000,14745495000,8880459000,24456556000,56874274000,5055613000,4321493000,0,126251380000,69260117000,103329338000,40633747000,67123655000,-28907418000,13738498000,6013963000,9242103000,-6701761000,1549519000,26515194000,0.1357,28.2932,41.6468,356.7272,251.2356,455.9365,1.4329,2.9767,2.7561,2.7561,76.1649,0.1973,4.9376,80.6215,8.3907,3.2284,2.7596,-2.9522,28.2932,240.1146,0.7566,20.446,8.9645,24000,0,1042710000,94217000,11804174000,4885708000,89412211000,8925694000,0,0,30132713000,0,201017321000,3762610000,-272810000,-186837000,22521472000,18818421000,1836814000,0,33262669000,2800000000,45433747000,74341165000,906530000,3073097000,13738498000,0,5.8234,14.9901,104.1947,1.8967,4.3364,10.3983,2.7477,6.5154,2.4027,14.9901,104.1947,0,34.6325,27.1542,-5.2945,-10.596
SZ002594,2021-03-31T00:00:00.000000,0.31,-0.0285,40991873000,-81651000,141856000,108.3075,1.392,0.6502,12.595,59.7651,0.0496,29974477000,1217204000,646400000,40991873000,237356000,32379041000,4207848000,0,0,84.4139,85.8586,1.0662,1.0482,72.5998,110.7284,-97.2667,1.5769,2.9331,60.231,0.3461,0,0.083,36994803000,8663287000,35813906000,16588358000,14729624000,134792935000,89000329000,40496895000,656097000,511052000,35177041000,-4797704000,550565000,15766091000,1.2407,0.9083,33.3353,2.6615,0,0.1317,170.2725,0.193,33.4884,-10.2426,71.7824,100.9326,0.2406,1.2467,0.5891,98.522,0,0.4202,0.0634,0.1052,0,0.0496,0,14.3271,133680278000,5656091000,54469213000,0,65914000,223793264000,39188102000,1500000,107748951000,13622224000,6387775000,24663312000,81127153000,1247470000,1162579000,0,35828950000,25803901000,35035185000,8586978000,12323095000,20435114000,29504589000,0,0,0,0,0,0.2782,36.2509,60.1865,215.9738,269.2691,466.348,0.3342,0.7431,0.5941,0.5941,2.6356,42.643,1.6895,87.405,7.3314,3.0432,2.8361,1.478,36.2509,166.1502,5.5104,28.1819,8.6201,0,0,0,93546000,15439908000,1275497000,90112986000,9775010000,0,0,27043984000,0,223793264000,595230000,-137425000,-127715000,6058618000,2202523000,542379000,0,7000227000,25061668000,34049130000,13614016000,0,0,0,0,1.0429,12.0844,0,9.0633,19.7797,0,11.3303,37.8359,1.4521,12.0844,0,0,25.0011,0,-1.6768,7.1423
SZ002594,2021-06-30T00:00:00.000000,1.5,0.1289,90885400000,368666000,9676845000,50.2164,3.4256,1.9016,12.7639,824.5641,3.3822,21789172000,2995687000,2216240000,90885400000,1173571000,71626773000,10407215000,0,0,80.6894,78.4274,2.2308,2.2951,-24.8254,-29.4063,-40.6181,2.4385,3.5471,59.9429,10.6473,1.007,0.4102,37982499000,10394981000,39686413000,11256556000,14260446000,133609377000,89285155000,89337454000,2204115000,1810771000,76517337000,-12918828000,1254811000,7413801000,1.1491,0.796,26.0815,2.6443,0,8.608,159.1167,0.4288,42.7862,-7.8462,-24.7249,-32.6878,0.8543,1.9924,1.4908,100.5501,3.3622,1.1268,4.3414,7.2426,0,3.3822,0,31.7654,129172786000,5665143000,54315780000,5103790000,65914000,222894532000,47413785000,2100000,112416860000,10198931000,4490423000,25145078000,81255042000,2652212000,2407019000,0,79284918000,47970468000,66840492000,19414712000,31074093000,10639523000,21152299000,1810771000,5066296000,-8516902000,1255893000,7265304000,0.1938,36.4545,60.8154,213.6965,238.4323,419.7821,0.7549,1.6516,1.3159,1.3159,8.2886,42.8678,2.584,87.2361,6.6182,2.9182,2.6484,-0.5501,36.4545,164.4321,2.5912,28.3995,8.7885,0,0,1038155000,88747000,14969758000,2041742000,93721746000,8961870000,0,0,21192517000,0,222894532000,955784000,-48447000,-78358000,12609241000,8012147000,686428000,0,20930975000,25061668000,44476380000,33836857000,213591000,1195824000,21152299000,0,1.2648,9.5079,149.5975,5.8564,15.7409,-0.4925,10.8832,37.325,1.0516,9.5079,149.5975,0,20.6862,24.3684,-4.5153,3.7186
SZ002594,2021-09-30T00:00:00.000000,3.06,0.3098,145192358000,886405000,31873711000,38.2486,4.7124,3.404,12.9749,1304.6357,11.1402,36174883000,5233772000,3868792000,145192358000,2443112000,129994762000,20719095000,0,0,77.029,72.9104,3.5052,3.7032,-33.3003,-28.4294,6.0306,2.6646,3.7672,63.7964,21.9527,0,0.8539,37198579000,12367949000,40699200000,15484510000,14623261000,160678068000,91182817000,142770561000,3926456000,3296543000,136233490000,-22289539000,2373287000,18921164000,1.0268,0.7393,23.209,2.9483,0,22.5197,149.9393,0.6412,23.7326,-9.7482,-30.8452,-31.7563,1.4558,2.2705,2.3399,98.5314,0,1.9117,12.6553,19.837,0,11.1402,0,50.7463,145333579000,5864122000,55137838000,0,65914000,251860885000,54536010000,1200000,141537164000,10583884000,1996878000,26414619000,82471788000,4258573000,3783509000,0,126353739000,75270056000,104359779000,27937696000,37139631000,9345538000,32659662000,0,0,0,0,0,0.2556,32.745,51.3273,251.0242,238.9019,421.0866,1.1302,2.6321,2.0839,2.0839,32.3699,45.0072,2.892,87.0251,6.4838,2.9331,2.6059,1.4686,32.745,194.8279,6.6131,28.8248,9.2322,2869000,0,0,88123000,14979492000,2008606000,106527306000,7981157000,0,0,19140904000,0,251860885000,1371908000,-28291000,-51501000,19988910000,11222535000,955647000,0,33512074000,25561668000,53499364000,44153826000,0,0,0,0,5.0418,7.5998,0,1.3269,30.2213,0,25.2931,40.9798,0.9449,7.5998,0,0,18.8371,0,-7.7904,3.2664
SZ002594,2021-12-31T00:00:00.000000,3.73,0.431,216142395000,1254619000,65466682000,38.024,4.0374,4.1519,13.0214,2149.8404,22.4883,50457097000,7990974000,4631992000,216142395000,3045188000,202666455000,37343609000,0,0,71.5711,64.5139,5.03,5.5802,-34.6297,-28.0823,35.1568,2.143,2.9729,64.7562,30.2887,3.0792,1.046,36251280000,14932576000,43354782000,10204358000,12983416000,191535938000,104244209000,212602339000,4518003000,3967266000,213418808000,-45403992000,2619303000,36081362000,0.9697,0.7166,21.2812,3.0147,0,38.2167,136.085,0.8701,38.0886,-12.0465,-34.356,-32.6031,1.5971,1.8355,2.5382,102.523,7.0536,2.2073,22.1336,34.1798,0,22.4883,0,74.2466,166110189000,7905001000,61221365000,14246331000,65914000,295780147000,73160167000,1300000,171303944000,8743519000,2046439000,26455907000,95069671000,6081678000,5710193000,0,187997689000,104399121000,147952126000,32872379000,49878805000,16062517000,49819860000,3967266000,10877352000,-12892770000,1382660000,55595180000,0.3273,32.142,49.6354,261.2933,231.277,413.7251,1.5566,3.7105,2.845,2.845,-22350.6949,67.1576,2.2413,86.9786,6.2823,2.8137,2.6419,-2.523,32.142,201.469,12.3942,32.6572,9.0878,5606052000,0,1274182000,87500000,17104942000,2605031000,129669958000,7331459000,0,0,20231994000,0,295780147000,1786927000,-57134000,-145295000,28759751000,12722026000,3526828000,0,58126018000,37313719000,70186098000,54123581000,857475000,2928244000,49819860000,0,-3.8954,6.8402,155.2884,-1.7841,48.8374,12.1586,47.1416,59.7645,0.8267,6.8402,155.2884,0,17.547,20.6983,-15.5966,5.5176
SZ002594,2022-03-31T00:00:00.000000,0.85,0.1765,66825185000,513943000,11933340000,63.0206,3.3875,0.9005,12.4015,1476.1531,4.0992,42181589000,2360666000,1061216000,66825185000,808408000,63413842000,13454362000,0,0,74.4043,47.977,1.2096,1.8759,64.1733,240.5888,8167.8082,1.588,2.0829,66.7674,17.8575,0,0.2777,34994831000,21922071000,53433422000,5481339000,8559665000,211701884000,105371879000,65607295000,1054455000,911510000,66159471000,-12596291000,375777000,-7890637000,0.9189,0.637,23.0771,3.2088,0,6.2945,122.3814,0.2181,49.1974,-3.4659,60.7163,234.7391,0.2975,1.364,0.3177,100.6412,0,0.4781,3.7636,5.6369,0,4.0992,0,22.955,174204810000,8971327000,61987370000,0,65914000,317073763000,84275159000,800000,189583715000,10319788000,2064198000,27264315000,95844610000,1978293000,1701838000,0,58537865000,39713613000,54226131000,7541161000,15091206000,-7253364000,41929223000,0,0,0,0,0,0.2309,30.2279,45.2734,283.7596,229.1677,412.6951,0.3927,1.0894,0.7001,0.7001,-6.4965,0.8151,1.697,87.5985,5.3859,2.9604,2.5467,-0.6412,30.2279,220.8803,-2.7105,32.9234,9.3655,1591381000,0,0,86876000,15909471000,2772930000,142868953000,4841911000,0,0,22118169000,0,317073763000,-81001000,-200531000,-225915000,9973248000,4389844000,1701773000,0,16986135000,276625000,8299341000,15552705000,0,0,0,0,-1.4382,6.9757,0,-5.2828,4.873,0,7.1991,-0.8048,-0.1212,6.9757,0,0,18.7501,0,-4.3269,-2.4916
SZ002594,2022-06-30T00:00:00.000000,3.75,1.0406,150607252000,3029410000,43185167000,65.7112,7.5027,3.284,13.5065,1201.1632,14.8344,44686176000,5424256000,4622116000,150607252000,3595279000,152837481000,36128310000,0,0,69.4972,43.8712,2.59,4.1029,108.5567,206.3538,338.6082,3.069,3.5152,69.2897,28.674,3.0156,1.235,37163395000,25394950000,57235044000,10178867000,9345604000,239702615000,106240266000,145564784000,4641481000,3933136000,160292658000,-42807565000,736927000,-8482974000,0.8377,0.5751,22.5368,3.4812,0,19.8161,113.3684,0.4694,44.2182,2.5161,110.5825,201.092,1.2258,2.6115,1.1666,99.5828,4.9635,1.8186,12.4833,18.0161,0,14.8344,0,51.7347,182568582000,8426666000,69924659000,23589544000,65914000,345942881000,93087986000,0,217930002000,10521153000,0,29745516000,96609041000,4722663000,3670510000,0,130265478000,86459497000,117107491000,19435013000,23418888000,-9002326000,41336886000,3933136000,6151726000,-14189450000,-2271320000,45339984000,0.2116,27.9263,40.3037,326.7742,208.3637,383.4814,0.8639,2.2926,1.5715,1.5715,-7.4273,1.6192,3.3692,86.4935,4.9763,3.1357,2.4371,0.4172,27.9263,248.1161,-2.914,33.1859,10.2178,1431944000,0,1453231000,86252000,17730192000,2763547000,163374299000,2946956000,0,0,21772613000,0,345942881000,-898445000,-369664000,-404634000,21597732000,7844553000,2463808000,0,50652118000,276625000,19711638000,28713964000,431992000,2831216000,41336886000,0,-0.6157,6.2937,138.1616,-12.1469,9.9081,14.2161,16.9595,-0.1261,-0.5965,6.2937,138.1616,0,18.3919,20.2128,-14.7047,-3.0924
SZ002594,2022-09-30T00:00:00.000000,9.43,2.8733,267687847000,8364627000,91036733000,84.3677,12.5671,7.981,15.892,977.6841,31.2718,44932061000,10870017000,12085367000,267687847000,9311467000,278809515000,64278202000,0,0,70.0278,36.9261,3.8556,7.3119,212.3809,281.1314,180.7114,4.5147,4.9129,73.5908,34.0085,0,3.1986,36968493000,33522255000,73434508000,9513343000,6723515000,313666624000,112564228000,254904996000,12119113000,9988360000,291212780000,-83657427000,1573927000,-8193681000,0.7521,0.4968,25.3837,4.0598,0,31.649,106.9539,0.7415,80.4323,1.9784,208.6527,274.5853,2.7668,3.7313,2.9859,99.7215,0,4.5175,21.3586,29.0234,0,31.2718,0,91.9528,216323930000,13377049000,101340045000,0,65914000,426230852000,119212636000,0,287644882000,7755968000,0,35461704000,102513686000,9355972000,6409600000,0,225146947000,148878513000,200176047000,19637913000,29858069000,-15997988000,41626179000,0,0,0,0,0,0.1647,24.0512,32.6824,422.5909,192.8687,364.1237,1.3999,4.3639,2.7096,2.7096,-6.997,7.8301,5.0586,84.108,5.3891,3.4951,2.3944,0.2785,24.0512,305.9754,-2.8146,35.2142,12.1814,2442014000,0,0,85628000,22851456000,2192636000,209906922000,2637935000,0,0,26021742000,0,426230852000,-1339678000,-332052000,-373613000,35943633000,10731928000,7616090000,0,94389355000,472625000,20110538000,36108526000,0,0,0,0,-0.3649,6.1051,0,-24.4993,30.2292,0,44.1039,5.978,-0.5005,6.1051,0,0,20.2448,0,-28.737,-5.4954
SZ002594,2022-12-31T00:00:00.000000,16.14,5.3717,424060635000,15637792000,140837657000,96.195,16.1305,13.6222,17.0365,847.2739,48.3788,51471263000,18654453000,21541819000,424060635000,16622448000,413209226000,97456862000,0,0,62.6554,31.8689,5.7457,11.2963,365.066,445.8595,115.1287,5.0799,5.2813,75.4202,33.2117,3.3512,5.7099,38828494000,35516571000,79107199000,5153098000,6464828000,372470809000,121389837000,401187332000,21079729000,17713104000,441379987000,-120595997000,1632852000,1362597000,0.7224,0.4851,35.2396,4.3547,0,42.2499,94.5243,1.0741,82.4648,7.1093,366.5718,445.8594,4.4864,4.177,4.9293,102.1921,14.6905,7.6932,28.5177,37.8117,0,48.3788,0,145.6681,240803507000,15485402000,131880369000,37259224000,65914000,493860646000,140437310000,0,333344561000,7593596000,0,40943232000,111029299000,15060676000,10007370000,0,351815680000,220842504000,300542330000,27635948000,44048894000,-19488683000,51182457000,17713104000,14602466000,-36564504000,-17546586000,152528799000,0.2163,22.4819,29.8089,454.7214,172.7217,335.1769,2.0843,4.3867,4.1151,4.1151,-8.6778,16.7873,5.6173,82.9635,5.5299,3.5515,2.3599,-2.1921,22.4819,335.4707,0.4681,38.1394,14.0643,20626930000,0,1910009000,85005000,23223497000,1683000000,253057139000,3328419000,0,0,39126248000,0,493860646000,-1617957000,-791903000,-685885000,53519728000,13310643000,10572908000,0,133906640000,507625000,31175046000,50663729000,1386458000,5099231000,51182457000,0,-0.4228,7.9225,84.1894,-31.7886,44.9661,115.4156,66.9688,16.7872,-0.3815,7.9225,84.1894,0,26.0571,26.704,-41.4257,-6.6945
SZ002594,2023-03-31T00:00:00.000000,3.65,1.2246,120173608000,3565127000,14465699000,79.8328,14.5806,3.1327,17.8633,350.2537,4.9691,56283355000,6237909000,5298604000,120173608000,4130063000,93703601000,32357737000,0,0,76.3106,29.155,1.1794,3.087,399.2955,410.8884,21.2208,4.4091,4.597,76.9541,12.0373,0,1.4187,39030536000,25305204000,88278571000,15701332000,7760886000,421018155000,126084806000,115208987000,5217239000,4369995000,102248133000,-22697368000,241502000,3709376000,0.6868,0.4507,40.8204,4.6428,0,3.8695,105.4656,0.2309,65.2123,0.5203,394.7806,410.8884,0.8396,3.6364,1.0035,101.5595,0,1.8977,2.6441,3.4359,0,4.9691,0,41.2806,256761554000,15811251000,147738433000,0,65914000,547102961000,152444845000,0,373839362000,8611000000,0,45073295000,115576583000,4648263000,3365701000,0,98706595000,58842560000,87782434000,13214038000,647470000,12050081000,54891833000,0,0,0,0,0,0.1785,21.1252,27.4517,520.863,186.3173,389.7974,0.483,0.9104,1.0606,1.0606,-1.1466,4.0956,4.8884,82.1367,6.6736,3.868,2.8007,-1.5595,21.1252,364.2763,1.2742,39.7014,15.483,10431168000,0,0,84381000,27609892000,1776968000,290341407000,3709539000,0,0,47178793000,0,547102961000,5910000,245494000,215063000,18250085000,10541510000,384141000,0,33238878000,0,13214038000,1163957000,0,0,0,0,-0.403,8.6234,0,-40.2171,6.627,0,10.7808,4.0955,0.0049,8.6234,0,0,28.9875,0,-7.7967,4.1393
SZ002594,2023-06-30T00:00:00.000000,9.36,3.3303,260124143000,9694855000,81971177000,72.7169,18.9933,8.5106,18.3269,748.312,28.1577,79811263000,13834648000,13731283000,260124143000,10954145000,251313806000,65936866000,0,0,70.3252,30.408,2.5595,5.9195,197.0779,204.6814,89.8132,5.2787,5.5271,77.9405,31.5123,2.7198,3.7628,49058860000,35084866000,86900482000,9835141000,7225482000,460732251000,130401156000,247488264000,13399920000,11439719000,270150511000,-58536271000,853406000,28045903000,0.6589,0.4437,47.6684,4.8502,0,20.3055,100.7332,0.4795,51.8309,26.3476,188.6992,204.6813,2.1087,4.3978,2.2667,102.4729,11.1649,4.9387,13.8668,17.7915,0,28.1577,0,89.3546,266007134000,16473886000,181104955000,45365812000,65914000,591133407000,165489829000,0,403689601000,7760844000,0,48572852000,119665542000,10838054000,6818637000,0,212451556000,125042780000,188179334000,17114038000,11667955000,4050212000,79228360000,11439719000,15778818000,-9012351000,356983000,59917321000,0.2301,20.2434,25.9729,566.0885,175.3507,375.3956,1.0265,1.6609,2.2551,2.2551,-2.2598,7.7783,5.8514,81.6731,6.3638,4.1665,2.6213,-2.4729,20.2434,385.0166,9.634,41.106,16.6851,13064442000,0,2011167000,83757000,30614510000,1592627000,325126273000,3603387000,0,0,57042650000,0,591133407000,-1102954000,590770000,597938000,37357054000,19010138000,960274000,0,77546409000,0,17142271000,13092059000,905154000,1711925000,79228360000,0,-0.4143,9.6497,66.0752,-47.295,10.4665,37.3252,19.6964,7.778,-0.424,9.6497,66.0752,0,32.2807,30.6369,-20.1077,1.3913
SZ002594,2023-09-30T00:00:00.000000,17.74,6.6464,422274838000,19348761000,97860288000,57.749,23.6538,15.5896,19.7853,457.9996,33.6158,55759753000,24938379000,26637286000,422274838000,21366896000,396455740000,100966754000,0,0,68.4786,29.3479,3.9428,9.2,120.4094,129.4686,7.4953,6.308,6.4915,77.3671,23.1745,0,7.3397,52970472000,38112736000,92711639000,10098226000,5864464000,482216639000,141066857000,397395929000,26065405000,22326427000,422938702000,-94403483000,4573434000,4083536000,0.6562,0.4351,48.4691,4.7135,0,23.3403,97.8265,0.756,26.2508,36.4217,115.0768,129.4686,3.9971,5.2872,4.4387,102.194,0,9.4162,15.7008,20.2938,0,33.6158,0,145.0547,275133017000,16909759000,208156974000,0,65914000,623283496000,181590318000,0,419276686000,9260844000,0,58985603000,129855730000,17227110000,10280194000,0,338726669000,222180379000,325078414000,22414038000,16700692000,256219000,55265993000,0,0,0,0,0,0.1583,20.8341,26.9289,530.4723,164.9434,357.1476,1.6369,3.1991,3.506,3.506,-3.5682,16.9563,7.142,80.2147,6.2128,4.0796,2.4345,-2.194,20.8341,371.348,1.4027,44.6064,20.262,10611806000,0,0,83134000,31647512000,589034000,348150479000,4074963000,0,0,62939953000,0,623283496000,-1272010000,975244000,960229000,61442680000,21824587000,1466497000,0,116228070000,0,22442271000,22186052000,0,0,0,0,-0.4366,10.0981,0,-49.5145,14.2562,0,26.2064,16.9562,-0.3012,10.0981,0,0,32.6459,0,-32.4283,0.088
SZ002594,2023-12-31T00:00:00.000000,24.4,9.7771,602315354000,28462432000,169725025000,42.0352,24.0481,20.0042,18.581,564.9815,58.3019,109094408000,39574945000,38103095000,602315354000,30040811000,572704798000,122093509000,0,0,61.2177,30.0922,5.8806,11.9632,76.8797,80.7243,20.5111,6.3261,6.491,77.8585,28.1788,2.2055,10.3192,61866019000,34698510000,87676748000,18323216000,7740491000,529085557000,150462113000,567681132000,37268637000,31344070000,611818103000,-125663644000,4101617000,57329288000,0.666,0.4727,54.3324,4.8116,0,37.4118,91.31,1.0266,10.8328,59.3315,76.7985,80.7243,5.3424,5.2039,6.1008,102.239,28.3906,13.4299,24.9762,32.0789,0,58.3019,0,206.9,302121446000,17647212000,230903820000,30360803000,4427571000,679547670000,194429817000,0,453666671000,11975139000,0,67123972000,138810065000,15370800000,13461708000,0,490398945000,313433210000,442093078000,45304083000,27230939000,12817127000,108511745000,31344070000,37715404000,-7602102000,-12641191000,112737462000,0.2616,20.4268,26.2358,615.5143,162.2514,350.6693,2.2188,3.3184,4.8216,4.8216,-4.9353,25.0211,7.1981,81.419,4.5421,2.552,2.235,-2.239,20.4268,381.1579,19.6931,47.6823,23.0576,9542789000,0,2757912000,82510000,37236261000,541000000,377426224000,4053314000,0,0,75418886000,0,679547670000,-1474894000,1635141000,1277455000,84287908000,23105483000,2084953000,14077769000,148769127000,98000000,45430316000,32613189000,2188219000,4174175000,108511745000,0,-0.4977,11.0984,60.116,-52.057,25.4639,75.0858,37.5991,25.0211,-0.2449,11.0984,60.116,0,35.2048,33.979,-43.1664,4.4028
SZ002594,2024-03-31T00:00:00.000000,3.24,1.2888,124944397000,3751980000,10227984000,3.9699,12.9657,2.7545,20.7053,223.8662,3.5134,86796529000,10610654000,5798486000,124944397000,4568793000,124156838000,26094349000,0,0,84.689,44.3472,1.0627,2.0294,9.4342,10.6228,-29.2949,4.6409,5.0405,77.1392,8.186,0,1.5694,61265729000,38363374000,98778886000,13718585000,8170073000,522836586000,154947035000,120733401000,5717365000,4770879000,131281926000,-27269598000,232182000,-22332997000,0.6596,0.4371,55.0393,4.6539,0,2.3032,129.0362,0.1841,11.8945,-0.9703,9.586,10.6228,0.703,3.8184,0.8139,101.4189,0,2.1633,1.509,1.9562,0,3.5134,0,42.9194,292893774000,18102324000,231093876000,0,4427571000,677783621000,196133876000,0,444080698000,13995641000,0,71692765000,143090246000,5332694000,3768509000,0,99074282000,85416879000,121053942000,12703500000,17136272000,-5183543000,86178748000,0,0,0,0,0,0.2166,21.1115,27.3681,590.117,214.3008,488.8567,0.42,0.5408,0.8864,0.8864,-0.8254,3.0835,5.2948,79.2947,7.129,4.2681,3.0161,-1.4189,21.1115,365.3894,-7.6716,49.1526,24.627,9384994000,0,0,61508000,36957988000,637605000,384889847000,3309360000,0,0,78755888000,0,677783621000,-193961000,621940000,456861000,23477009000,591213000,1606462000,0,27860811000,0,12703500000,17887043000,0,0,0,0,-0.5209,11.6196,0,-51.9339,-3.0543,0,-0.2596,3.0834,-0.1552,11.6196,0,0,35.5002,0,-9.3673,-1.7806
SZ002594,2024-06-30T00:00:00.000000,9.67,4.2332,301126713000,12315414000,14178310000,15.7627,19.3628,8.031,18.7794,104.0132,4.8735,53053301000,19620756000,17323276000,301126713000,13631257000,297083766000,47225661000,0,0,73.7546,39.9541,2.4405,4.5052,26.1592,24.4393,-82.6921,5.7528,6.0919,77.47,4.7084,0.3014,4.6855,71814516000,36755236000,112753013000,10048017000,8059790000,531633632000,154611078000,287855895000,17228138000,14113216000,311013510000,-55874075000,333758000,-54285173000,0.6592,0.4101,55.2506,4.7233,0,3.1316,113.7087,0.441,29.7496,16.0807,28.569,24.5195,2.0667,4.6868,2.5329,100.5522,17.1962,6.3054,2.0661,2.6669,0,4.8735,0,103.5061,298431610000,18542811000,230030358000,39057738000,4427571000,686244710000,207517115000,0,452742803000,11305318000,0,71742986000,142787204000,10599925000,7694969000,0,244577008000,217491368000,296835200000,13260782000,23687916000,-12358424000,54226572000,14113216000,27036659000,-26663414000,-15899029000,9415385000,0.1556,20.807,26.8582,596.4644,179.4918,408.2046,1.0028,1.306,2.1387,2.1387,-1.9691,2.8652,6.5521,81.2206,6.0984,3.5201,2.5554,-0.5522,20.807,372.3258,-18.6594,49.0801,24.6602,17388054000,0,3063158000,61081000,36269466000,832937000,387813100000,2259388000,0,0,78890829000,0,686244710000,69006000,1209337000,913659000,50466622000,1165012000,1753172000,0,57039087000,98000000,13358782000,25717206000,1531034000,2583508000,54226572000,0,-0.5112,11.496,62.0732,-53.0413,-1.2213,-0.3783,0.9855,2.9311,0.0229,11.496,62.0732,0,35.588,33.5202,-19.2056,-4.248
SZ002594,2024-09-30T00:00:00.000000,17.15,7.9719,502251312000,23192325000,56273315000,18.9394,22.8705,13.7782,19.3169,222.9696,19.3428,66319375000,33319208000,31746599000,502251312000,25238115000,501573341000,69517647000,0,0,70.638,37.9826,3.8223,7.1085,19.1811,18.1178,-42.4591,6.3209,6.5686,77.9129,11.2042,0,8.6751,79443781000,57474962000,124358648000,20551154000,9780490000,595456788000,168802727000,478028764000,31319509000,26247548000,523994461000,-86650548000,9994149000,-42702084000,0.7071,0.4643,53.6238,4.8302,0,10.9889,108.6207,0.6957,34.1349,28.4126,20.1574,18.194,3.6359,5.226,4.4807,101.3637,0,11.34,7.3631,9.4504,0,19.3428,0,172.6385,362098716000,19487191000,262984804000,0,4427571000,764259515000,237519934000,0,512091875000,9799136000,0,83349594000,155462393000,16642289000,12409492000,0,405231798000,339294321000,467721146000,26833999000,29536541000,-11961453000,65809661000,0,0,0,0,0,0.1791,20.3416,26.1081,595.1284,178.5356,388.0806,1.5123,2.1741,3.4135,3.4135,-3.3313,11.9965,7.1947,80.6831,5.9888,3.3135,2.4708,-1.3637,20.3416,383.023,-14.678,53.437,28.6497,25415146000,0,0,60654000,37240396000,235617000,402160799000,2940219000,0,0,83364913000,0,764259515000,1027128000,1859498000,1351352000,83518851000,9166287000,2981345000,0,95816835000,98000000,29891999000,41853452000,0,0,0,0,-0.5558,10.9079,0,-51.557,19.852,0,12.4659,12.0687,0.2045,10.9079,0,0,34.9059,0,-29.7843,-4.1115
SZ002594,2024-12-31T00:00:00.000000,26.05,12.7121,777102455000,36982887000,133453873000,29.0192,26.0405,21.3599,19.4383,331.5266,45.872,102738734000,53194745000,50486047000,777102455000,40254346000,774347395000,97359768000,0,0,58.5713,28.7603,6.1464,12.5173,32.4985,33.9989,-21.3198,6.4967,6.6625,74.6363,17.1733,1.1961,13.8366,62298988000,43729585000,116036237000,12103272000,10222575000,584667646000,198688209000,737939947000,49680677000,41587940000,814817630000,-129082282000,10051081000,-6255203000,0.7471,0.5132,47.8715,4.1561,0,26.9068,87.3316,1.0624,32.3455,0.6998,33.3043,34.0853,5.6857,5.3517,6.9583,101.6211,40.7941,17.7964,17.0362,22.8256,0,45.872,0,267.1129,370572244000,19082496000,262287302000,0,4427571000,783355855000,241643424000,0,495985176000,8257786000,0,98647794000,185251104000,24085317000,18644661000,0,626046616000,489866241000,681363757000,37663666000,50103695000,-10267547000,102256542000,41587940000,56920062000,-31248137000,-14841203000,67559896000,0.2889,23.6484,31.6849,455.6135,155.8158,338.8519,2.3104,3.1489,4.796,4.796,-5.6117,33.4565,7.4151,80.5617,5.6551,3.0994,2.3993,-1.6211,23.6484,315.6082,-2.1501,58.5566,33.9081,40511496000,0,0,60228000,38423925000,508038000,412783611000,2383996000,0,0,88682470000,0,783355855000,1216206000,2291475000,1468954000,117067584000,15400173000,3666259000,125437000,144482455000,98000000,55721666000,65989213000,3871677000,5514039000,102256542000,0,-0.7071,11.3208,70.6291,-43.1081,22.6567,13.5916,15.2761,22.8056,0.1565,11.3208,70.6291,0,32.3737,33.4825,-44.3694,-3.5293
SZ002594,2025-03-31T00:00:00.000000,4.37,2.6889,170360448000,8171627000,8580961000,36.349,18.8414,4.149,20.0663,93.7299,2.8236,117406726000,14223006000,11020649000,170360448000,9154985000,186993954000,37276487000,0,0,89.3586,30.504,1.0072,2.9504,90.0608,100.3808,-19.6345,6.469,6.922,70.7134,5.0369,0,3.0124,53182767000,46141085000,154373616000,13144785000,12000950000,594365580000,246161565000,162850401000,11190883000,9443140000,198830910000,-32739721000,177469000,13962070000,0.8106,0.5054,37.9534,3.547,0,1.6965,119.8626,0.2098,56.282,-14.633,95.735,91.9462,1.163,5.543,1.1433,98.4788,0,3.8803,1.0209,1.4437,0,2.8236,0,56.0568,409994229000,19630668000,269814106000,0,4427571000,840527145000,250772811000,0,505797075000,6339145000,0,107874344000,233361322000,6181121000,4905868000,0,136175385000,135218162000,190249949000,4175713000,3253592000,38000266000,116218612000,0,0,0,0,0,0.3035,27.7637,39.2623,341.9663,206.1834,428.9419,0.4365,0.6489,0.8139,0.8139,-1.5402,25.9703,7.6991,79.9337,5.3878,3.6283,2.8797,1.5212,27.7637,254.6976,4.5942,71.8515,35.4959,35984229000,0,0,59801000,40143957000,859988000,430532916000,1889615000,0,0,88568505000,0,840527145000,-1908346000,696730000,377476000,33265156000,10750696000,691999000,283821000,43490417000,40221971000,44397684000,6397418000,0,0,0,0,-0.9245,10.5373,0,-31.5238,10.6381,0,7.2983,22.7834,-1.1202,10.5373,0,0,27.5117,0,-10.773,12.5039
SZ002594,2025-06-30T00:00:00.000000,7.43,4.475,371280948000,13599741000,31833471000,23.2972,16.2922,7.1437,18.0095,205.2378,10.4748,111734283000,29596366000,18719509000,371280948000,15510533000,402581644000,80524516000,0,0,75.945,25.6174,2.3701,7.0265,8.0599,13.7865,18.878,5.0419,5.355,71.0814,8.574,0.604,5.1037,43381542000,48908232000,140839351000,16107126000,9576998000,601592451000,244750192000,359557739000,18910015000,16038939000,422734729000,-74495747000,474212000,7460238000,0.7609,0.4866,38.0058,3.5912,0,6.2011,101.5624,0.4556,24.9096,-30.3656,9.7624,-39.7533,1.9683,4.3199,1.9222,98.9926,19.2672,6.5422,3.7613,5.2915,0,5.7935,0,122.1694,390635460000,20353959000,280794676000,31142259000,4427571000,846342643000,235214038000,0,513355792000,5496374000,0,102004934000,232166363000,12410973000,10386267000,0,304415089000,279759478000,390901258000,24295394000,23761503000,49657739000,109716780000,16038939000,34125602000,-25987262000,14995007000,-10055058000,0.2872,27.4317,38.592,354.7528,184.5198,395.0455,0.9755,1.366,1.7789,1.7789,-2.9926,25.3252,5.8371,81.9905,5.2656,3.3427,2.7974,1.0074,27.4317,259.1213,1.3577,69.2493,33.5646,35694505000,0,4571645000,59374000,41062499000,1792011000,455707183000,1471593000,0,0,88236659000,0,846342643000,-3247033000,1375879000,654547000,64426198000,19449636000,1331702000,183492000,93945383000,40221768000,91516210000,41858471000,1254303000,2231747000,109716780000,0,-0.719,10.4256,82.6819,-22.3344,5.4141,7.0561,8.0406,-34.5908,-0.8745,10.4256,82.6819,0,27.5393,33.1774,-13.5578,9.0374
SZ002594,2025-09-30T00:00:00.000000,10.83,2.2475,566265546000,20490492000,40845498000,12.7455,15.9455,9.5003,17.8736,175.0533,4.48,119725097000,43748447000,28905639000,566265546000,23333173000,612436356000,114933284000,0,0,78.0905,24.2369,3.4575,11.14,-8.9489,-7.5479,0,5.1046,5.367,71.3503,7.2131,0,2.5592,39364118000,61349636000,152973306000,15291373000,6591844000,643526696000,258398395000,548557333000,28659846000,24231664000,641747315000,-127571344000,13432616000,15209634000,0.8703,0.5608,60.7841,3.6211,0,8.2634,102.3274,0.672,23.0098,-36.8142,-8.492,-70.4988,2.8757,4.2792,3.0528,100.8576,0,3.3334,4.5287,6.3471,0,4.4801,0,62.1096,430193707000,21380099000,276038629000,0,4427571000,901925091000,222794267000,0,494292438000,61198126000,4997716000,107187742000,245515455000,18508189000,15268112000,0,465053652000,439107857000,600901817000,89008562000,36682735000,101662706000,117466176000,0,0,0,0,0,0.3545,27.2213,38.1516,358.2212,190.9058,401.7778,1.4143,2.1568,2.6291,2.6291,-5.9761,32.5312,5.7794,82.1264,5.4463,3.2685,2.6963,-0.8576,27.2213,262.1125,1.6682,24.1147,11.7567,55523908000,0,0,58947000,41323482000,3148070000,471731384000,2220853000,0,0,149234258000,0,901925091000,-2935816000,2039704000,759173000,97504137000,23008116000,2284863000,183492000,150579460000,40222013000,170227528000,68564822000,0,0,0,0,-2.3282,16.5462,0,-7.0305,16.089,0,15.1361,-58.818,-0.5185,16.5462,0,0,37.8048,0,-13.9924,11.1507
SZ002594,2025-12-31T00:00:00.000000,15.31,3.2297,803964958000,29445703000,59135544000,3.4568,16.3957,12.6178,17.7445,181.2916,6.4862,75424747000,57978105000,40184709000,803964958000,32619022000,821214650000,156807853000,0,0,69.2604,22.2331,5.1978,16.192,-20.4043,-18.9677,-85.8603,4.9983,5.262,70.7445,7.3555,0.5523,3.5777,37004685000,51471055000,138420580000,38484710000,6311964000,625190698000,258539185000,778598972000,39753049000,33760758000,861740107000,-197463109000,14125279000,-33861345000,0.793,0.4975,63.6441,3.5386,0,12.6236,91.4935,0.9645,19.2908,-40.6015,-19.9829,-74.1428,4.0503,4.1993,4.6913,101.0859,13.4724,4.6401,6.6916,9.4588,0,6.4862,0,88.1811,371467558000,21781418000,292775929000,0,4427571000,883729883000,186742375000,0,468451357000,60705569000,4997910000,116057428000,246274606000,26184568000,20199944000,0,661305161000,579332669000,802604563000,134006370000,69220472000,104613870000,68395197000,33760758000,72046630000,-23970233000,12398330000,-37198431000,0.2774,27.8676,39.3919,357.5354,166.1356,373.2444,2.1669,3.0621,3.7262,3.7262,-7.23,32.941,5.6225,82.2555,5.6887,3.2569,2.5125,-1.0859,27.8676,253.8592,-3.714,24.9573,12.7295,54532541000,0,0,58520000,41485229000,5971312000,512262325000,22463883000,0,0,156739341000,0,883729883000,-649350000,2856608000,1007213000,130434959000,25591775000,2814568000,183492000,223054884000,40222013000,226265882000,121652012000,1823082000,3867651000,68395197000,0,-1.6161,17.7361,0,-10.6375,0.2416,0,12.8133,-57.3791,-0.0808,17.7361,0,0,38.8918,0,-21.6583,11.4743
SZ002594,2026-03-31T00:00:00.000000,1.65,0.4549,150225314000,4147574000,2790305000,-11.8191,7.112,1.3967,18.8062,68.3136,0.306,75786508000,11343566000,4695889000,150225314000,4084551000,151598688000,22062590000,0,0,110.2495,24.3315,0.8163,3.6989,-57.3901,-55.3844,0,3.1259,3.8013,70.9426,1.8574,0,0.448,44222213000,54424433000,160413531000,66296294000,3950898000,639956542000,262120423000,148209864000,4746395000,4010931000,168566152000,-20249591000,709307000,5013292000,0.8154,0.4849,61.8583,3.5607,0,0.5749,134.5811,0.1682,3.9125,19.5044,-57.5869,-85.1281,0.4492,2.6699,0.7667,98.9359,0,0.6264,0.3093,0.436,0,0.306,0,16.4771,395764930000,21926912000,280354597000,0,4427571000,902076965000,164328815000,0,485362254000,60570442000,4998100000,120141979000,249916729000,5826606000,5083054000,0,121973620000,116771585000,165775847000,46032820000,25754659000,23061209000,73408489000,0,0,0,0,0,0.2669,27.7046,39.0521,365.2214,229.8245,534.9385,0.3916,0.5127,0.6055,0.6055,-1.6103,1.4789,3.5163,81.1938,8.66,3.8786,3.3836,1.0641,27.7046,256.0679,0.5499,25.4368,13.1775,53754642000,0,0,58094000,41389184000,8285431000,506312035000,48603440000,0,0,154594288000,0,902076965000,2099923000,85867000,278985000,28567759000,10001483000,384942000,0,30251074000,0,58293068000,35231859000,0,0,0,0,-1.7254,17.1376,0,-9.8273,6.5409,0,2.0761,-66.0261,1.3978,17.1376,0,0,38.2176,0,-2.221,2.5294
SZ002594,2002-12-31T00:00:00.000000,0,1.2202,2305160000,658303000,317761000,0,25.6008,25.8114,41.75,48.2697,0.589,1240154000,0,763373000,2290898000,658303000,1863617000,295972000,0,0,118.4469,93.1419,3.0393,3.8651,0,0,0,33.322,33.3507,17.7823,13.7848,0.4015,1.2202,596408000,0,439059000,0,0,569338000,2632379000,1542836000,763373000,703928000,2003955000,-270035000,147064000,1154115000,4.3853,3.6142,0,1.2214,0,55.8124,211.5888,0.72,0,0,0,0,21.986,30.7272,24.0117,100,1.5362,1.425,9.9247,55.8124,0,0,0,4.2463,2496740000,0,599509000,96522000,0,3201717000,315167000,1137000,569338000,0,0,468591000,2571417000,53844000,147063000,0,1334448000,1350890000,1686194000,179000000,597000000,1106648000,1240154000,703928000,58501000,-197505000,-403185000,186946000,2.1782,80.3137,451.6503,22.2028,389.9193,500.0165,0.9233,3.8423,0.8965,0.8965,1.196,0,49.5449,58.25,9.0062,2.3503,6.4194,0,80.3137,22.141,0,4.7663,0.8686,0,3061000,107084000,0,7159000,0,704977000,89052000,0,0,0,0,3201717000,5415000,0,0,239328000,25937000,0,0,295972000,1671712000,1850712000,744064000,9063000,1495000,1240154000,0,0,0,428.9205,0,0,0,0,0,0.2364,0,428.9205,0,0,18.7246,0,0
SZ002594,2003-12-31T00:00:00.000000,0,1.5385,4114367000,829997000,321443000,77.9218,28.5331,25.8603,32.6958,38.7282,0.5958,518491000,0,924454000,4076006000,829997000,3065540000,570612000,0,0,85.9172,87.3767,4.1901,4.1201,21.1012,26.0813,0,22.6804,22.7499,38.6746,7.8127,0.3624,1.5385,1400814000,0,870379000,602659000,16527000,2144131000,3399898000,3194828000,920104000,858537000,3086471000,-566800000,153218000,-568556000,1.5206,1.0937,3.2386,1.6605,0,15.7648,173.294,0.9409,98.2374,134.8751,20.5314,0,19.6332,21.0632,20.815,100.4728,1.8348,1.735,5.798,14.9918,0,0,0,7.5552,3100481000,0,2006455000,375260000,0,5544029000,832304000,6678000,2038993000,105138000,0,1052642000,3246369000,102392000,349367000,0,2743324000,2281708000,2765028000,1707000,171004000,-322515000,671600000,829997000,47266000,-258355000,-314130000,413769000,0.2543,58.5561,151.4072,67.3295,244.8736,382.6188,1.4701,3.14,1.4144,1.4144,2.7531,26.2483,28.8869,67.3042,10.8407,2.5121,8.5713,-0.4728,58.5561,66.0471,0,6.0174,1.9511,0,92548000,89151000,0,50315000,0,2443548000,360574000,0,0,105138000,0,5544029000,-9891000,0,0,377410000,3812000,0,0,570612000,0,1707000,324222000,0,6575000,671600000,0,0.099,1.8964,161.7963,0,24.1812,234.683,73.158,0,-0.2427,1.8964,161.7963,0,3.137,36.1913,0,0
SZ002594,2004-12-31T00:00:00.000000,0,1.6573,6451608000,894096000,416389000,58.0437,25.1359,18.1532,26.7159,46.571,0.7718,706410000,0,966785000,6441869000,894096000,6247631000,1881501000,0,0,90.1598,89.2261,3.9929,4.0347,4.579,7.7228,0,15.0078,15.9534,54.4815,6.454,0.3515,1.6573,1797253000,0,1494243000,2202183000,257716000,4700168000,3926919000,5484823000,967108000,902682000,6328488000,-2015495000,276224000,100581000,1.0002,0.6654,6.1239,2.2152,0,9.3291,179.3859,0.9105,71.6773,28.3006,5.1086,0,12.7397,14.0127,14.2568,99.9666,2.3291,1.9078,4.8265,8.859,0,0,0,11.9404,4464103000,0,3329288000,770755000,0,8627087000,804677000,25527000,4463314000,236854000,0,1559374000,3867721000,160341000,544440000,0,4720863000,5170710000,5912099000,2666777000,694348000,1696205000,599394000,894096000,222384000,-623865000,-569247000,581160000,0.1583,44.8323,82.289,123.5332,211.0521,395.3744,1.7057,2.4054,1.8138,1.8138,12.1468,19.1399,17.6844,73.2841,11.6091,2.489,8.4516,0.0334,44.8323,121.5229,0,7.1691,2.8904,0,113385000,40268000,0,48567000,0,4162984000,831448000,0,0,236854000,0,8627087000,43063000,0,0,508772000,23016000,0,0,2038511000,0,2666777000,970572000,0,4923000,599394000,0,300.1952,2.7455,116.1726,0,43.981,65.9289,55.6104,0,0.6685,2.7455,116.1726,0,5.7705,38.5911,0,0
SZ002594,2005-12-31T00:00:00.000000,0,0.6833,6555696000,368639000,1361586000,1.3529,9.4546,6.9098,22.7482,369.3548,2.5238,730180000,0,458474000,6529023000,368639000,7944214000,1757498000,0,0,132.9645,100.5873,2.7075,3.579,-52.5775,-58.7696,0,7.0221,9.1673,63.5153,20.7695,1.4349,0.6833,1866190000,0,2231560000,2453590000,16790000,6954430000,3994780000,6108060000,458474000,368433000,7971562000,-1774767000,448730000,23769000,1.0483,0.6128,46.5525,2.7694,0,26.5688,233.5518,0.6698,49.3438,3.8357,-52.5933,0,3.7641,5.643,6.1716,100,1.7658,1.114,12.4355,19.5787,0,0,0,12.102,5372220000,0,4524430000,739210000,0,10949220000,1148820000,181890000,5124760000,1829670000,0,1562420000,3930340000,170089000,717886000,0,5043785000,4614412000,6609976000,4205219000,3319279000,437210000,730179000,368639000,346092000,-780104000,100728000,1076367000,0.1432,35.8961,56.5156,192.2717,270.0763,537.5074,1.333,1.6634,1.6814,1.6814,52.8155,1.619,7.544,77.2518,15.8306,2.6051,10.9953,0,35.8961,176.9422,0,7.2852,2.8961,3730000,257340000,52790000,0,282380000,0,5577000000,836890000,0,0,1829670000,0,10949220000,145607000,10163000,0,651325000,10000000,27269000,0,1784767000,0,4205219000,3768009000,106929000,5558000,730179000,0,7.3938,16.7105,86.8693,0,20.3427,35.8978,26.9168,0,2.2302,16.7105,86.8693,0,31.765,41.3219,0,0
SZ002594,2006-12-31T00:00:00.000000,0,1.8725,13128190000,1010190000,2501767000,100.6156,22.7759,12.7639,22.1213,247.6531,4.6372,1701080000,0,1094810000,13098240000,1010190000,12707928000,3013035000,0,0,95.0839,57.6426,3.7861,6.2454,138.7943,174.0323,0,8.3585,10.0619,68.7132,19.0565,1.3071,1.8725,2337940000,0,3156920000,5010730000,0,11015280000,5015530000,12044530000,1074000000,1020930000,13057236000,-2999809000,243047000,970898000,0.8546,0.522,30.8672,3.2297,0,26.3612,152.7266,0.9732,41.467,25.2788,134.2554,0,7.568,7.7944,9.792,101.9376,3.3747,2.4485,15.606,22.7118,0,0,0,24.2785,8110600000,0,5962840000,1632150000,0,16030800000,2104100000,429010000,9490330000,1513150000,0,2494960000,4940350000,480180000,957350000,0,10200740000,8557145000,10555468000,5122793000,3410627000,1469119000,1701077000,1010185000,476472000,-1014084000,-1176202000,2657673000,0.1794,30.8179,44.85,238.6771,184.8623,369.9218,1.9474,2.4969,2.9599,2.9599,-23.1892,25.6978,9.0364,77.8787,12.8603,3.666,7.309,-1.9376,30.8179,222.9656,0,9.1573,4.6246,1320000,656460000,91870000,0,314800000,0,7920200000,1217920000,0,0,1524950000,0,16030800000,246940000,0,0,1172385000,13226000,0,0,3013035000,0,5122793000,3653674000,145040000,23237000,1701077000,0,-1.1053,9.5126,82.8523,0,50.973,31.7921,46.4104,0,1.8853,9.5126,82.8523,0,23.5867,37.1961,0,0
SZ002594,2007-06-30T00:00:00.000000,0,1.1881,8721778000,640996000,292585000,0,24.025,6.7425,21.4217,45.6454,0.5423,778313000,98342000,0,8721778000,640996000,0,0,0,0,91.6768,54.758,1.9634,3.2872,0,0,0,0,9.8946,68.3302,3.3546,0,1.1881,2968584000,0,3824191000,5342111000,0,12706656000,5889303000,8045315000,676463000,646651000,0,-1997668000,0,-882304000,0.8022,0.4449,34.9723,3.2169,0,2.7339,146.4348,0.5038,0,26.9743,0,0,3.735,7.4142,4.9845,0,0,1.5996,1.5734,2.3026,0,0,0,16.1664,8585705000,0,8944218000,0,58603000,18595959000,3771884000,530023000,10702111000,2004545000,0,0,5731811000,318609000,588419000,0,6853425000,0,0,0,0,822779000,734909000,0,0,0,0,0,0.0737,30.8229,45.1087,224.5893,172.2891,357.3134,1.0448,1.4593,1.6345,1.6345,-4.9894,16.0203,8.5122,78.5783,12.5381,3.653,6.7465,100,30.8229,221.6866,0,10.6243,0,0,0,0,2101000,0,0,10010254000,0,0,0,2004545000,0,18595959000,186520000,0,0,0,0,0,0,0,0,0,0,0,0,0,0,-0.9471,10.7795,64.084,0,5.8578,49.9993,16.0014,0,2.1386,10.7795,64.084,0,25.9107,48.0976,0,0
SZ002594,2007-12-31T00:00:00.000000,0,2.9874,21496546000,1611711000,1910810000,64.1178,20.599,13.2024,20.6381,118.5579,3.5418,5582947000,0,1742880000,21496546000,1611711000,0,0,0,0,81.3,53.3354,4.428,6.7497,59.1947,59.5453,0,8.1077,9.9146,57.6275,8.8889,0.7398,2.9874,4031652000,0,4548545000,6828843000,0,16878232000,12410259000,19753666000,1742880000,1702329000,0,-5177316000,0,0,1.046,0.7541,12.0922,2.5762,0,12.2618,134.6354,0.9487,44.0817,72.4446,62.2793,0,7.5126,7.9191,9.4057,100,5.5075,3.9505,6.5241,11.3212,0,0,0,39.8453,16299985000,0,10341577000,0,58603000,29288491000,5715394000,969985000,15583389000,1294843000,0,0,10708118000,648187000,1656995000,0,17060063000,0,0,0,0,7188857000,3922351000,1742880000,840021000,0,0,0,0.3622,36.5608,63.4434,170.5197,204.4005,379.4783,1.7612,3.5967,2.7474,2.7474,-64.8332,116.7482,8.8231,79.3619,12.5304,3.0153,7.7082,0,36.5608,157.6209,0,19.8482,0,0,1400925000,0,0,586181000,0,12988506000,0,0,0,1294843000,0,29288491000,388421000,0,0,0,0,0,0,0,0,0,0,0,0,0,0,1.8069,4.421,103.5443,0,100.9714,73.4338,82.7014,0,1.8069,4.421,103.5443,0,10.7877,35.3094,0,0
SZ002594,2008-06-30T00:00:00.000000,0,0.2906,12703929000,595664000,1422994000,42.1057,11.0197,3.0869,19.2094,238.8921,0.6941,4041388000,0,0,12394140000,595664000,0,0,0,0,95.0572,56.3413,1.8936,3.1948,0,-7.0721,0,0,0,58.5571,11.2012,0,0.2906,3921195000,0,6027410000,7011625000,0,18306783000,12956361000,11181699000,850097000,742728000,0,-3572602000,0,-1581602000,0.9299,0.564,16.8247,2.6774,0,8.6396,151.3985,0.4196,57.6127,-2.7397,25.6679,0,2.4532,5.9926,2.8078,0,0,0,4.5517,7.773,0,0,0,6.0456,15316678000,0,13255403000,0,0,31263144000,5254879000,1064543000,16470609000,1836174000,0,0,10913589000,446091000,722310000,0,10013298000,0,0,0,0,568006000,3956289000,0,0,0,0,0,0.2515,34.9088,59.615,183.0337,223.9858,428.9734,0.8036,0,1.1751,1.1751,-58.097,1.9188,7.6026,80.7906,9.427,3.5992,5.8278,100,34.9088,167.743,0,5.3234,0,100457000,0,0,0,711693000,0,15946466000,0,0,0,1836174000,0,31263144000,0,0,0,0,0,0,0,0,0,0,0,0,0,0,0,-1.5912,5.8733,82.3331,0,-6.0326,28.1758,6.7421,0,0,5.8733,82.3331,0,14.4016,42.3995,0,0
SZ002594,2008-12-31T00:00:00.000000,9.29,0.3018,27727209000,618819000,1788545000,28.9845,9.2867,7.6827,20.5391,175.1331,0.8724,1704077000,0,990189000,27727209000,1021249000,27569139000,6418961000,0,0,93.6375,43.4595,3.8446,8.2836,-43.1866,-36.6357,0,3.5712,6.6779,59.002,6.4505,0.5427,0.4981,2662844000,0,6912844000,4134310000,236540000,19194388000,13337372000,26766779000,1363972000,1275649000,28298400000,-5850696000,1361843000,-3837283000,1.0325,0.54,45.7094,2.7008,0,12.7427,137.097,0.897,51.9792,-33.9515,-21.7403,0,4.127,4.6007,6.6684,72.596,1.5668,0.9032,5.4978,9.3181,0,0,0,13.5248,14491618000,26677000,11532315000,3178388000,58603000,32531760000,4166435000,1271423000,14035822000,4791561000,0,4368825000,11285568000,934231000,2626989000,175609000,22032299000,19856297000,26509855000,15109882000,14113472000,268338000,1699353000,1275649000,1210945000,-2409777000,-39901000,1301952000,0.1214,34.6909,58.7962,218.4474,199.8935,401.3258,1.801,2.3794,2.5214,2.5214,47.3002,5.3926,5.188,79.4609,15.3584,3.3694,9.4744,27.404,34.6909,170.0791,0,5.5,2.131,0,2894929000,86858000,1985000,2019407000,255525000,18040142000,2681587000,0,0,5158566000,0,32531760000,697227000,29759000,15963000,3721157000,705274000,15731000,121278000,6555970000,700756000,15810638000,15542300000,175609000,149466000,1699353000,0,11.3177,15.857,97.8604,0,-11.0943,11.5141,11.0735,0,2.5146,15.857,97.8604,0,31.3703,35.4494,0,0
SZ002594,2009-12-31T00:00:00.000000,27.13,1.4658,41113912000,3334825000,11981419000,48.28,27.128,19.8556,23.4328,315.8344,5.2663,2344542000,0,4168526000,41113912000,3793576000,38980595000,7307178000,0,0,64.7162,29.4626,5.5628,12.2189,320.9829,271.4644,0,10.139,11.5821,52.9568,29.142,1.8637,1.6674,4066723000,0,4405206000,283801000,263328000,21418954000,19027127000,36963528000,4506450000,4078440000,39482992000,-7143063000,309832000,611466000,0.9317,0.6882,19.9673,2.2839,0,66.2399,94.1787,1.1268,-36.2751,52.721,230.3917,0,11.1772,9.9199,13.0879,92.5013,2.8678,2.093,29.6232,55.9384,0,0,0,18.0713,16852490000,29860000,14318102000,4580974000,58603000,40446081000,7944163000,3340438000,18087932000,3106514000,0,7593633000,16682357000,1487735000,2773943000,279295000,31479762000,20660744000,27501573000,4421616000,9941114000,-4245223000,2310819000,4078440000,1594169000,2278601000,-4091516000,7706799000,0.1297,41.2459,77.886,154.2137,137.227,319.5028,2.6234,3.1464,2.9401,2.9401,-105.4682,47.8203,12.5142,76.5672,11.0203,3.6186,6.747,7.4987,41.2459,128.3929,0,7.33,3.3377,1000000,5716197000,92135000,1927000,2117097000,347961000,23593591000,3577087000,0,0,3331022000,0,40446081000,269178000,17236000,16368000,4168947000,221115000,0,57000000,7364178000,1587810000,6009426000,10254649000,279295000,168414000,2310819000,0,-2.6962,8.2357,116.5123,0,16.2913,24.1564,24.328,0,0.6547,8.2357,116.5123,0,16.644,35.4005,0,0
SZ002594,2010-12-31T00:00:00.000000,14.36,0.9099,48448416000,2070050000,3139385000,17.8395,14.361,10.6144,19.1429,124.4102,1.3799,1992519000,0,2767500000,48448416000,2523414000,56147221000,13212824000,0,0,50.2821,35.159,7.1596,10.2392,-33.6096,-33.4819,0,5.7123,7.0666,60.0647,6.4799,0.5924,1.1091,5396590000,0,6537852000,9796422000,1207068000,31812325000,21151076000,45706687000,3142267000,2918590000,57264080000,-12671820000,1207980000,-332084000,0.6322,0.3967,21.9301,2.7233,0,11.3074,85.4411,1.0373,48.4119,32.7012,-30.2718,0,6.249,6.0241,7.5205,88.0734,2.4935,1.5048,5.9275,9.8685,0,0,0,21.2951,17552692000,59160000,17475755000,7401358000,65914000,52963401000,7060610000,2864656000,27763951000,3049000000,0,9048833000,18460319000,2175881000,3306333000,20700000,39173976000,43420751000,54124695000,12719565000,2328309000,9177891000,1978735000,2918590000,2016615000,-2174293000,1142868000,-1046500000,0.0718,34.8549,58.0288,259.1918,127.8253,347.0435,2.8163,3.0177,2.7572,2.7572,-8.465,10.6577,6.9787,80.8571,12.0796,4.4911,6.8244,11.9266,34.8549,172.3281,0,8.11,3.9773,0,2756210000,238500000,0,4897343000,800801000,35410709000,3972838000,0,0,4048374000,0,52963401000,370141000,25771000,25554000,6159966000,787868000,210825000,36039000,13459688000,0,12719565000,3541674000,20700000,232693000,1978735000,0,-0.3965,7.6437,105.6339,0,4.1549,22.0536,30.9482,0,0.764,7.6437,105.6339,0,17.9858,32.9959,0,0
SZ002594,2011-03-31T00:00:00.000000,1.44,0.1053,11710335000,239576000,3058410000,-11.5969,5.7405,1.1429,17.0212,1146.5841,1.3443,4057123000,0,345351000,11710335000,266741000,13295073000,3095246000,0,0,60.048,38.6721,1.4988,2.3273,-80.9384,-84.3474,0,2.9491,4.2393,62.5459,26.1172,0,0.1172,4667045000,0,6428640000,10357017000,1400738000,35830045000,21455918000,11372636000,378044000,324099000,13617932000,-3067188000,139149000,1905590000,0.6198,0.4088,28.7011,2.9147,0,10.041,98.7202,0.2124,0,-13.5186,-80.4485,0,0.5879,2.7676,0.9006,91.3521,0,0.2182,5.3388,8.5359,0,0,0,5.1472,18879317000,271700000,19020136000,8339845000,65914000,57285963000,7745786000,2379083000,30459269000,4411506000,0,9314403000,18712789000,488972000,855850000,14604000,9717091000,8075304000,10559522000,4578566000,2501996000,1937421000,3884325000,0,0,0,0,0,0.1332,32.6656,52.2265,293.6463,139.9994,423.6618,0.6429,0.6643,0.63,0.63,-1.0748,1.3676,3.3813,82.9788,12.4951,4.1756,7.3085,8.6479,32.6656,191.4736,0,7.95,4.0941,0,2787078000,261824000,0,4927278000,1084638000,38406646000,5844339000,0,0,5370776000,0,57285963000,118395000,7652000,7652000,1509678000,28058000,0,0,3095246000,0,4578566000,2641145000,0,0,0,0,-0.4638,9.3754,98.3841,0,7.558,8.8373,8.1614,0,1.011,9.3754,98.3841,0,22.3006,33.2021,0,0
SZ002594,2011-06-30T00:00:00.000000,1.43,0.0727,22544664000,171217000,4661293000,-10.7658,2.8576,1.7785,15.7585,1692.7812,1.9801,4836131000,0,327727000,22544664000,275363000,25380617000,5306534000,0,0,65.7254,41.6828,2.7387,4.3183,-87.5488,-88.6269,0,1.4537,3.6747,62.5531,20.6758,2.1842,0.117,5044790000,0,7331635000,8972095000,1570664000,38239301000,22891627000,22213360000,489925000,394532000,25957916000,-5451115000,431256000,2803822000,0.6358,0.4021,34.1638,2.9039,0,14.8555,107.4082,0.3952,0,-6.5189,-82.3359,0,0.6916,1.75,1.4909,66.8933,0.9334,0.3519,7.6251,12.1898,0,1.9801,0,9.5768,19950104000,432018000,21218963000,7394292000,65914000,61130928000,7497640000,1711621000,31377614000,4901711000,993385000,9321847000,20084676000,847266000,1606853000,54340000,18991960000,15878957000,21296623000,9752157000,8083333000,3607221000,4782557000,394532000,1256184000,-855446000,973699000,2438186000,0.1541,32.8552,52.5236,274.2906,149.714,455.4732,1.2023,1.1561,1.1698,1.1698,-2.0837,8.7992,2.2467,84.2415,12.4851,3.7582,7.1274,33.1067,32.8552,190.3904,1.191,8.53,3.9598,0,1578344000,369974000,0,4571700000,1057266000,41180824000,9303024000,0,0,6861687000,0,61130928000,360596000,-3577000,-3577000,3631564000,70747000,175538000,0,5521862000,1422000000,12174157000,8566936000,54340000,112756000,4782557000,0,-0.6005,11.2246,94.6544,-4.8543,13.6584,21.4194,15.4211,0,1.5995,11.2246,94.6544,0,25.4642,34.7107,-2.3156,1.5323
SZ002594,2011-09-30T00:00:00.000000,1.83,0.0914,34334089000,215280000,4186261000,-4.3369,2.4379,2.5832,15.8514,1186.8174,1.7783,3562899000,0,430458000,34334089000,352730000,37734602000,7559905000,0,0,64.0245,41.4076,4.2171,6.5205,-84.4864,-85.4994,0,1.2537,3.4719,63.3612,12.1927,0,0.1498,5134471000,0,7164176000,9771013000,953969000,39677603000,22943709000,33917483000,626796000,511943000,38554620000,-7780734000,689773000,1535495000,0.6395,0.4085,43.0452,2.9719,0,13.4971,105.4321,0.5941,0,-4.8571,-78.6424,0,0.8858,1.4911,2.0626,68.6759,0,0.5064,6.685,10.5507,0,1.7783,0,14.5848,19835730000,539447000,21159907000,10823339000,65914000,62621312000,7514680000,2080565000,31016104000,6717750000,993817000,9398053000,20121864000,1224320000,2491180000,171158000,28891672000,26022343000,34368359000,16718866000,13203102000,5170028000,3514230000,0,0,0,0,0,0.1149,32.1326,50.7134,290.8361,147.0095,454.4736,1.8366,1.9477,1.7798,1.7798,-3.21,9.0006,1.8895,84.1486,12.4679,3.5659,7.2557,31.3241,32.1326,197.1865,0.6523,8.55,3.9922,0,2478898000,775744000,0,4478283000,1463051000,42785582000,8307517000,0,0,8661499000,0,62621312000,565235000,13852000,13852000,5522482000,79594000,265538000,0,7860328000,1422000000,19140866000,13970838000,0,0,0,0,-0.7747,13.8316,95.0943,-4.7493,13.0068,21.0815,18.2351,0,1.6463,13.8316,95.0943,0,30.092,33.7903,-3.3052,2.1962
SZ002594,2011-12-31T00:00:00.000000,6.98,0.2672,48826919000,628945000,5984526000,0.7813,6.9957,5.9032,17.1793,432.2128,2.5422,4048446000,0,1410351000,48826919000,1384625000,51408814000,9412151000,0,0,58.4601,40.125,6.158,8.972,-49.0388,-45.1289,0,2.8885,5.0582,63.4585,12.2566,1.2196,0.5882,5487732000,0,6595797000,10011122000,1330700000,41644256000,23980136000,47920318000,1727484000,1595076000,52530022000,-8922719000,1056101000,1758651000,0.642,0.4444,39.1646,2.9714,0,17.9333,98.5851,0.8235,0.8863,1.6889,-45.0243,0,2.6901,3.2668,4.2142,81.6419,2.2358,1.0491,9.1194,14.3706,0,2.5422,0,20.7412,21424455000,571976000,21532825000,9190558000,65914000,65624392000,8832401000,1870520000,33370934000,6084992000,994255000,10169160000,21124517000,1799757000,3455516000,485246000,40438789000,34811212000,46545496000,18189099000,14455683000,4736027000,3737386000,1595076000,2515718000,-244756000,-2477182000,3872363000,0.1213,32.19,50.7261,303.2691,143.6889,437.1728,2.5054,2.4789,2.467,2.467,-4.4072,14.432,3.7178,82.8207,12.3427,3.686,7.0771,18.3581,32.19,197.1371,0.7471,8.97,4.3198,0,4319314000,334063000,0,5325171000,1396283000,44199937000,8403533000,0,0,8273322000,0,65624392000,771296000,503750000,1207000,7422147000,879970000,390538000,0,9802689000,1423010000,20612109000,15876082000,485246000,245562000,3737386000,0,-0.6925,12.6071,98.1038,-5.0748,22.0579,23.2154,23.9052,0,1.5797,12.6071,98.1038,0,28.1426,32.8122,-3.7903,2.0118
SZ002594,2012-03-31T00:00:00.000000,0.13,-0.0297,11734272000,-69865000,3161051000,0.2044,0.5116,0.5392,17.4024,11690.2774,1.3428,4772662000,0,40591000,11734272000,27040000,14091750000,1183864000,0,0,64.109,38.7603,1.4039,2.322,-88.2465,-89.8628,0,0.3459,2.6948,63.7297,26.9386,0,0.0115,4619459000,0,7212189000,8645149000,1655000000,42251417000,24046466000,11702117000,133459000,53606000,14344641000,-1135954000,328463000,804051000,0.6258,0.4153,37.7488,2.9972,0,9.2252,102.8693,0.1779,12.1884,-15.8221,-64.6975,0,0.0813,0.4568,0.4794,30.4146,0,0.1343,4.768,7.4815,0,1.3428,0,4.9846,21442629000,565325000,22226973000,10745866000,65914000,66297883000,7943174000,1679603000,34265400000,5824552000,994698000,10195018000,21155684000,422524000,856160000,204820000,9692229000,7826448000,11183590000,2800330000,3778313000,-1226741000,4541437000,0,0,0,0,0,0.1393,31.91,50.0709,313.1541,164.3919,505.9114,0.5475,0.5391,0.5551,0.5551,-0.9475,0.1475,1.1965,82.5976,12.4545,3.6008,7.2962,69.5854,31.91,199.7166,0.3416,8.987,4.3307,0,3906072000,326259000,0,5309213000,1702435000,44855254000,11264988000,0,0,7986017000,0,66297883000,182761000,8436000,-4877000,1956298000,47910000,0,0,1183864000,0,2880165000,4106906000,0,0,0,0,-0.6228,12.0457,95.1802,-5.447,0.0848,3.2237,1.0263,0,1.5575,12.0457,95.1802,0,27.4041,33.5259,-0.4825,-0.5211
SZ002594,2012-06-30T00:00:00.000000,0.08,-0.0885,22582012000,-208363000,4430925000,0.1657,0.1541,1.0903,15.656,27235.3863,1.8822,5102165000,0,-71898000,22582012000,16269000,27191852000,2116980000,0,0,65.2136,42.3626,2.7602,4.249,-121.9384,-94.0918,-4.9421,-0.3184,2.5334,64.1242,19.6215,1.898,0.0069,5141516000,0,7205269000,6817535000,1896333000,42900728000,24001814000,22654620000,159344000,104154000,27764458000,-2039806000,629850000,1094688000,0.6635,0.4411,49.7479,3.0322,0,13.6761,107.5762,0.3408,-1.7236,-6.3089,-67.4758,-94.0917,0.1572,0.4612,0.8454,-45.1212,0.9328,0.243,6.623,10.3283,0,1.8822,0,9.5926,21496577000,555126000,24051725000,9226413000,65914000,66902542000,7078315000,1420223000,32398939000,5362591000,3964438000,10183105000,21110004000,791654000,1589465000,242047000,19046568000,16525478000,23333533000,5492163000,9168997000,-1297333000,4832074000,104154000,1455035000,-803525000,1522501000,1432694000,0.1575,31.5534,49.2066,330.1274,171.0606,528.1825,1.0523,0.9809,1.0694,1.0694,-1.9766,-0.0687,0.73,84.344,12.3195,3.5057,7.0386,145.1212,31.5534,203.2246,0.465,8.97,4.3257,0,3111917000,350749000,0,5312450000,2085934000,45405965000,12542281000,0,0,10501789000,0,66902542000,400862000,710000,-12604000,3916284000,77174000,0,0,2116980000,0,8533132000,9830465000,242047000,152517000,4832074000,0,-0.9633,15.6971,87.7692,-4.6312,0.3366,11.698,1.9477,-0.0687,1.7751,15.6971,87.7692,0,33.2211,35.9504,-0.8665,-0.5511
SZ002594,2012-09-30T00:00:00.000000,0.1,-0.1629,33108940000,-383435000,3033811000,-3.5683,0.1317,1.4235,14.7007,14529.0503,1.2887,4081451000,0,-145564000,33108940000,20881000,38546989000,3037998000,0,0,66.3384,46.4776,4.07,5.8093,-133.8161,-94.0802,-27.5293,-0.4397,2.4611,64.3659,9.1631,0,0.0089,5910957000,0,7282044000,8510205000,2995500000,43516939000,24091737000,33243563000,264436000,139093000,39427582000,-3033955000,917352000,79530000,0.6304,0.4183,43.4279,3.0571,0,8.8372,112.8159,0.497,1.6452,7.7122,-57.8115,-94.0801,0.2088,0.4201,1.2232,-55.047,0,0.3461,4.4873,6.9716,0,1.2887,0,14.0644,21642495000,740639000,24580324000,8507097000,65914000,67608676000,6418190000,2273678000,34329883000,4088591000,3966410000,10186432000,21154744000,1089612000,2284822000,276863000,28241703000,26728825000,36393771000,9323293000,11359449000,61219000,3816916000,0,0,0,0,0,0.1189,31.29,48.6127,345.8417,175.6033,543.251,1.5376,1.5212,1.5662,1.5662,-2.6881,0.1431,0.8221,85.2993,11.8543,3.291,6.9009,155.047,31.29,205.7077,0.0338,8.99,4.3271,0,3522282000,316149000,0,5733235000,2115216000,45966181000,11383748000,0,0,9187056000,0,67608676000,550393000,-10941000,-24254000,5610889000,204043000,200000000,0,3237998000,0,12369818000,12308599000,0,0,0,0,-0.7241,13.5886,86.0637,-5.3895,1.0177,14.1528,3.0237,0.143,1.6624,13.5886,86.0637,0,30.2785,36.3568,-1.2888,0.026
SZ002594,2012-12-31T00:00:00.000000,0.38,-0.2055,46853774000,-483703000,5555331000,-4.0411,0.3846,2.3782,14.3013,6826.6599,2.3599,3683966000,0,-304372000,46853774000,81377000,54132013000,4350156000,0,0,62.4937,45.1328,5.7606,7.9765,-121.5813,-94.1228,-7.1717,-0.6496,2.4612,64.8607,11.8567,1.2068,0.0346,6260279000,0,7344833000,8417755000,2870024000,44566117000,24144371000,47146957000,290725000,212890000,55346272000,-4609622000,1213895000,-250825000,0.6104,0.406,40.7379,3.1025,0,15.4611,107.6265,0.6976,11.3563,14.0777,-83.1706,-94.1228,0.317,0.4544,1.7186,-104.6941,1.9249,0.4899,8.0851,12.4654,0,2.3599,0,19.9031,21932116000,949065000,25776552000,7882866000,65914000,68710488000,9694436000,2464144000,35930917000,3373075000,3968269000,10127526000,21196984000,1511797000,3185007000,324258000,40153064000,37072600000,49790941000,10984867000,14069863000,-1217034000,3486561000,212890000,3019857000,-966356000,-461105000,2519103000,0.1025,30.8497,47.563,361.3435,166.5647,516.0796,2.1613,1.9613,2.2142,2.2142,-3.6117,0.343,0.636,85.6987,11.8676,3.2266,6.7978,204.6941,30.8497,210.2474,-0.1065,9,4.3021,0,3731462000,306102000,0,6295490000,1716007000,46778372000,10238088000,0,0,8635200000,0,68710488000,863624000,-11189000,-24503000,7597391000,443444000,450000000,0,5053066000,0,14098522000,15315556000,324258000,339472000,3486561000,0,-0.6169,12.5675,82.2336,-5.9466,2.3695,19.7082,4.7027,0.343,1.8432,12.5675,82.2336,0,28.9459,37.5147,-1.9581,-0.517
SZ002594,2013-03-31T00:00:00.000000,0.53,0.0203,12883871000,47865000,741003000,9.7969,2.114,0.8847,15.9383,659.3316,0.3148,3854764000,0,131656000,12883871000,112387000,12745447000,1293904000,0,0,63.6028,41.948,1.415,2.1455,224.3478,315.6324,-76.5583,1.0219,3.3219,64.9072,5.7514,0,0.0477,5749780000,0,7962800000,9436801000,3400223000,45005837000,24332885000,12752294000,183983000,156009000,13038690000,-1144665000,238768000,-97412000,0.6126,0.3979,37.0734,3.1097,0,1.9975,105.5508,0.1867,10.4075,-8.1546,37.8573,315.6324,0.226,1.2109,0.6201,71.5588,0,0.1818,1.0687,1.6465,0,0.3148,0,5.4729,22724248000,943986000,26198344000,7366775000,65914000,69338722000,8509955000,986225000,37097023000,2604945000,3970159000,10238759000,21332854000,461856000,806370000,52365000,10830404000,8825646000,12297687000,3450497000,2665253000,278266000,3389149000,0,0,0,0,0,0.1039,30.7661,47.4002,373.6962,155.973,482.1699,0.577,0.4953,0.6059,0.6059,-0.9082,0.641,1.4906,84.0617,11.7374,3.5848,6.2588,28.4412,30.7661,210.9696,-0.0414,9.062,4.3493,0,4316838000,239178000,0,6415430000,1958052000,46614474000,11760620000,0,0,7908814000,0,69338722000,244007000,79000,79000,2039316000,149239000,0,0,1293904000,0,3450497000,3172231000,0,0,0,0,-0.5503,11.4061,81.4283,-6.1054,3.6117,1.6363,0.9143,0.6409,1.8939,11.4061,81.4283,0,27.0464,37.7831,-0.4862,0.1182
SZ002594,2013-06-30T00:00:00.000000,2,0.0562,26040933000,132395000,2301338000,15.3172,3.991,2.1176,15.9046,539.0333,0.9776,4892987000,0,272230000,26040933000,426938000,27287599000,2351989000,0,0,65.5023,45.0324,2.748,3.9971,478.6336,2524.2424,-48.0619,1.0454,4.0625,65.7878,8.8374,0.8191,0.1814,6769571000,0,8593491000,10792013000,4764563000,47364825000,24631488000,25733769000,618392000,536258000,27961573000,-2187753000,682312000,824519000,0.6208,0.4127,28.1857,3.1936,0,5.5751,110.5347,0.3701,19.2668,8.1353,288.0862,2524.2429,0.7622,2.0593,1.6358,44.0222,1.1942,0.4494,3.1965,4.8587,0,0.9776,0,11.0619,25627908000,907012000,26830032000,6966134000,65914000,71996313000,8957074000,1523719000,41278772000,1882227000,2975088000,10549721000,21592699000,991114000,1582628000,95256000,21899219000,18572489000,25660235000,6443784000,4620823000,756147000,4311080000,536258000,1558671000,-1323953000,-231909000,1197828000,0.1185,29.9914,45.588,392.8833,164.3721,486.2964,1.0951,0.9812,1.2172,1.2172,-1.7566,1.8668,2.473,84.0954,11.9282,3.806,6.0775,55.9778,29.9914,219.3557,0.3502,9.17,4.4814,0,3879376000,365828000,0,6650664000,1995109000,46368405000,13397674000,0,0,6086053000,0,71996313000,532460000,-34934000,-34934000,4444876000,164236000,0,0,2351989000,0,6443784000,5687637000,95256000,194787000,4311080000,0,-0.3889,8.4533,80.4796,-6.6483,16.8511,4.087,4.7821,1.8668,2.0447,8.4533,80.4796,0,21.9882,37.2658,-0.9293,0.3212
SZ002594,2013-09-30T00:00:00.000000,2.15,0.0374,38704489000,88130000,1675849000,16.9004,2.8968,3.0366,15.6132,360.3201,0.7119,6484754000,0,267449000,38704489000,465100000,41046069000,3995223000,0,0,67.0021,47.7567,4.0297,5.6537,283.7329,2127.3837,-44.7609,0.691,4.0182,67.3325,4.3299,0,0.1976,7431561000,0,8865441000,12583710000,3707505000,50911062000,24700363000,38383127000,712611000,623886000,41962017000,-3960467000,956018000,2514386000,0.6864,0.4719,44.324,3.355,0,4.0549,114.7588,0.5364,21.7439,18.7097,169.4834,2127.3853,0.8646,1.6119,2.1552,37.5309,0,0.6606,2.2164,3.2917,0,0.7119,0,16.4413,28368035000,1033080000,27000996000,6925386000,65914000,75611425000,8199542000,1565100000,41328960000,2427937000,5964830000,10569032000,21618335000,1406821000,2461019000,147112000,32661487000,29579156000,40286168000,12213621000,9108415000,4851098000,6000947000,0,0,0,0,0,0.1569,28.5914,42.4629,434.7272,175.4453,503.3901,1.5389,1.4879,1.808,1.808,-2.8713,1.9878,1.9068,84.3868,12.1703,3.6348,6.3585,62.4691,28.5914,235.4995,1.0681,9.18,4.4896,0,3774796000,740229000,0,6553402000,2473406000,47243390000,13419876000,0,0,9582102000,0,75611425000,842605000,-53913000,-53913000,6763114000,189756000,155000000,0,4150223000,0,15213621000,10362523000,0,0,0,0,-0.7393,12.6728,80.065,-5.5057,29.3447,4.7502,10.0435,1.9877,2.177,12.6728,80.065,0,30.7114,35.7102,-1.6824,2.0607
SZ002594,2013-12-31T00:00:00.000000,2.58,-0.0242,52863284000,-56930000,2436169000,12.8261,2.578,3.6368,15.3561,440.4899,1.0349,5378828000,0,106653000,52863284000,553059000,54840618000,5763955000,0,0,62.6156,47.4921,5.7494,7.5802,135.0403,579.6257,-56.1471,0.2018,3.4985,67.4624,4.6084,0.433,0.2349,7687422000,0,8220552000,12401503000,3770658000,53158392000,24856441000,52708223000,832081000,775866000,56311328000,-5651392000,1242020000,1224381000,0.6769,0.4799,45.2074,3.4486,0,5.6205,110.1076,0.7246,11.9229,22.7968,186.209,579.6256,1.0576,1.4677,2.7157,12.8176,2.3263,0.7856,3.1227,4.5828,0,1.0349,0,22.4558,29864748000,1083505000,28138688000,6008433000,65914000,78014833000,9258665000,1272407000,43343976000,2685422000,5966837000,10511045000,21709764000,2011845000,3314727000,272303000,44745555000,40076355000,53875159000,16054585000,12822558000,4507758000,4710942000,775866000,3209045000,-986092000,-2815887000,813239000,0.1289,27.8277,40.8398,479.5228,173.6075,496.8398,2.0736,1.9434,2.4641,2.4641,-3.8477,2.4191,1.6241,84.6439,12.271,3.8058,6.2704,87.1824,27.8277,244.8594,0.5201,9.2221,4.465,0,5587754000,376463000,0,7453757000,2204709000,48150085000,13034071000,0,0,9814416000,0,78014833000,1160259000,-48408000,-48408000,8944686000,309563000,197000000,0,5960955000,0,19054585000,14546827000,272303000,417985000,4710942000,0,-0.7281,12.5802,77.1527,-5.7259,36.169,9.1639,13.5414,2.4191,2.1948,12.5802,77.1527,0,31.133,36.0684,-2.4007,1.9149
SZ002594,2014-03-31T00:00:00.000000,0.06,-0.0397,11723871000,-93493000,-1116413000,-9.0035,0.2204,0.6926,17.0099,-9329.8763,-0.4742,4979144000,0,3468000,11723871000,11966000,13257461000,1183060000,0,0,76.6981,63.6129,1.1734,1.4148,-97.3659,-89.3529,-250.6624,0.0296,3.7294,67.691,-9.5226,0,0.0051,8885682000,0,8362696000,11368736000,2872595000,52275259000,24951091000,11711804000,118313000,87514000,13638082000,-1464775000,267499000,-387005000,0.7475,0.528,65.2812,3.4061,0,-2.9308,140.311,0.1518,5.0221,15.5873,-35.6935,-89.3528,0.1127,0.7465,0.5633,2.9312,0,0.1857,-1.4456,-2.1356,0,-0.4742,0,4.9802,28473876000,1370762000,28277078000,5674976000,65914000,77226350000,7556688000,1859865000,38092327000,4328529000,5968872000,10519894000,21725912000,472773000,898700000,73110000,9729657000,11186352000,14754495000,4700578000,5015397000,2171361000,4323937000,0,0,0,0,0,0.1307,28.1328,41.5606,483.7358,220.8097,592.753,0.4076,0.4129,0.5398,0.5398,-1.0152,0.0744,1.036,82.9901,14.4183,4.0326,7.6656,97.0688,28.1328,240.6125,-0.1644,9.229,4.4688,0,4594606000,475355000,0,7880816000,2083175000,48752474000,12339584000,0,0,14182932000,0,77226350000,318914000,-8599000,-8599000,2237054000,18285000,300000000,0,1483060000,0,7633583000,5462222000,0,0,0,0,-1.4746,18.3654,76.8322,-4.0858,-4.6572,0.4918,-1.0107,0.0743,2.7202,18.3654,76.8322,0,39.497,36.6158,-0.6222,0.9224
SZ002594,2014-06-30T00:00:00.000000,1.53,0.0377,26715706000,93466000,-543669000,2.5912,3.0667,2.0413,16.7014,-150.7298,-0.2196,8797623000,0,333261000,26715706000,360691000,27256985000,3489037000,0,0,70.1111,66.5262,2.5674,2.7057,22.4189,-15.5168,-122.4609,1.2474,4.9766,66.9437,-2.035,-0.1602,0.1457,12060293000,0,9115431000,13011769000,5699820000,58026434000,28653061000,26375260000,648931000,561582000,28045969000,-3689690000,774816000,3659081000,0.8158,0.6156,49.3045,3.2903,0,-1.194,136.6372,0.326,6.0737,56.8835,4.9385,-19.6761,0.682,2.1021,1.5616,51.3554,1.3626,0.537,-0.6272,-0.9369,0,-0.2196,0,10.7899,37148056000,1361644000,28260965000,6457933000,65914000,86679495000,9353063000,1580379000,45534634000,8451645000,2989866000,10743702000,25336009000,985814000,1926761000,107755000,22253817000,21477527000,28589638000,15200234000,10170335000,7837457000,8370023000,561582000,1777259000,-993598000,-2476686000,-297295000,0.1932,29.2295,43.6629,412.6645,223.0211,552.0911,0.8071,0.939,1.1357,1.1357,-2.4436,16.7033,2.5149,83.2986,13.2866,3.69,7.2121,48.6446,29.2295,229.0275,1.4778,10.2326,4.3391,0,4234018000,427033000,0,7934543000,2350553000,49531439000,12102316000,0,0,12491800000,0,86679495000,637036000,-7185000,-11446000,4997255000,144347000,345000000,0,3834037000,3342088000,18782608000,10945151000,107755000,266895000,8370023000,0,-1.4895,14.4115,89.6502,-3.3871,24.3876,0.4346,11.1064,10.9576,2.3845,14.4115,89.6502,0,33.0228,32.604,-1.4902,3.1654
SZ002594,2014-09-30T00:00:00.000000,1.65,-0.1575,40408603000,-389969000,-1598587000,4.4029,2.2046,2.7727,15.3592,-411.044,-0.6456,6070079000,0,-41545000,40408603000,388909000,40433378000,5780414000,0,0,71.4768,68.3848,3.7775,3.9482,-115.5338,-16.3816,-190.6933,-0.1028,4.2511,67.869,-3.9561,0,0.1571,12781710000,0,9888041000,13367667000,6347259000,60611016000,28694897000,40639821000,682580000,618330000,41586148000,-5672570000,1442481000,1012237000,0.7924,0.5883,47.9381,3.3926,0,-3.2983,139.8615,0.4854,11.5347,66.2678,-4.2142,-20.4983,0.7391,1.5302,2.0533,-6.0865,0,0.6938,-1.79,-2.6375,0,-0.6456,0,16.3201,38403194000,1492313000,28718896000,6346831000,65914000,89305913000,9192469000,2542399000,48466888000,8153371000,2990412000,10770796000,25332934000,1590962000,2965226000,189254000,34202165000,32673852000,43184735000,20044898000,14041348000,8224094000,5723179000,0,0,0,0,0,0.1252,28.3665,41.7959,440.1766,225.3652,556.288,1.1981,1.4233,1.718,1.718,-3.4328,16.6891,1.7153,84.6408,13.8372,3.9372,7.3381,106.0865,28.3665,239.2578,0.4088,10.2314,4.3501,0,6498936000,756327000,0,7832019000,2726214000,50902719000,13171542000,0,0,12144128000,0,89305913000,1035231000,189673000,-9378000,7335263000,596644000,488800000,0,6269214000,3342088000,23707973000,15483879000,0,0,0,0,-1.2067,13.5983,88.21,-4.0645,28.5904,2.062,14.473,10.9442,2.5619,13.5983,88.21,0,32.4042,32.1579,-2.291,3.3215
SZ002594,2014-12-31T00:00:00.000000,1.84,-0.2735,58195878000,-677281000,38069000,10.0875,1.8418,3.5871,15.5544,8.7813,0.0154,4453164000,0,-179115000,58195878000,433525000,55080498000,8578136000,0,0,66.6573,66.312,5.4008,5.4289,-267.9418,-21.6132,-98.5142,-0.3078,3.902,69.2641,0.0654,0.006,0.1751,13751929000,0,9978317000,12676440000,6496195000,65114418000,28894437000,58443359000,873952000,739870000,56791485000,-7961702000,1789666000,-621476000,0.7682,0.58,47.672,3.567,0,0.0718,132.9692,0.6798,21.3826,78.8887,5.0321,-25.4724,0.8602,1.2713,2.6311,-20.4948,2.6598,0.9171,0.0405,0.0585,0,0.0154,0,23.504,40733096000,1413553000,30014805000,6364617000,65914000,94008855000,11323422000,3646738000,53022124000,7988331000,2990968000,10638814000,25365597000,2228758000,4430271000,293884000,49143886000,42340684000,56753416000,26336791000,21022402000,7270949000,4089466000,739870000,3703736000,-1917519000,-9993381000,5811963000,0.084,26.9821,38.9554,483.1145,215.851,529.5614,1.6678,1.9816,2.4725,2.4725,-4.5169,16.8396,1.5281,84.4456,13.8294,3.8298,7.6127,120.4948,26.9821,256.7037,-0.251,10.2446,4.2968,0,9352355000,563061000,0,8611261000,2244884000,53275759000,14613079000,0,0,12092294000,0,94008855000,1389125000,68366000,-122389000,9811197000,1323344000,532450000,0,9285046000,3442088000,30083067000,22812118000,293884000,611111000,4089466000,0,-0.984,12.8629,84.5103,-4.9633,36.3919,6.6674,20.5013,11.0872,2.387,12.8629,84.5103,0,32.2824,31.9276,-3.2156,2.9366
SZ002594,2015-03-31T00:00:00.000000,0.48,0.0163,15282504000,40387000,3937007000,30.3537,1.9023,0.9588,17.1628,3255.1775,1.5901,5055217000,0,106793000,15282504000,120946000,21132216000,2490939000,0,0,73.9866,81.153,1.2164,1.109,2979.3829,910.7471,435.2861,0.6988,3.9692,68.4912,25.7615,0,0.0488,13808531000,0,10835904000,10996561000,6826396000,63166378000,29059222000,15148695000,203994000,153291000,21518896000,-1046744000,340276000,515171000,0.7468,0.5372,45.0032,3.4773,0,7.6164,155.1395,0.1641,29.5743,0.4116,72.4189,860.9865,0.1646,1.003,0.6514,52.3511,0,0.245,4.2689,6.2328,0,1.5901,0,6.1723,38604336000,1446746000,29598602000,6589488000,65914000,92225600000,10638164000,3225295000,51691473000,7375974000,2991532000,10758582000,25497968000,611312000,1104840000,35664000,12659597000,12890056000,17581889000,3784670000,5760684000,-2403405000,4604637000,0,0,0,0,0,0.0978,27.6474,40.3664,471.9848,233.6125,548.3755,0.3853,0.5036,0.6009,0.6009,-1.2045,0.5219,1.3804,82.8372,13.8639,4.0001,7.2294,47.649,27.6474,247.731,0.2081,10.298,4.3451,0,5891287000,732948000,0,8398720000,2634396000,53621264000,15356742000,0,0,11474905000,0,92225600000,402594000,-27016000,-27016000,2811644000,1525175000,80980000,0,2571919000,0,3784670000,6188075000,0,0,0,0,-0.8768,12.4422,86.1459,-5.2856,-5.2261,-1.3867,-1.8969,-4.4275,2.6343,12.4422,86.1459,0,31.036,32.0937,-0.4228,-0.9707
SZ002594,2015-06-30T00:00:00.000000,1.82,0.0616,31582366000,152479000,3022041000,18.2165,3.6454,2.0392,17.4357,647.5895,1.2205,3876512000,0,462288000,31582366000,466660000,37881353000,5352455000,0,0,80.1742,81.4988,2.2451,2.2086,38.7165,29.3794,655.8604,1.4638,4.8072,69.1107,9.5688,0.7975,0.1885,14847226000,0,13250603000,15008152000,3738195000,65833737000,29424630000,31030739000,830538000,624196000,39102870000,-4487876000,831898000,-530670000,0.761,0.5043,55.0207,3.5478,0,5.8548,161.673,0.3337,45.3645,7.9647,27.9856,29.3794,0.6596,1.9764,1.5419,55.6613,1.5589,0.6132,3.1725,4.5904,0,1.2205,0,12.7554,39280039000,1883569000,29664657000,7292618000,65914000,95258367000,11565056000,2117358000,51616728000,7131497000,5979495000,11103398000,25839369000,1201130000,2302538000,161747000,26075750000,27030595000,36080829000,11276295000,9569412000,920967000,3558796000,624196000,1942665000,-3387529000,4395972000,-1751810000,0.0751,27.1256,39.2494,496.6232,228.0128,539.3532,0.7894,1.0469,1.2336,1.2336,-2.565,1.8678,2.7494,82.5643,13.0842,3.8032,7.2906,44.3387,27.1256,254.7807,-0.2143,10.4359,4.4844,0,3836197000,423005000,0,8691419000,2741265000,55978328000,14556679000,0,0,14217009000,0,95258367000,628644000,-89339000,-90805000,5952021000,1557359000,692780000,0,6045235000,0,11322277000,10401310000,161747000,398907000,3558796000,0,-1.1524,14.9247,87.1049,-4.9825,-3.5673,-1.1666,1.3291,1.8678,1.9905,14.9247,87.1049,0,35.4925,31.1413,-1.8126,0.372
SZ002594,2015-09-30T00:00:00.000000,7.22,0.1971,48493574000,487992000,-1541010000,20.008,9.9356,4.9116,17.7413,-78.5684,-0.6224,4904829000,0,2272213000,48493574000,1961360000,52458430000,8452217000,0,0,88.7116,83.1642,3.0436,3.2466,5569.2815,404.3236,3.6017,4.6856,7.7971,69.4174,-3.1778,0,0.7921,16121629000,0,16234457000,20511366000,5992153000,74040214000,32619245000,47483074000,2745558000,2182542000,54033084000,-7393133000,1381271000,489945000,0.7983,0.5268,49.1219,3.5552,0,-2.5767,171.8759,0.4833,64.1827,17.2318,302.2324,404.3236,2.1753,4.5007,3.7685,82.7596,0,1.5271,-1.4448,-2.0813,0,-0.6224,0,19.5854,47741252000,1877565000,29799374000,7380580000,65914000,106659459000,13114539000,2276116000,59806408000,8252753000,4483071000,12588315000,28976472000,1738371000,3742275000,192832000,39890192000,42178635000,55574094000,20897390000,13384611000,9358272000,4579411000,0,0,0,0,0,0.082,27.1673,39.1361,462.754,246.3014,558.6353,1.0962,1.5981,1.7848,1.7848,-3.9824,14.2353,5.9163,82.2587,13.4372,3.5847,7.7171,17.2404,27.1673,255.5184,0.1979,11.0163,5.0841,0,6240152000,1050000000,0,9008868000,2870971000,58918207000,12804908000,0,0,14233806000,0,106659459000,1035546000,1261713000,-177916000,9106944000,1901184000,793280000,0,9294317000,0,24130154000,14771882000,0,0,0,0,-1.1797,13.3451,97.2385,-4.8728,17.2051,-0.7177,13.4568,7.5333,2.1354,13.3451,97.2385,0,32.9408,27.9388,-2.9859,3.7796
SZ002594,2015-12-31T00:00:00.000000,10.22,0.4873,80008968000,1206641000,3842094000,37.4822,10.3689,7.1007,16.8674,136.0784,1.5517,6596426000,0,3175965000,80008968000,2823441000,80908941000,12290161000,0,0,69.6278,79.3509,5.1703,4.5368,1873.143,551.2752,9992.4491,3.9695,6.6392,68.802,4.8021,0.4023,1.1403,21519093000,0,15750550000,19943800000,6469060000,79456514000,36029241000,78061580000,3794986000,3138196000,82963841000,-10606440000,1762667000,2190065000,0.823,0.5848,41.3273,3.4604,0,5.8117,148.9788,0.7638,57.8478,56.4805,334.2328,551.2752,2.996,3.9223,5.0035,83.6885,4.333,2.1454,3.3269,4.8355,0,1.5517,0,32.3138,54411666000,1888715000,32368535000,5757798000,65914000,115485755000,18581611000,2438009000,66110124000,6745955000,4483946000,13104044000,32294404000,2867992000,5415060000,551648000,66513559000,61227193000,79121747000,24534345000,18760798000,8749785000,6279531000,3138196000,4485620000,-6223543000,-6094688000,6768687000,0.1001,27.964,40.6441,412.0724,214.0517,471.31,1.6818,2.5427,2.7752,2.7752,-6.6709,27.3158,4.9775,83.1326,12.1599,3.5846,6.7681,16.3115,27.964,246.038,0.8845,11.7506,5.2924,18207000,6798810000,509414000,0,8790228000,3075674000,61074089000,12897076000,0,0,13346390000,0,115485755000,1445995000,1210370000,-242799000,12586188000,2954313000,1070592000,0,13560753000,0,29281148000,20531363000,551648000,930997000,6279531000,0,-1.1409,11.5567,99.771,-4.7247,33.581,7.8419,22.8456,14.7002,1.8073,11.5567,99.771,0,29.2422,28.0282,-4.2837,3.5338
SZ002594,2016-03-31T00:00:00.000000,2.73,0.3209,20285247000,794597000,-1253340000,32.7351,11.6537,1.6893,19.0567,-147.329,-0.5062,3910076000,0,1083880000,20285247000,850708000,23067988000,2718536000,0,0,88.3608,98.0302,1.0186,0.9181,914.9354,603.3784,-131.8348,5.3432,7.072,67.1288,-6.1786,0,0.3436,22671297000,0,16490447000,21344020000,7117353000,75322208000,36883346000,19146072000,1148530000,897646000,23650658000,-2512597000,401632000,-2634401000,0.8076,0.5468,36.5359,3.2756,0,-1.9822,186.391,0.1782,52.1834,5.3543,463.0215,603.3784,0.7885,4.4251,1.2601,94.3711,0,0.5794,-1.117,-1.664,0,-0.5062,0,8.1927,51066219000,1813697000,32553067000,5946868000,65914000,112205554000,13483268000,1986353000,63228574000,5591491000,4486254000,13904635000,33100652000,602332000,1298477000,232024000,16419554000,19624868000,24903998000,6175695000,5282345000,1139467000,3645130000,0,0,0,0,0,0.0618,29.5,43.9454,376.4953,233.988,505.1015,0.3846,0.6225,0.6204,0.6204,-1.7003,2.4966,6.1728,80.9433,10.7805,2.9693,6.4011,5.6289,29.5,227.5551,-1.064,11.8356,5.6158,0,3954054000,399314000,0,9073892000,2879253000,61139335000,14233655000,0,0,12093634000,0,112205554000,286037000,-51010000,-52402000,3530761000,258026000,52087000,0,2770623000,0,6823444000,5683977000,0,0,0,0,-0.9944,10.7781,101.6821,-4.9121,-6.1484,0.5701,-2.8404,0.7233,1.4101,10.7781,101.6821,0,26.7592,29.012,-1.0148,0.4602
SZ002594,2016-06-30T00:00:00.000000,7.14,0.8348,44949565000,2066936000,-1428493000,42.3249,15.0326,4.4503,20.8258,-63.2162,-0.5769,5468747000,0,2787346000,44949565000,2259696000,43551571000,6100823000,0,0,80.406,98.4877,2.2386,1.8276,502.9458,384.2275,-147.2691,6.2011,8.6982,68.1381,-3.178,-0.2059,0.9126,27669582000,0,16044181000,25276808000,11298325000,82947757000,38787080000,42055852000,3009075000,2469067000,44634386000,-5876262000,1022790000,-1088204000,0.8038,0.5846,27.9303,3.3816,0,-1.951,178.8938,0.379,21.0826,28.5815,262.3043,384.2274,2.0817,5.493,3.0911,92.6313,2.8503,1.5791,-1.1734,-1.7222,0,-0.5769,0,18.1541,58850900000,1803945000,34972477000,5478912000,65914000,121734837000,15258184000,1629643000,73219856000,6192441000,1494526000,15264228000,34829172000,1804047000,3022396000,367359000,35588441000,36158957000,46062879000,17691138000,11120076000,6183547000,5191327000,2469067000,2524787000,-449585000,-4895831000,-2841724000,0.0748,28.6107,41.9893,383.1298,226.7793,474.9735,0.7937,1.3263,1.3393,1.3393,-3.4487,7.8489,7.3263,79.1742,12.1997,4.0135,6.724,7.3687,28.6107,238.156,-0.4395,12.5337,6.1649,5045000,5809411000,383688000,0,8950059000,3035263000,62883937000,13866924000,0,0,9727901000,0,121734837000,657280000,-93205000,-114799000,6534818000,1027939000,803378000,0,6904201000,0,18326413000,12142866000,367359000,622705000,5191327000,0,-0.677,7.9911,99.5902,-5.8033,8.1586,8.0447,5.4111,6.6644,1.4623,7.9911,99.5902,0,21.8325,28.7284,-2.3733,2.4974
SZ002594,2016-09-30T00:00:00.000000,9.23,1.2696,72797790000,3463612000,-2828936000,50.1184,12.8792,6.1835,21.0771,-77.2063,-1.0369,7588506000,0,4442837000,72797790000,3664126000,66846239000,9087425000,0,0,78.8165,102.9298,3.4257,2.6231,95.5291,86.8156,-66.61,6.103,8.0232,59.207,-3.886,0,1.3431,33985044000,0,17792667000,19170364000,7288111000,79292522000,54631787000,68031248000,4850300000,3971651000,68436576000,-8841636000,1684777000,1032990000,1.0568,0.7897,25.0365,2.568,0,-4.2456,181.7462,0.5838,9.5982,57.9297,76.6599,69.5495,3.1848,5.4557,4.6836,91.5992,0,2.1409,-2.1123,-3.5677,0,-1.0369,0,26.684,70414591000,1829503000,35430943000,4754746000,65914000,133924309000,18147881000,1588813000,66632148000,6090552000,4489583000,16604097000,50567699000,2863831000,5440908000,353221000,57454150000,55822292000,71265512000,21019222000,21686397000,12651613000,7312521000,0,0,0,0,0,0.1139,37.7584,63.7736,210.1366,231.4843,462.519,1.1664,2.2339,1.7571,1.7571,-18.3925,56.5835,7.2664,78.9229,12.7685,3.934,7.474,8.4008,37.7584,156.8047,0.3786,17.1442,6.0862,2220000,6581799000,477357000,0,9053848000,2500712000,63509718000,14049464000,0,0,12660374000,0,133924309000,990438000,-307718000,-154740000,10219816000,1089836000,843047000,0,9931472000,14364452000,36023769000,23372156000,0,0,0,0,3.3471,9.4534,142.7219,1.3865,29.4108,9.4611,15.9661,45.9009,1.3605,9.4534,142.7219,0,20.0233,26.4559,-3.2409,4.6374
SZ002594,2016-12-31T00:00:00.000000,12.91,1.6911,103469997000,4613455000,-1845571000,29.323,13.1988,8.7582,20.3625,-36.5304,-0.6765,7693666000,0,5849534000,103469997000,5052154000,87581417000,13053450000,0,0,72.3684,110.0964,4.9746,3.2699,84.1813,78.9361,-143.5959,5.6534,8.0874,61.8053,-1.7837,-0.1204,1.8519,41768002000,0,17378439000,25009611000,7918830000,89661415000,55409363000,96739512000,6568410000,5480012000,89709308000,-13442642000,3208633000,1079063000,0.999,0.7771,22.1317,2.7493,0,-2.3565,182.4648,0.7942,10.3354,94.0974,73.0813,62.3982,4.2064,5.2962,5.98,89.0556,5.6432,3.0673,-1.2722,-2.0584,0,-0.6765,0,37.9269,78240081000,2244758000,37483211000,4565424000,65914000,145070778000,19501485000,1850792000,78317604000,4847936000,4490584000,16238160000,51255929000,4196339000,6842635000,565731000,82400900000,70164209000,91554879000,31223339000,26691182000,16270217000,7358594000,5480012000,5308825000,-1984925000,-19811441000,4830456000,0.0982,35.3317,57.1661,237.9159,230.7656,453.2732,1.56,2.9469,2.4768,2.4768,-17.5731,58.7146,6.9388,79.6375,11.85,4.0556,6.6132,10.9444,35.3317,174.9289,0.3955,17.3965,5.9521,0,6362378000,563215000,0,8946267000,3109304000,66830697000,15742125000,0,0,11343811000,0,145070778000,1222190000,-726027000,-599824000,14065652000,1288013000,926905000,0,14730655000,14473000000,46292139000,30021922000,565731000,1718744000,7358594000,0,-146.3283,7.8195,136.7437,-0.0284,43.7928,15.8014,25.6179,48.0481,1.1812,7.8195,136.7437,0,18.1212,25.8379,-4.9274,5.9638
SZ002594,2017-03-31T00:00:00.000000,1.15,0.1637,21046138000,446478000,-2418308000,3.751,5.0659,1.0486,21.0034,-399.1958,-0.8864,9097580000,0,825616000,21046138000,605795000,22739130000,3304563000,0,0,93.3273,177.5536,0.9643,0.5069,-23.8277,-28.7893,-75.1161,3.9229,6.6588,61.5018,-11.4905,0,0.2221,41272389000,0,17102320000,27976568000,7394671000,89993235000,56332874000,20209107000,1021631000,781366000,23044464000,-3500329000,457855000,1462348000,1.0587,0.8254,32.1269,2.7306,0,-3.2998,270.8809,0.1445,3.7105,-1.1866,-11.0488,-35.3708,0.5363,3.7126,0.9619,80.8135,0,0.5137,-1.6527,-2.6872,0,-0.8864,0,7.7145,77591345000,2497645000,38214112000,4880021000,65914000,146326109000,14149423000,1382294000,73286843000,7191753000,7491851000,16766041000,52001236000,1058996000,1556914000,267755000,16625725000,19345581000,25462772000,12091644000,7304316000,7387907000,8820942000,0,0,0,0,0,0.1241,35.5379,57.7835,237.8897,333.1925,623.053,0.2701,0.5592,0.4076,0.4076,9.958,1.4541,5.2067,78.9966,14.234,5.0318,7.3976,19.1865,35.5379,173.0598,0.536,17.6697,6.1456,0,4399212000,594523000,0,8990259000,3745058000,68734764000,15053586000,0,0,16706392000,0,146326109000,379790000,-2756000,-3076000,3878873000,799234000,245000000,0,4299563000,0,15150078000,7762171000,0,0,0,0,3.8811,11.4172,136.0786,1.5778,-0.8292,1.9499,0.8653,-8.0606,1.8046,11.4172,136.0786,0,24.3152,26.1157,-1.283,2.708
SZ002594,2017-06-30T00:00:00.000000,3.33,0.4089,45037637000,1115561000,-3470247000,0.1959,7.1573,2.8806,20.3213,-201.4173,-1.272,8701073000,1383490000,2567559000,45037637000,1722914000,42639466000,6684272000,0,0,89.0905,176.4494,2.0204,1.0201,-7.8852,-23.7546,-120.4782,5.7009,8.2442,62.8133,-7.7052,-0.5222,0.6315,46530489000,0,18144296000,34032436000,4532569000,96565937000,57169035000,43042887000,2650010000,2165163000,44066868000,-6939226000,1189947000,961658000,1.0648,0.8324,35.1546,2.835,0,-4.4453,265.5399,0.3015,13.0896,11.4022,-11.9327,-30.8014,1.4492,4.8075,2.4262,96.8887,2.5287,1.361,-2.2573,-3.5937,0,-1.272,0,16.5085,83126454000,2476898000,39700110000,4807610000,65914000,153734972000,16087628000,1866446000,78066217000,7316219000,8985120000,17341441000,52623901000,2248952000,1736852000,251448000,35885394000,36761281000,47537115000,27369197000,19261478000,11364523000,8320252000,2165163000,2563130000,-989937000,-2767620000,-6238417000,0.1115,34.2303,54.4953,254.821,322.4634,597.1121,0.5582,1.1625,0.8671,0.8671,18.0776,2.6689,6.4878,79.6787,11.0144,4.9935,3.8564,3.1113,34.2303,183.5021,0.3525,17.8979,6.3565,0,4183255000,550188000,35927000,9234312000,3943853000,70608518000,13485020000,0,0,18499720000,0,153734972000,974813000,-2377000,-19020000,7198709000,2189801000,377355000,0,9129027000,0,31869197000,20504674000,251448000,622467000,8320252000,0,3.6559,12.0335,132.5535,1.8548,6.2454,5.9144,5.9724,-5.4139,2.1644,12.0335,132.5535,0,26.0107,25.8237,-2.5436,4.1657
SZ002594,2017-09-30T00:00:00.000000,5.34,0.7217,73932895000,1968971000,696008000,1.5593,7.6216,4.5047,19.8583,24.9337,0.2551,8779718000,2387095000,4065770000,73932895000,2791435000,66867542000,10268043000,0,0,85.4657,170.6291,3.1592,1.5824,-8.4871,-23.8172,124.6031,5.4993,7.8766,64.2587,0.9414,0,1.0232,51677203000,0,20132187000,35295735000,8670256000,105851814000,58875729000,70545438000,4195639000,3461878000,69121080000,-11138356000,2587601000,1112450000,1.0057,0.7854,26.7511,2.9565,0,0.7617,256.0948,0.4773,13.1488,23.7244,-13.4973,-23.8171,2.2349,4.6825,3.7595,96.9047,0,2.1346,0.4225,0.6575,0,0.2551,0,27.1001,91896516000,2960915000,41091889000,4784600000,65914000,164727543000,21656214000,2343700000,91378558000,7808930000,4492480000,18352203000,54103403000,3537758000,2679790000,209257000,59251044000,52146305000,68425072000,33974958000,24450852000,11555253000,8471044000,0,0,0,0,0,0.0961,32.8442,51.1124,270.5901,310.6661,565.6856,0.8691,1.9645,1.4034,1.4034,335.7267,5.5554,6.2532,80.1417,10.6114,4.7851,3.6246,3.0953,32.8442,195.6472,0.4078,18.4036,6.727,0,5583781000,557989000,46250000,9201793000,4243641000,72831027000,14836173000,0,0,14473256000,0,164727543000,1627732000,-120315000,-139452000,11206875000,3340131000,998317000,0,14478487000,0,40301356000,28746103000,0,0,0,0,27.9429,8.7862,131.6644,0.1899,17.4545,9.6275,13.5498,5.8025,2.2016,8.7862,131.6644,0,21.1052,24.9454,-4.0828,4.2356
SZ002594,2017-12-31T00:00:00.000000,7.76,1.0949,105914702000,2986923000,6578825000,2.3627,8.2511,6.4915,19.0146,161.7819,2.3341,9902690000,3739491000,5410551000,105914702000,4066478000,94340585000,14776561000,0,0,78.1718,159.1541,4.6052,2.262,-7.5046,-19.51,456.4655,5.1084,7.5187,66.3348,6.2114,0.43,1.4906,51880681000,0,19872804000,35774916000,9873754000,118141943000,59957487000,101373317000,5620641000,4916936000,97524335000,-16175022000,3201316000,1577360000,0.978,0.7887,23.8982,3.1479,0,6.2657,237.3259,0.6555,14.3532,24.2115,-14.4292,-19.51,3.0429,4.6424,4.9108,96.2622,5.5187,2.919,3.6939,5.5686,0,2.4115,0,38.823,102684392000,3064911000,43244815000,4512856000,65914000,178099430000,23319529000,4700280000,104996936000,6369237000,4493109000,19235924000,55004194000,4925288000,3046592000,242586000,85775482000,68094663000,90945510000,46032851000,36249367000,11167824000,8935954000,4916936000,5750952000,-2726616000,-19636274000,14377997000,0.0943,30.884,46.5577,302.2609,307.4777,549.2216,1.1708,2.6142,1.9935,1.9935,-88.6291,7.3128,5.8511,80.9854,9.7119,4.6502,2.8765,3.7378,30.884,214.7872,0.5782,18.7338,7.0509,1095000,6973003000,825499000,66707000,10098178000,4100941000,75415038000,16954070000,0,0,13145007000,0,178099430000,2314401000,-206053000,-224522000,15482853000,3420788000,1606622000,0,19595810000,0,53832851000,42665027000,242586000,1333086000,8935954000,0,-5.6842,7.3807,127.1926,-0.8477,31.2427,15.3712,22.7673,7.687,2.1852,7.3807,127.1926,0,19.2886,24.2813,-5.929,4.0936
SZ002594,2018-03-31T00:00:00.000000,0.08,-0.1204,24737565000,-328531000,-163319000,17.5397,0.8014,0.8383,17.1438,-159.4523,-0.0799,8142104000,1029424000,249126000,24737565000,102425000,25867790000,4041388000,0,0,97.9948,189.5056,0.9184,0.4749,-69.8254,-83.0925,93.2465,1.0071,4.5235,66.9674,-0.6602,0,0.0375,52295046000,0,24761863000,37461146000,14038984000,121944695000,60150841000,24909165000,305561000,264141000,27097116000,-5310146000,664568000,-1263758000,0.9365,0.7149,18.594,3.2157,0,-0.1462,287.5004,0.1374,44.7866,0.7987,-70.0909,-83.0924,0.1467,1.0678,0.6213,81.5307,0,0.4102,-0.0897,-0.1339,0,-0.0599,0,9.0675,104619749000,3247672000,44205349000,4688262000,88394000,182095536000,21648377000,5871578000,111711094000,6458494000,1495090000,20510020000,55037097000,1172277000,853974000,84355000,20496606000,20195483000,27260435000,11707232000,8694483000,4247304000,7672196000,0,0,0,0,0,0.0729,30.2243,45.1328,317.4229,377.1061,655.2292,0.2387,0.57,0.4496,0.4496,-5.2611,0.0598,1.3094,82.8562,11.4793,4.7389,3.4521,18.4693,30.2243,221.5682,-0.4632,18.7458,7.5179,3121000,4102347000,838622000,66240000,9936425000,4822951000,77475787000,17335806000,0,0,10233601000,0,182095536000,813445000,-3369000,-3369000,4262304000,62596000,191820000,20606000,5372742000,0,13707232000,9459928000,0,0,0,0,-1.4431,5.6199,124.5033,-2.5993,1.8848,2.2212,2.2438,0.0566,3.2883,5.6199,124.5033,0,15.6787,24.2759,-1.9464,1.5568
SZ002594,2018-06-30T00:00:00.000000,0.71,-0.2468,54150930000,-673199000,-1456952000,20.2348,1.8892,1.7349,15.0364,-304.1025,-0.5889,10427332000,2079169000,980585000,54150930000,479099000,47309390000,8274521000,0,0,87.7568,172.4536,2.0511,1.0438,-61.8087,-72.1925,58.0158,1.8108,4.6962,68.9661,-2.6905,-0.2514,0.1756,0,6824670000,24989060000,40146546000,13965625000,131929874000,59366954000,54173166000,1087054000,874361000,50281661000,-8254178000,1471393000,1094081000,0.9401,0.7302,23.7211,3.433,0,-1.2236,260.2104,0.2932,37.7241,0,-58.9792,-72.1925,0.4734,1.6147,1.3126,90.2057,2.5786,0.9322,-0.7616,-1.1043,0,-0.534,0,19.849,111930046000,3380869000,45262542000,8319670000,65914000,191296828000,0,0,119067179000,6281380000,4484486000,18961122000,54224673000,2142749000,1757397000,0,46008597000,38346635000,51738613000,30222700000,24883372000,10790381000,10030035000,874361000,3646261000,-5249684000,-3094663000,682775000,0.0876,28.3458,41.1011,357.4861,356.6938,613.9445,0.5046,1.2195,0.9915,0.9915,-11.4609,-1.4172,2.1212,84.9636,9.6718,3.957,3.2454,9.7943,28.3458,243.3023,0.401,18.448,6.9502,1285000,0,979545000,70471000,10423846000,4904278000,79366782000,0,0,0,12862695000,0,191296828000,1337215000,371643000,-26557000,8816505000,1406297000,283420000,23296000,9660475000,0,37222700000,26432319000,125113000,834487000,10030035000,0,-1.8022,6.7239,119.8003,-2.6161,9.004,4.6658,7.4101,-2.8032,2.4694,6.7239,119.8003,0,19.1731,23.6609,-3.0256,3.9552
SZ002594,2018-09-30T00:00:00.000000,2.65,-0.0605,88981326000,-165054000,6650351000,20.3542,4.0044,3.7528,15.5743,435.5023,2.4377,14102518000,3486877000,2300771000,88981326000,1527053000,75025602000,12531418000,0,0,86.3307,161.5526,3.1275,1.6713,-43.4112,-45.2951,855.4992,2.5857,5.6522,68.8482,7.4739,0,0.5597,54601993000,5402084000,28167379000,41262174000,9004256000,132263257000,59845128000,88045868000,2434155000,2146152000,80294390000,-8812482000,3323348000,4616197000,0.9592,0.7235,23.4781,3.4278,0,5.5664,247.8832,0.4807,39.9122,5.2453,-41.9837,-45.295,1.1594,2.4119,2.3409,94.5203,0,1.8435,3.4618,5.0281,0,2.4377,0,32.6161,114602362000,3582762000,43062774000,9077259000,65914000,192108385000,0,0,119472628000,4952993000,6079388000,19957497000,54479045000,3386517000,2679375000,0,75123069000,53937107000,73644039000,40928505000,40876216000,6703973000,13552151000,0,0,0,0,0,0.1181,28.3585,41.1899,359.418,329.6614,561.669,0.819,2.0505,1.6255,1.6255,-24.7762,-0.9547,2.9296,84.4257,8.9511,3.8059,3.0112,5.4797,28.3585,242.7782,1.6921,18.5413,7.3154,2203000,5983922000,924515000,90690000,10819564000,5015498000,77506023000,0,0,0,12790629000,0,192108385000,1898923000,235931000,88424000,13584818000,5971987000,548420000,24393000,14784469000,2305000,51030810000,44326837000,0,0,0,0,-2.6263,6.658,126.5108,-1.7852,11.6064,-0.421,7.8658,-1.0287,2.1341,6.658,126.5108,0,19.014,22.4159,-3.2302,2.4573
SZ002594,2018-12-31T00:00:00.000000,4.96,0.2146,130054707000,585595000,12522909000,22.7919,5.4295,5.4058,16.4003,450.4329,4.5903,13052095000,4989360000,4241760000,130054707000,2780194000,103812991000,17842390000,0,0,76.4915,140.0146,4.7064,2.5712,-21.6021,-31.6314,90.3517,3.2615,5.7702,68.8063,9.629,0.721,1.0191,49283534000,3469114000,26330345000,37788977000,7482634000,133877098000,60693979000,126985561000,4385640000,3556193000,112560411000,-14230760000,4120193000,2215103000,0.9883,0.7625,31.3563,3.4254,0,10.7429,216.5061,0.698,32.4944,-5.006,-21.9726,-31.6314,1.9085,2.7344,3.7679,96.7193,6.206,2.7507,6.4362,9.354,0,4.5903,0,47.6715,115210575000,3560880000,43678630000,5638810000,65914000,194571077000,25142127000,2300000,116568975000,6847603000,7076777000,20498233000,55198289000,4729481000,3760412000,0,108725343000,72578132000,100037502000,52964977000,57557196000,3916511000,11151057000,3556193000,7589338000,-6584924000,-4385568000,6123683000,0.112,28.3692,41.2306,363.0225,301.5738,515.7883,1.1937,2.9664,2.3603,2.3603,-70.8563,0.3529,3.6593,83.5997,8.5543,3.6365,2.8914,3.2807,28.3692,242.5385,0.8119,18.8049,7.5136,451000,0,1010378000,90066000,11313829000,5384632000,79360502000,21140760000,0,0,17308123000,0,194571077000,2635336000,-113353000,-224724000,18824518000,6176040000,829313000,26872000,20406800000,10835000,67075812000,63159301000,686416000,1809347000,11151057000,0,-12.7416,8.8955,126.3737,-0.4979,12.1987,1.0032,9.2486,1.6329,2.0263,8.8955,126.3737,0,23.8712,22.4487,-5.2163,1.4356
SZ002594,2019-03-31T00:00:00.000000,1.33,0.151,30304111000,411967000,407884000,22.5024,5.7718,1.3465,19.0473,54.404,0.1495,13922572000,1293328000,1014508000,30304111000,749732000,26636297000,4860665000,0,0,100.9703,140.706,0.8914,0.6396,307.2269,631.9815,349.7468,3.3478,6.1091,68.7437,1.346,0,0.2748,45471373000,2557512000,28714138000,43527395000,3823913000,136680075000,62145614000,29239043000,1059734000,888497000,28641629000,-5654885000,888663000,1427481000,1.0184,0.7663,40.3337,3.4187,0,0.3581,241.6763,0.1541,15.9611,-7.7352,246.8159,631.9815,0.4517,2.9319,0.9968,95.7323,0,0.6786,0.2051,0.2984,0,0.1495,0,11.108,115986082000,3722895000,43963167000,0,65914000,198825689000,0,2500000,113887277000,8321072000,9568629000,21165302000,56510599000,1063088000,1044484000,0,24531984000,20826449000,28233745000,17484817000,15892473000,6680731000,12578538000,0,0,0,0,0,0.1223,28.4222,41.3452,363.4846,343.3148,584.1734,0.2622,0.6842,0.5426,0.5426,81.8582,2.3774,3.8479,80.9527,9.9277,3.5081,3.4467,4.2677,28.4222,241.8663,0.5232,19.2859,7.7581,7119000,0,0,98936000,11948910000,5189192000,82839607000,0,0,0,22792798000,0,198825689000,900917000,-194021000,-9370000,4725618000,69711000,394231000,0,5724596000,50000,23473745000,16793014000,0,0,0,0,10.8599,11.4637,0,0.7693,0.6731,0,2.1867,2.558,2.9729,11.4637,0,0,28.7413,0,-2.0728,2.4488
SZ002594,2019-06-30T00:00:00.000000,2.58,0.2714,62184263000,740372000,-2064503000,14.8351,5.6163,2.59,17.1448,-141.9319,-0.7567,11123479000,2495223000,1789091000,62184263000,1454573000,48750979000,11670448000,0,0,94.9872,145.3066,1.895,1.2388,82.4514,203.6059,-41.7001,2.8771,5.5883,68.8737,-3.32,-0.249,0.5332,51114033000,3058518000,28047626000,45647360000,6028012000,137694921000,62228860000,60611042000,1873648000,1648306000,52581567000,-12030045000,1861641000,-1421571000,1.0202,0.7697,45.4146,3.429,0,-1.8441,240.2938,0.3153,12.2396,3.7142,72.3602,203.6059,0.8357,2.6507,1.6865,95.487,3.0641,1.2738,-1.0326,-1.4993,0,-0.7567,0,22.7936,114212984000,3819475000,45196078000,6399676000,65914000,199923781000,18157719000,2500000,111949823000,12053733000,9069961000,21260366000,56689067000,2300530000,2070883000,0,51522898000,39776336000,54646070000,38955597000,35783104000,12661366000,9729486000,1648306000,3960703000,-1820510000,2597526000,-11132180000,0.0995,28.3553,41.17,373.9783,332.0474,570.957,0.5421,1.3804,1.1116,1.1116,137.4601,2.7008,3.2672,82.8552,9.3663,3.6995,3.3302,4.513,28.3553,242.895,-0.5211,19.1685,7.793,14387000,0,1198372000,98265000,12190546000,5837717000,85710797000,18460259000,0,0,25745098000,0,199923781000,1452939000,-273331000,-92332000,10144709000,1752842000,547039000,0,13782887000,60000,50393340000,37731974000,180882000,900561000,9729486000,0,11.3757,12.8775,125.4292,0.8296,-0.8659,3.4741,2.751,1.9335,2.3365,12.8775,125.4292,0,31.2311,22.6067,-4.4096,4.641
SZ002594,2019-09-30T00:00:00.000000,2.67,0.2153,93821797000,587310000,3832666000,5.4399,4.0472,3.4538,16.0375,243.4527,1.4049,10934947000,3839114000,2055748000,93821797000,1574296000,77347304000,15400752000,0,0,92.3213,140.0019,2.9246,1.9285,-10.6496,3.0937,-42.3689,2.1911,4.9752,68.4837,4.085,0,0.5771,48014443000,4444678000,27540926000,43000973000,6686532000,135752257000,62473319000,92217708000,2167630000,1894848000,82739863000,-16516101000,3530284000,-1612471000,1.0232,0.7708,46.9296,3.3891,0,3.5134,232.3232,0.4777,-2.224,-2.5751,-10.9494,3.0937,0.9648,2.0196,2.0956,94.8385,0,1.711,1.9335,2.8233,0,1.4049,0,34.3904,111621276000,3822945000,46806068000,0,65914000,198225576000,20815975000,1500000,109086119000,12960967000,9966779000,21326937000,56821602000,3345688000,3160219000,0,78775111000,57413291000,78907197000,50212626000,56393172000,11036782000,9538586000,0,0,0,0,0,0.1007,28.6651,41.8568,368.623,326.3879,565.1943,0.8272,2.1184,1.6751,1.6751,159.4582,2.9409,2.485,83.9625,9.0106,3.566,3.3683,5.1615,28.6651,238.9096,-0.5911,19.2171,7.8174,54459000,0,0,97573000,12728799000,5521093000,86604300000,13747457000,0,0,26666138000,0,198225576000,1948003000,-380351000,-113605000,14949468000,2149530000,647039000,0,18665631000,1780000,71110132000,60073350000,0,0,0,0,10.5185,13.4524,0,0.9293,-3.1154,0,1.8782,2.667,2.0763,13.4524,0,0,31.9402,0,-6.054,4.0455
SZ002594,2019-12-31T00:00:00.000000,2.62,0.0845,127738523000,230506000,14741007000,-1.7809,3.1146,4.3521,16.2944,913.0668,5.4033,12650083000,5629372000,2312288000,127738523000,1614450000,107166119000,20627160000,0,0,87.3734,131.3552,4.1202,2.7407,-45.4875,-41.9303,17.7123,1.8102,4.6333,68.002,11.54,0.9004,0.5918,43933795000,4502139000,25571564000,40332365000,8747448000,133040173000,62601420000,125615182000,2431131000,2118857000,113722388000,-20881446000,4388702000,523240000,0.9902,0.7535,44.0631,3.3438,0,13.6454,218.7286,0.6547,-2.8818,-10.855,-44.5661,-41.9303,1.086,1.6587,2.7909,95.1116,5.7763,2.1694,7.5347,11.0801,0,5.4033,0,46.8225,106966605000,4060175000,49443360000,5721076000,65914000,195641593000,22520530000,2000000,108028947000,11947932000,9968555000,21056234000,56762289000,4345897000,4140997000,0,106924288000,70932255000,98981381000,58478303000,68598918000,6610345000,11674297000,2118857000,8104315000,283960000,8068298000,-9983177000,0.1174,29.0134,42.6655,362.9849,313.0762,549.8598,1.1499,2.708,2.2818,2.2818,-105.5367,2.8334,2.0529,83.7056,9.0035,3.4022,3.2418,4.8884,29.0134,234.3813,0.1918,19.1954,7.7182,34345000,0,1561194000,96902000,12650308000,5747851000,88674988000,13647638000,0,0,25011226000,0,195641593000,3014032000,-808695000,-422776000,20316157000,2401053000,1088939000,0,23282499000,1786000,79796391000,73186046000,139176000,1476948000,11674297000,0,-23.5435,12.7842,114.8027,-0.3894,-7.1556,13.1981,0.5502,0.3269,2.3595,12.7842,114.8027,0,30.586,25.2724,-7.6541,2.423
SZ002594,2020-03-31T00:00:00.000000,0.08,-0.1729,19678542000,-471700000,4948683000,-35.0631,0.8607,0.817,17.6569,4393.5181,1.8139,12641416000,756531000,374508000,19678542000,112636000,19136788000,3930861000,0,0,145.5226,190.8886,0.6185,0.4715,-63.0848,-84.9765,1113.2574,1.9031,6.5246,67.2033,25.1476,0,0.0413,39541976000,4870865000,26829232000,38466906000,8537569000,128602511000,62760763000,19786960000,381935000,321968000,20681741000,-4489667000,921158000,-75183000,1.0055,0.7398,48.7123,3.2675,0,4.9009,336.4112,0.1017,-6.5644,-9.9964,-63.9594,-84.9764,0.1664,1.6361,0.6909,98.0554,0,0.4706,2.586,3.848,0,1.8139,0,7.2132,101528167000,4866511000,48798591000,0,65914000,191363274000,17990531000,1300000,100975290000,14533550000,9970309000,21085659000,56715028000,684500000,941825000,0,16203918000,9868115000,15733058000,20026193000,19534128000,-526416000,11599114000,0,0,0,0,0,0.1261,29.6374,44.101,354.6966,476.7764,884.9853,0.1888,0.3932,0.3468,0.3468,-77.2518,-0.0833,2.0332,82.3431,13.1172,3.4784,4.7861,1.9446,29.6374,226.7521,-0.0276,19.178,7.7289,94565000,0,0,96230000,12651000000,6147953000,89835107000,13665388000,0,0,27627221000,0,191363274000,954958000,-94537000,2523000,3855249000,6058114000,816920000,0,10547781000,0,20026193000,20552609000,0,0,0,0,49.9699,14.4371,0,0.2027,-5.0842,0,-2.1868,-0.0902,4.8528,14.4371,0,0,32.7561,0,-1.6457,-0.193
SZ002594,2020-06-30T00:00:00.000000,2.84,0.3358,60502986000,916227000,15538447000,-2.7037,6.1742,2.7457,19.5962,934.6828,5.6956,13241316000,2525361000,2948123000,60502986000,1662430000,55224386000,6495700000,0,0,98.7308,130.6689,1.8231,1.3775,64.7833,14.2899,852.6483,4.8727,7.702,65.9917,25.6821,1.5512,0.6094,43909067000,8351568000,27794288000,32091445000,9540363000,130423547000,67212858000,57537273000,2928081000,2383423000,58718856000,-6912217000,2092739000,1045997000,1.0739,0.7997,48.4945,3.1763,0,15.3297,229.3997,0.3077,-0.9032,-0.0563,56.277,14.2898,1.2121,3.9393,2.3353,100.6845,3.6352,1.7081,7.8621,11.9138,0,5.6956,0,22.1774,108849577000,4776938000,48539242000,6670502000,65914000,197636405000,23836677000,1300000,101361651000,15822055000,9874753000,22387637000,59928232000,2005390000,2020257000,0,48646685000,30412006000,43180409000,34136488000,44540133000,-7558569000,12720294000,2383423000,3860314000,-2774586000,668574000,7627130000,0.1312,30.3225,45.9489,324.4116,321.033,585.0128,0.5607,1.2203,1.037,1.037,18.8319,5.5775,5.3888,80.4038,9.4039,3.3145,3.3391,-0.6845,30.3225,217.6329,0.3834,20.2825,8.2062,60923000,0,1270798000,95559000,12024065000,5946277000,88786828000,11575368000,0,0,29061896000,0,197636405000,1663988000,-127814000,-95207000,9074640000,15343903000,860420000,0,22256120000,2280000000,39171252000,46729821000,366034000,1282625000,12720294000,0,3.8812,14.7047,123.4635,2.7447,1.7603,-1.8286,1.0196,6.8851,2.7503,14.7047,123.4635,0,32.6574,24.5599,-2.5337,-2.7706
SZ002594,2020-09-30T00:00:00.000000,5.89,0.9139,105022633000,2493146000,28663476000,11.9384,8.3255,4.8551,20.7489,839.6921,10.5066,13181897000,4891791000,5800312000,105022633000,3413570000,94936925000,9176983000,0,0,94.8282,106.4876,2.8473,2.5355,182.1509,116.8315,647.873,5.5229,7.7382,65.5183,27.2927,0,1.2512,38907717000,7420419000,32892862000,24789523000,9201306000,128939418000,67859599000,99185957000,5677776000,4901871000,101345583000,-10018905000,3096248000,646855000,1.0792,0.7498,48.6435,3.1575,0,28.7014,201.3158,0.5352,19.4327,-11.4401,161.9347,116.8315,2.4981,4.6674,4.4522,102.1582,0,2.9789,14.5648,22.2302,0,10.5066,0,38.496,107774544000,5229248000,53190974000,0,65914000,196799017000,32000797000,1400000,99867853000,15654973000,9876424000,24091978000,59764561000,3528320000,3100402000,0,83231542000,49042124000,72682107000,36349600000,54485381000,-17971613000,12321152000,0,0,0,0,0,0.1322,30.3683,46.3509,316.0472,276.0363,504.4578,0.9781,2.0982,1.8025,1.8025,30.6889,5.2892,6.1105,79.2511,9.2237,3.3596,2.9521,-2.1582,30.3683,215.7456,0.2371,20.8823,8.8309,23208000,0,0,94888000,11882649000,5330064000,89024473000,9332481000,0,0,29071565000,0,196799017000,3058263000,-201323000,-107434000,15501784000,18057573000,1353195000,0,28076478000,2800000000,41590072000,59561685000,0,0,0,0,3.6768,14.7722,0,2.8982,0.7553,0,0.5916,8.2724,2.912,14.7722,0,0,32.7249,0,-3.6724,-6.5875
SZ002594,2020-12-31T00:00:00.000000,7.43,1.0828,156597691000,2953923000,45392668000,22.5924,7.8305,6.3413,19.3785,1072.0313,16.6387,14445030000,7464861000,7085773000,156597691000,4234267000,138666915000,11774094000,0,0,81.2207,97.8753,4.4324,3.6782,206.4399,162.273,207.9346,4.5248,6.3899,67.9361,28.9868,1.8952,1.5521,41216427000,8185888000,31396358000,16400690000,11412460000,136563409000,64453912000,149010372000,6882587000,6013963000,148722006000,-14444248000,3686029000,2064201000,1.0486,0.7536,52.9813,3.4011,0,42.65,179.096,0.7896,22.7784,-6.1851,183.1023,162.273,3.0323,3.8404,5.3674,102.9522,8.1943,3.6678,22.5815,33.2393,0,16.6387,0,57.4008,111605110000,5465588000,54584620000,3550067000,65914000,201017321000,42982610000,7500000,106430696000,14745495000,8880459000,24456556000,56874274000,5055613000,4321493000,0,126251380000,69260117000,103329338000,40633747000,67123655000,-28907418000,13738498000,6013963000,9242103000,-6701761000,1549519000,26515194000,0.1357,28.2932,41.6468,356.7272,251.2356,455.9365,1.4329,2.9767,2.7561,2.7561,76.1649,0.1973,4.9376,80.6215,8.3907,3.2284,2.7596,-2.9522,28.2932,240.1146,0.7566,20.446,8.9645,24000,0,1042710000,94217000,11804174000,4885708000,89412211000,8925694000,0,0,30132713000,0,201017321000,3762610000,-272810000,-186837000,22521472000,18818421000,1836814000,0,33262669000,2800000000,45433747000,74341165000,906530000,3073097000,13738498000,0,5.8234,14.9901,104.1947,1.8967,4.3364,10.3983,2.7477,6.5154,2.4027,14.9901,104.1947,0,34.6325,27.1542,-5.2945,-10.596
SZ002594,2021-03-31T00:00:00.000000,0.31,-0.0285,40991873000,-81651000,141856000,108.3075,1.392,0.6502,12.595,59.7651,0.0496,29974477000,1217204000,646400000,40991873000,237356000,32379041000,4207848000,0,0,84.4139,85.8586,1.0662,1.0482,72.5998,110.7284,-97.2667,1.5769,2.9331,60.231,0.3461,0,0.083,36994803000,8663287000,35813906000,16588358000,14729624000,134792935000,89000329000,40496895000,656097000,511052000,35177041000,-4797704000,550565000,15766091000,1.2407,0.9083,33.3353,2.6615,0,0.1317,170.2725,0.193,33.4884,-10.2426,71.7824,100.9326,0.2406,1.2467,0.5891,98.522,0,0.4202,0.0634,0.1052,0,0.0496,0,14.3271,133680278000,5656091000,54469213000,0,65914000,223793264000,39188102000,1500000,107748951000,13622224000,6387775000,24663312000,81127153000,1247470000,1162579000,0,35828950000,25803901000,35035185000,8586978000,12323095000,20435114000,29504589000,0,0,0,0,0,0.2782,36.2509,60.1865,215.9738,269.2691,466.348,0.3342,0.7431,0.5941,0.5941,2.6356,42.643,1.6895,87.405,7.3314,3.0432,2.8361,1.478,36.2509,166.1502,5.5104,28.1819,8.6201,0,0,0,93546000,15439908000,1275497000,90112986000,9775010000,0,0,27043984000,0,223793264000,595230000,-137425000,-127715000,6058618000,2202523000,542379000,0,7000227000,25061668000,34049130000,13614016000,0,0,0,0,1.0429,12.0844,0,9.0633,19.7797,0,11.3303,37.8359,1.4521,12.0844,0,0,25.0011,0,-1.6768,7.1423
SZ002594,2021-06-30T00:00:00.000000,1.5,0.1289,90885400000,368666000,9676845000,50.2164,3.4256,1.9016,12.7639,824.5641,3.3822,21789172000,2995687000,2216240000,90885400000,1173571000,71626773000,10407215000,0,0,80.6894,78.4274,2.2308,2.2951,-24.8254,-29.4063,-40.6181,2.4385,3.5471,59.9429,10.6473,1.007,0.4102,37982499000,10394981000,39686413000,11256556000,14260446000,133609377000,89285155000,89337454000,2204115000,1810771000,76517337000,-12918828000,1254811000,7413801000,1.1491,0.796,26.0815,2.6443,0,8.608,159.1167,0.4288,42.7862,-7.8462,-24.7249,-32.6878,0.8543,1.9924,1.4908,100.5501,3.3622,1.1268,4.3414,7.2426,0,3.3822,0,31.7654,129172786000,5665143000,54315780000,5103790000,65914000,222894532000,47413785000,2100000,112416860000,10198931000,4490423000,25145078000,81255042000,2652212000,2407019000,0,79284918000,47970468000,66840492000,19414712000,31074093000,10639523000,21152299000,1810771000,5066296000,-8516902000,1255893000,7265304000,0.1938,36.4545,60.8154,213.6965,238.4323,419.7821,0.7549,1.6516,1.3159,1.3159,8.2886,42.8678,2.584,87.2361,6.6182,2.9182,2.6484,-0.5501,36.4545,164.4321,2.5912,28.3995,8.7885,0,0,1038155000,88747000,14969758000,2041742000,93721746000,8961870000,0,0,21192517000,0,222894532000,955784000,-48447000,-78358000,12609241000,8012147000,686428000,0,20930975000,25061668000,44476380000,33836857000,213591000,1195824000,21152299000,0,1.2648,9.5079,149.5975,5.8564,15.7409,-0.4925,10.8832,37.325,1.0516,9.5079,149.5975,0,20.6862,24.3684,-4.5153,3.7186
SZ002594,2021-09-30T00:00:00.000000,3.06,0.3098,145192358000,886405000,31873711000,38.2486,4.7124,3.404,12.9749,1304.6357,11.1402,36174883000,5233772000,3868792000,145192358000,2443112000,129994762000,20719095000,0,0,77.029,72.9104,3.5052,3.7032,-33.3003,-28.4294,6.0306,2.6646,3.7672,63.7964,21.9527,0,0.8539,37198579000,12367949000,40699200000,15484510000,14623261000,160678068000,91182817000,142770561000,3926456000,3296543000,136233490000,-22289539000,2373287000,18921164000,1.0268,0.7393,23.209,2.9483,0,22.5197,149.9393,0.6412,23.7326,-9.7482,-30.8452,-31.7563,1.4558,2.2705,2.3399,98.5314,0,1.9117,12.6553,19.837,0,11.1402,0,50.7463,145333579000,5864122000,55137838000,0,65914000,251860885000,54536010000,1200000,141537164000,10583884000,1996878000,26414619000,82471788000,4258573000,3783509000,0,126353739000,75270056000,104359779000,27937696000,37139631000,9345538000,32659662000,0,0,0,0,0,0.2556,32.745,51.3273,251.0242,238.9019,421.0866,1.1302,2.6321,2.0839,2.0839,32.3699,45.0072,2.892,87.0251,6.4838,2.9331,2.6059,1.4686,32.745,194.8279,6.6131,28.8248,9.2322,2869000,0,0,88123000,14979492000,2008606000,106527306000,7981157000,0,0,19140904000,0,251860885000,1371908000,-28291000,-51501000,19988910000,11222535000,955647000,0,33512074000,25561668000,53499364000,44153826000,0,0,0,0,5.0418,7.5998,0,1.3269,30.2213,0,25.2931,40.9798,0.9449,7.5998,0,0,18.8371,0,-7.7904,3.2664
SZ002594,2021-12-31T00:00:00.000000,3.73,0.431,216142395000,1254619000,65466682000,38.024,4.0374,4.1519,13.0214,2149.8404,22.4883,50457097000,7990974000,4631992000,216142395000,3045188000,202666455000,37343609000,0,0,71.5711,64.5139,5.03,5.5802,-34.6297,-28.0823,35.1568,2.143,2.9729,64.7562,30.2887,3.0792,1.046,36251280000,14932576000,43354782000,10204358000,12983416000,191535938000,104244209000,212602339000,4518003000,3967266000,213418808000,-45403992000,2619303000,36081362000,0.9697,0.7166,21.2812,3.0147,0,38.2167,136.085,0.8701,38.0886,-12.0465,-34.356,-32.6031,1.5971,1.8355,2.5382,102.523,7.0536,2.2073,22.1336,34.1798,0,22.4883,0,74.2466,166110189000,7905001000,61221365000,14246331000,65914000,295780147000,73160167000,1300000,171303944000,8743519000,2046439000,26455907000,95069671000,6081678000,5710193000,0,187997689000,104399121000,147952126000,32872379000,49878805000,16062517000,49819860000,3967266000,10877352000,-12892770000,1382660000,55595180000,0.3273,32.142,49.6354,261.2933,231.277,413.7251,1.5566,3.7105,2.845,2.845,-22350.6949,67.1576,2.2413,86.9786,6.2823,2.8137,2.6419,-2.523,32.142,201.469,12.3942,32.6572,9.0878,5606052000,0,1274182000,87500000,17104942000,2605031000,129669958000,7331459000,0,0,20231994000,0,295780147000,1786927000,-57134000,-145295000,28759751000,12722026000,3526828000,0,58126018000,37313719000,70186098000,54123581000,857475000,2928244000,49819860000,0,-3.8954,6.8402,155.2884,-1.7841,48.8374,12.1586,47.1416,59.7645,0.8267,6.8402,155.2884,0,17.547,20.6983,-15.5966,5.5176
SZ002594,2022-03-31T00:00:00.000000,0.85,0.1765,66825185000,513943000,11933340000,63.0206,3.3875,0.9005,12.4015,1476.1531,4.0992,42181589000,2360666000,1061216000,66825185000,808408000,63413842000,13454362000,0,0,74.4043,47.977,1.2096,1.8759,64.1733,240.5888,8167.8082,1.588,2.0829,66.7674,17.8575,0,0.2777,34994831000,21922071000,53433422000,5481339000,8559665000,211701884000,105371879000,65607295000,1054455000,911510000,66159471000,-12596291000,375777000,-7890637000,0.9189,0.637,23.0771,3.2088,0,6.2945,122.3814,0.2181,49.1974,-3.4659,60.7163,234.7391,0.2975,1.364,0.3177,100.6412,0,0.4781,3.7636,5.6369,0,4.0992,0,22.955,174204810000,8971327000,61987370000,0,65914000,317073763000,84275159000,800000,189583715000,10319788000,2064198000,27264315000,95844610000,1978293000,1701838000,0,58537865000,39713613000,54226131000,7541161000,15091206000,-7253364000,41929223000,0,0,0,0,0,0.2309,30.2279,45.2734,283.7596,229.1677,412.6951,0.3927,1.0894,0.7001,0.7001,-6.4965,0.8151,1.697,87.5985,5.3859,2.9604,2.5467,-0.6412,30.2279,220.8803,-2.7105,32.9234,9.3655,1591381000,0,0,86876000,15909471000,2772930000,142868953000,4841911000,0,0,22118169000,0,317073763000,-81001000,-200531000,-225915000,9973248000,4389844000,1701773000,0,16986135000,276625000,8299341000,15552705000,0,0,0,0,-1.4382,6.9757,0,-5.2828,4.873,0,7.1991,-0.8048,-0.1212,6.9757,0,0,18.7501,0,-4.3269,-2.4916
SZ002594,2022-06-30T00:00:00.000000,3.75,1.0406,150607252000,3029410000,43185167000,65.7112,7.5027,3.284,13.5065,1201.1632,14.8344,44686176000,5424256000,4622116000,150607252000,3595279000,152837481000,36128310000,0,0,69.4972,43.8712,2.59,4.1029,108.5567,206.3538,338.6082,3.069,3.5152,69.2897,28.674,3.0156,1.235,37163395000,25394950000,57235044000,10178867000,9345604000,239702615000,106240266000,145564784000,4641481000,3933136000,160292658000,-42807565000,736927000,-8482974000,0.8377,0.5751,22.5368,3.4812,0,19.8161,113.3684,0.4694,44.2182,2.5161,110.5825,201.092,1.2258,2.6115,1.1666,99.5828,4.9635,1.8186,12.4833,18.0161,0,14.8344,0,51.7347,182568582000,8426666000,69924659000,23589544000,65914000,345942881000,93087986000,0,217930002000,10521153000,0,29745516000,96609041000,4722663000,3670510000,0,130265478000,86459497000,117107491000,19435013000,23418888000,-9002326000,41336886000,3933136000,6151726000,-14189450000,-2271320000,45339984000,0.2116,27.9263,40.3037,326.7742,208.3637,383.4814,0.8639,2.2926,1.5715,1.5715,-7.4273,1.6192,3.3692,86.4935,4.9763,3.1357,2.4371,0.4172,27.9263,248.1161,-2.914,33.1859,10.2178,1431944000,0,1453231000,86252000,17730192000,2763547000,163374299000,2946956000,0,0,21772613000,0,345942881000,-898445000,-369664000,-404634000,21597732000,7844553000,2463808000,0,50652118000,276625000,19711638000,28713964000,431992000,2831216000,41336886000,0,-0.6157,6.2937,138.1616,-12.1469,9.9081,14.2161,16.9595,-0.1261,-0.5965,6.2937,138.1616,0,18.3919,20.2128,-14.7047,-3.0924
SZ002594,2022-09-30T00:00:00.000000,9.43,2.8733,267687847000,8364627000,91036733000,84.3677,12.5671,7.981,15.892,977.6841,31.2718,44932061000,10870017000,12085367000,267687847000,9311467000,278809515000,64278202000,0,0,70.0278,36.9261,3.8556,7.3119,212.3809,281.1314,180.7114,4.5147,4.9129,73.5908,34.0085,0,3.1986,36968493000,33522255000,73434508000,9513343000,6723515000,313666624000,112564228000,254904996000,12119113000,9988360000,291212780000,-83657427000,1573927000,-8193681000,0.7521,0.4968,25.3837,4.0598,0,31.649,106.9539,0.7415,80.4323,1.9784,208.6527,274.5853,2.7668,3.7313,2.9859,99.7215,0,4.5175,21.3586,29.0234,0,31.2718,0,91.9528,216323930000,13377049000,101340045000,0,65914000,426230852000,119212636000,0,287644882000,7755968000,0,35461704000,102513686000,9355972000,6409600000,0,225146947000,148878513000,200176047000,19637913000,29858069000,-15997988000,41626179000,0,0,0,0,0,0.1647,24.0512,32.6824,422.5909,192.8687,364.1237,1.3999,4.3639,2.7096,2.7096,-6.997,7.8301,5.0586,84.108,5.3891,3.4951,2.3944,0.2785,24.0512,305.9754,-2.8146,35.2142,12.1814,2442014000,0,0,85628000,22851456000,2192636000,209906922000,2637935000,0,0,26021742000,0,426230852000,-1339678000,-332052000,-373613000,35943633000,10731928000,7616090000,0,94389355000,472625000,20110538000,36108526000,0,0,0,0,-0.3649,6.1051,0,-24.4993,30.2292,0,44.1039,5.978,-0.5005,6.1051,0,0,20.2448,0,-28.737,-5.4954
SZ002594,2022-12-31T00:00:00.000000,16.14,5.3717,424060635000,15637792000,140837657000,96.195,16.1305,13.6222,17.0365,847.2739,48.3788,51471263000,18654453000,21541819000,424060635000,16622448000,413209226000,97456862000,0,0,62.6554,31.8689,5.7457,11.2963,365.066,445.8595,115.1287,5.0799,5.2813,75.4202,33.2117,3.3512,5.7099,38828494000,35516571000,79107199000,5153098000,6464828000,372470809000,121389837000,401187332000,21079729000,17713104000,441379987000,-120595997000,1632852000,1362597000,0.7224,0.4851,35.2396,4.3547,0,42.2499,94.5243,1.0741,82.4648,7.1093,366.5718,445.8594,4.4864,4.177,4.9293,102.1921,14.6905,7.6932,28.5177,37.8117,0,48.3788,0,145.6681,240803507000,15485402000,131880369000,37259224000,65914000,493860646000,140437310000,0,333344561000,7593596000,0,40943232000,111029299000,15060676000,10007370000,0,351815680000,220842504000,300542330000,27635948000,44048894000,-19488683000,51182457000,17713104000,14602466000,-36564504000,-17546586000,152528799000,0.2163,22.4819,29.8089,454.7214,172.7217,335.1769,2.0843,4.3867,4.1151,4.1151,-8.6778,16.7873,5.6173,82.9635,5.5299,3.5515,2.3599,-2.1921,22.4819,335.4707,0.4681,38.1394,14.0643,20626930000,0,1910009000,85005000,23223497000,1683000000,253057139000,3328419000,0,0,39126248000,0,493860646000,-1617957000,-791903000,-685885000,53519728000,13310643000,10572908000,0,133906640000,507625000,31175046000,50663729000,1386458000,5099231000,51182457000,0,-0.4228,7.9225,84.1894,-31.7886,44.9661,115.4156,66.9688,16.7872,-0.3815,7.9225,84.1894,0,26.0571,26.704,-41.4257,-6.6945
SZ002594,2023-03-31T00:00:00.000000,3.65,1.2246,120173608000,3565127000,14465699000,79.8328,14.5806,3.1327,17.8633,350.2537,4.9691,56283355000,6237909000,5298604000,120173608000,4130063000,93703601000,32357737000,0,0,76.3106,29.155,1.1794,3.087,399.2955,410.8884,21.2208,4.4091,4.597,76.9541,12.0373,0,1.4187,39030536000,25305204000,88278571000,15701332000,7760886000,421018155000,126084806000,115208987000,5217239000,4369995000,102248133000,-22697368000,241502000,3709376000,0.6868,0.4507,40.8204,4.6428,0,3.8695,105.4656,0.2309,65.2123,0.5203,394.7806,410.8884,0.8396,3.6364,1.0035,101.5595,0,1.8977,2.6441,3.4359,0,4.9691,0,41.2806,256761554000,15811251000,147738433000,0,65914000,547102961000,152444845000,0,373839362000,8611000000,0,45073295000,115576583000,4648263000,3365701000,0,98706595000,58842560000,87782434000,13214038000,647470000,12050081000,54891833000,0,0,0,0,0,0.1785,21.1252,27.4517,520.863,186.3173,389.7974,0.483,0.9104,1.0606,1.0606,-1.1466,4.0956,4.8884,82.1367,6.6736,3.868,2.8007,-1.5595,21.1252,364.2763,1.2742,39.7014,15.483,10431168000,0,0,84381000,27609892000,1776968000,290341407000,3709539000,0,0,47178793000,0,547102961000,5910000,245494000,215063000,18250085000,10541510000,384141000,0,33238878000,0,13214038000,1163957000,0,0,0,0,-0.403,8.6234,0,-40.2171,6.627,0,10.7808,4.0955,0.0049,8.6234,0,0,28.9875,0,-7.7967,4.1393
SZ002594,2023-06-30T00:00:00.000000,9.36,3.3303,260124143000,9694855000,81971177000,72.7169,18.9933,8.5106,18.3269,748.312,28.1577,79811263000,13834648000,13731283000,260124143000,10954145000,251313806000,65936866000,0,0,70.3252,30.408,2.5595,5.9195,197.0779,204.6814,89.8132,5.2787,5.5271,77.9405,31.5123,2.7198,3.7628,49058860000,35084866000,86900482000,9835141000,7225482000,460732251000,130401156000,247488264000,13399920000,11439719000,270150511000,-58536271000,853406000,28045903000,0.6589,0.4437,47.6684,4.8502,0,20.3055,100.7332,0.4795,51.8309,26.3476,188.6992,204.6813,2.1087,4.3978,2.2667,102.4729,11.1649,4.9387,13.8668,17.7915,0,28.1577,0,89.3546,266007134000,16473886000,181104955000,45365812000,65914000,591133407000,165489829000,0,403689601000,7760844000,0,48572852000,119665542000,10838054000,6818637000,0,212451556000,125042780000,188179334000,17114038000,11667955000,4050212000,79228360000,11439719000,15778818000,-9012351000,356983000,59917321000,0.2301,20.2434,25.9729,566.0885,175.3507,375.3956,1.0265,1.6609,2.2551,2.2551,-2.2598,7.7783,5.8514,81.6731,6.3638,4.1665,2.6213,-2.4729,20.2434,385.0166,9.634,41.106,16.6851,13064442000,0,2011167000,83757000,30614510000,1592627000,325126273000,3603387000,0,0,57042650000,0,591133407000,-1102954000,590770000,597938000,37357054000,19010138000,960274000,0,77546409000,0,17142271000,13092059000,905154000,1711925000,79228360000,0,-0.4143,9.6497,66.0752,-47.295,10.4665,37.3252,19.6964,7.778,-0.424,9.6497,66.0752,0,32.2807,30.6369,-20.1077,1.3913
SZ002594,2023-09-30T00:00:00.000000,17.74,6.6464,422274838000,19348761000,97860288000,57.749,23.6538,15.5896,19.7853,457.9996,33.6158,55759753000,24938379000,26637286000,422274838000,21366896000,396455740000,100966754000,0,0,68.4786,29.3479,3.9428,9.2,120.4094,129.4686,7.4953,6.308,6.4915,77.3671,23.1745,0,7.3397,52970472000,38112736000,92711639000,10098226000,5864464000,482216639000,141066857000,397395929000,26065405000,22326427000,422938702000,-94403483000,4573434000,4083536000,0.6562,0.4351,48.4691,4.7135,0,23.3403,97.8265,0.756,26.2508,36.4217,115.0768,129.4686,3.9971,5.2872,4.4387,102.194,0,9.4162,15.7008,20.2938,0,33.6158,0,145.0547,275133017000,16909759000,208156974000,0,65914000,623283496000,181590318000,0,419276686000,9260844000,0,58985603000,129855730000,17227110000,10280194000,0,338726669000,222180379000,325078414000,22414038000,16700692000,256219000,55265993000,0,0,0,0,0,0.1583,20.8341,26.9289,530.4723,164.9434,357.1476,1.6369,3.1991,3.506,3.506,-3.5682,16.9563,7.142,80.2147,6.2128,4.0796,2.4345,-2.194,20.8341,371.348,1.4027,44.6064,20.262,10611806000,0,0,83134000,31647512000,589034000,348150479000,4074963000,0,0,62939953000,0,623283496000,-1272010000,975244000,960229000,61442680000,21824587000,1466497000,0,116228070000,0,22442271000,22186052000,0,0,0,0,-0.4366,10.0981,0,-49.5145,14.2562,0,26.2064,16.9562,-0.3012,10.0981,0,0,32.6459,0,-32.4283,0.088
SZ002594,2023-12-31T00:00:00.000000,24.4,9.7771,602315354000,28462432000,169725025000,42.0352,24.0481,20.0042,18.581,564.9815,58.3019,109094408000,39574945000,38103095000,602315354000,30040811000,572704798000,122093509000,0,0,61.2177,30.0922,5.8806,11.9632,76.8797,80.7243,20.5111,6.3261,6.491,77.8585,28.1788,2.2055,10.3192,61866019000,34698510000,87676748000,18323216000,7740491000,529085557000,150462113000,567681132000,37268637000,31344070000,611818103000,-125663644000,4101617000,57329288000,0.666,0.4727,54.3324,4.8116,0,37.4118,91.31,1.0266,10.8328,59.3315,76.7985,80.7243,5.3424,5.2039,6.1008,102.239,28.3906,13.4299,24.9762,32.0789,0,58.3019,0,206.9,302121446000,17647212000,230903820000,30360803000,4427571000,679547670000,194429817000,0,453666671000,11975139000,0,67123972000,138810065000,15370800000,13461708000,0,490398945000,313433210000,442093078000,45304083000,27230939000,12817127000,108511745000,31344070000,37715404000,-7602102000,-12641191000,112737462000,0.2616,20.4268,26.2358,615.5143,162.2514,350.6693,2.2188,3.3184,4.8216,4.8216,-4.9353,25.0211,7.1981,81.419,4.5421,2.552,2.235,-2.239,20.4268,381.1579,19.6931,47.6823,23.0576,9542789000,0,2757912000,82510000,37236261000,541000000,377426224000,4053314000,0,0,75418886000,0,679547670000,-1474894000,1635141000,1277455000,84287908000,23105483000,2084953000,14077769000,148769127000,98000000,45430316000,32613189000,2188219000,4174175000,108511745000,0,-0.4977,11.0984,60.116,-52.057,25.4639,75.0858,37.5991,25.0211,-0.2449,11.0984,60.116,0,35.2048,33.979,-43.1664,4.4028
SZ002594,2024-03-31T00:00:00.000000,3.24,1.2888,124944397000,3751980000,10227984000,3.9699,12.9657,2.7545,20.7053,223.8662,3.5134,86796529000,10610654000,5798486000,124944397000,4568793000,124156838000,26094349000,0,0,84.689,44.3472,1.0627,2.0294,9.4342,10.6228,-29.2949,4.6409,5.0405,77.1392,8.186,0,1.5694,61265729000,38363374000,98778886000,13718585000,8170073000,522836586000,154947035000,120733401000,5717365000,4770879000,131281926000,-27269598000,232182000,-22332997000,0.6596,0.4371,55.0393,4.6539,0,2.3032,129.0362,0.1841,11.8945,-0.9703,9.586,10.6228,0.703,3.8184,0.8139,101.4189,0,2.1633,1.509,1.9562,0,3.5134,0,42.9194,292893774000,18102324000,231093876000,0,4427571000,677783621000,196133876000,0,444080698000,13995641000,0,71692765000,143090246000,5332694000,3768509000,0,99074282000,85416879000,121053942000,12703500000,17136272000,-5183543000,86178748000,0,0,0,0,0,0.2166,21.1115,27.3681,590.117,214.3008,488.8567,0.42,0.5408,0.8864,0.8864,-0.8254,3.0835,5.2948,79.2947,7.129,4.2681,3.0161,-1.4189,21.1115,365.3894,-7.6716,49.1526,24.627,9384994000,0,0,61508000,36957988000,637605000,384889847000,3309360000,0,0,78755888000,0,677783621000,-193961000,621940000,456861000,23477009000,591213000,1606462000,0,27860811000,0,12703500000,17887043000,0,0,0,0,-0.5209,11.6196,0,-51.9339,-3.0543,0,-0.2596,3.0834,-0.1552,11.6196,0,0,35.5002,0,-9.3673,-1.7806
SZ002594,2024-06-30T00:00:00.000000,9.67,4.2332,301126713000,12315414000,14178310000,15.7627,19.3628,8.031,18.7794,104.0132,4.8735,53053301000,19620756000,17323276000,301126713000,13631257000,297083766000,47225661000,0,0,73.7546,39.9541,2.4405,4.5052,26.1592,24.4393,-82.6921,5.7528,6.0919,77.47,4.7084,0.3014,4.6855,71814516000,36755236000,112753013000,10048017000,8059790000,531633632000,154611078000,287855895000,17228138000,14113216000,311013510000,-55874075000,333758000,-54285173000,0.6592,0.4101,55.2506,4.7233,0,3.1316,113.7087,0.441,29.7496,16.0807,28.569,24.5195,2.0667,4.6868,2.5329,100.5522,17.1962,6.3054,2.0661,2.6669,0,4.8735,0,103.5061,298431610000,18542811000,230030358000,39057738000,4427571000,686244710000,207517115000,0,452742803000,11305318000,0,71742986000,142787204000,10599925000,7694969000,0,244577008000,217491368000,296835200000,13260782000,23687916000,-12358424000,54226572000,14113216000,27036659000,-26663414000,-15899029000,9415385000,0.1556,20.807,26.8582,596.4644,179.4918,408.2046,1.0028,1.306,2.1387,2.1387,-1.9691,2.8652,6.5521,81.2206,6.0984,3.5201,2.5554,-0.5522,20.807,372.3258,-18.6594,49.0801,24.6602,17388054000,0,3063158000,61081000,36269466000,832937000,387813100000,2259388000,0,0,78890829000,0,686244710000,69006000,1209337000,913659000,50466622000,1165012000,1753172000,0,57039087000,98000000,13358782000,25717206000,1531034000,2583508000,54226572000,0,-0.5112,11.496,62.0732,-53.0413,-1.2213,-0.3783,0.9855,2.9311,0.0229,11.496,62.0732,0,35.588,33.5202,-19.2056,-4.248
SZ002594,2024-09-30T00:00:00.000000,17.15,7.9719,502251312000,23192325000,56273315000,18.9394,22.8705,13.7782,19.3169,222.9696,19.3428,66319375000,33319208000,31746599000,502251312000,25238115000,501573341000,69517647000,0,0,70.638,37.9826,3.8223,7.1085,19.1811,18.1178,-42.4591,6.3209,6.5686,77.9129,11.2042,0,8.6751,79443781000,57474962000,124358648000,20551154000,9780490000,595456788000,168802727000,478028764000,31319509000,26247548000,523994461000,-86650548000,9994149000,-42702084000,0.7071,0.4643,53.6238,4.8302,0,10.9889,108.6207,0.6957,34.1349,28.4126,20.1574,18.194,3.6359,5.226,4.4807,101.3637,0,11.34,7.3631,9.4504,0,19.3428,0,172.6385,362098716000,19487191000,262984804000,0,4427571000,764259515000,237519934000,0,512091875000,9799136000,0,83349594000,155462393000,16642289000,12409492000,0,405231798000,339294321000,467721146000,26833999000,29536541000,-11961453000,65809661000,0,0,0,0,0,0.1791,20.3416,26.1081,595.1284,178.5356,388.0806,1.5123,2.1741,3.4135,3.4135,-3.3313,11.9965,7.1947,80.6831,5.9888,3.3135,2.4708,-1.3637,20.3416,383.023,-14.678,53.437,28.6497,25415146000,0,0,60654000,37240396000,235617000,402160799000,2940219000,0,0,83364913000,0,764259515000,1027128000,1859498000,1351352000,83518851000,9166287000,2981345000,0,95816835000,98000000,29891999000,41853452000,0,0,0,0,-0.5558,10.9079,0,-51.557,19.852,0,12.4659,12.0687,0.2045,10.9079,0,0,34.9059,0,-29.7843,-4.1115
SZ002594,2024-12-31T00:00:00.000000,26.05,12.7121,777102455000,36982887000,133453873000,29.0192,26.0405,21.3599,19.4383,331.5266,45.872,102738734000,53194745000,50486047000,777102455000,40254346000,774347395000,97359768000,0,0,58.5713,28.7603,6.1464,12.5173,32.4985,33.9989,-21.3198,6.4967,6.6625,74.6363,17.1733,1.1961,13.8366,62298988000,43729585000,116036237000,12103272000,10222575000,584667646000,198688209000,737939947000,49680677000,41587940000,814817630000,-129082282000,10051081000,-6255203000,0.7471,0.5132,47.8715,4.1561,0,26.9068,87.3316,1.0624,32.3455,0.6998,33.3043,34.0853,5.6857,5.3517,6.9583,101.6211,40.7941,17.7964,17.0362,22.8256,0,45.872,0,267.1129,370572244000,19082496000,262287302000,0,4427571000,783355855000,241643424000,0,495985176000,8257786000,0,98647794000,185251104000,24085317000,18644661000,0,626046616000,489866241000,681363757000,37663666000,50103695000,-10267547000,102256542000,41587940000,56920062000,-31248137000,-14841203000,67559896000,0.2889,23.6484,31.6849,455.6135,155.8158,338.8519,2.3104,3.1489,4.796,4.796,-5.6117,33.4565,7.4151,80.5617,5.6551,3.0994,2.3993,-1.6211,23.6484,315.6082,-2.1501,58.5566,33.9081,40511496000,0,0,60228000,38423925000,508038000,412783611000,2383996000,0,0,88682470000,0,783355855000,1216206000,2291475000,1468954000,117067584000,15400173000,3666259000,125437000,144482455000,98000000,55721666000,65989213000,3871677000,5514039000,102256542000,0,-0.7071,11.3208,70.6291,-43.1081,22.6567,13.5916,15.2761,22.8056,0.1565,11.3208,70.6291,0,32.3737,33.4825,-44.3694,-3.5293
SZ002594,2025-03-31T00:00:00.000000,4.37,2.6889,170360448000,8171627000,8580961000,36.349,18.8414,4.149,20.0663,93.7299,2.8236,117406726000,14223006000,11020649000,170360448000,9154985000,186993954000,37276487000,0,0,89.3586,30.504,1.0072,2.9504,90.0608,100.3808,-19.6345,6.469,6.922,70.7134,5.0369,0,3.0124,53182767000,46141085000,154373616000,13144785000,12000950000,594365580000,246161565000,162850401000,11190883000,9443140000,198830910000,-32739721000,177469000,13962070000,0.8106,0.5054,37.9534,3.547,0,1.6965,119.8626,0.2098,56.282,-14.633,95.735,91.9462,1.163,5.543,1.1433,98.4788,0,3.8803,1.0209,1.4437,0,2.8236,0,56.0568,409994229000,19630668000,269814106000,0,4427571000,840527145000,250772811000,0,505797075000,6339145000,0,107874344000,233361322000,6181121000,4905868000,0,136175385000,135218162000,190249949000,4175713000,3253592000,38000266000,116218612000,0,0,0,0,0,0.3035,27.7637,39.2623,341.9663,206.1834,428.9419,0.4365,0.6489,0.8139,0.8139,-1.5402,25.9703,7.6991,79.9337,5.3878,3.6283,2.8797,1.5212,27.7637,254.6976,4.5942,71.8515,35.4959,35984229000,0,0,59801000,40143957000,859988000,430532916000,1889615000,0,0,88568505000,0,840527145000,-1908346000,696730000,377476000,33265156000,10750696000,691999000,283821000,43490417000,40221971000,44397684000,6397418000,0,0,0,0,-0.9245,10.5373,0,-31.5238,10.6381,0,7.2983,22.7834,-1.1202,10.5373,0,0,27.5117,0,-10.773,12.5039
SZ002594,2025-06-30T00:00:00.000000,7.43,4.475,371280948000,13599741000,31833471000,23.2972,16.2922,7.1437,18.0095,205.2378,10.4748,111734283000,29596366000,18719509000,371280948000,15510533000,402581644000,80524516000,0,0,75.945,25.6174,2.3701,7.0265,8.0599,13.7865,18.878,5.0419,5.355,71.0814,8.574,0.604,5.1037,43381542000,48908232000,140839351000,16107126000,9576998000,601592451000,244750192000,359557739000,18910015000,16038939000,422734729000,-74495747000,474212000,7460238000,0.7609,0.4866,38.0058,3.5912,0,6.2011,101.5624,0.4556,24.9096,-30.3656,9.7624,-39.7533,1.9683,4.3199,1.9222,98.9926,19.2672,6.5422,3.7613,5.2915,0,5.7935,0,122.1694,390635460000,20353959000,280794676000,31142259000,4427571000,846342643000,235214038000,0,513355792000,5496374000,0,102004934000,232166363000,12410973000,10386267000,0,304415089000,279759478000,390901258000,24295394000,23761503000,49657739000,109716780000,16038939000,34125602000,-25987262000,14995007000,-10055058000,0.2872,27.4317,38.592,354.7528,184.5198,395.0455,0.9755,1.366,1.7789,1.7789,-2.9926,25.3252,5.8371,81.9905,5.2656,3.3427,2.7974,1.0074,27.4317,259.1213,1.3577,69.2493,33.5646,35694505000,0,4571645000,59374000,41062499000,1792011000,455707183000,1471593000,0,0,88236659000,0,846342643000,-3247033000,1375879000,654547000,64426198000,19449636000,1331702000,183492000,93945383000,40221768000,91516210000,41858471000,1254303000,2231747000,109716780000,0,-0.719,10.4256,82.6819,-22.3344,5.4141,7.0561,8.0406,-34.5908,-0.8745,10.4256,82.6819,0,27.5393,33.1774,-13.5578,9.0374
SZ002594,2025-09-30T00:00:00.000000,10.83,2.2475,566265546000,20490492000,40845498000,12.7455,15.9455,9.5003,17.8736,175.0533,4.48,119725097000,43748447000,28905639000,566265546000,23333173000,612436356000,114933284000,0,0,78.0905,24.2369,3.4575,11.14,-8.9489,-7.5479,0,5.1046,5.367,71.3503,7.2131,0,2.5592,39364118000,61349636000,152973306000,15291373000,6591844000,643526696000,258398395000,548557333000,28659846000,24231664000,641747315000,-127571344000,13432616000,15209634000,0.8703,0.5608,60.7841,3.6211,0,8.2634,102.3274,0.672,23.0098,-36.8142,-8.492,-70.4988,2.8757,4.2792,3.0528,100.8576,0,3.3334,4.5287,6.3471,0,4.4801,0,62.1096,430193707000,21380099000,276038629000,0,4427571000,901925091000,222794267000,0,494292438000,61198126000,4997716000,107187742000,245515455000,18508189000,15268112000,0,465053652000,439107857000,600901817000,89008562000,36682735000,101662706000,117466176000,0,0,0,0,0,0.3545,27.2213,38.1516,358.2212,190.9058,401.7778,1.4143,2.1568,2.6291,2.6291,-5.9761,32.5312,5.7794,82.1264,5.4463,3.2685,2.6963,-0.8576,27.2213,262.1125,1.6682,24.1147,11.7567,55523908000,0,0,58947000,41323482000,3148070000,471731384000,2220853000,0,0,149234258000,0,901925091000,-2935816000,2039704000,759173000,97504137000,23008116000,2284863000,183492000,150579460000,40222013000,170227528000,68564822000,0,0,0,0,-2.3282,16.5462,0,-7.0305,16.089,0,15.1361,-58.818,-0.5185,16.5462,0,0,37.8048,0,-13.9924,11.1507
SZ002594,2025-12-31T00:00:00.000000,15.31,3.2297,803964958000,29445703000,59135544000,3.4568,16.3957,12.6178,17.7445,181.2916,6.4862,75424747000,57978105000,40184709000,803964958000,32619022000,821214650000,156807853000,0,0,69.2604,22.2331,5.1978,16.192,-20.4043,-18.9677,-85.8603,4.9983,5.262,70.7445,7.3555,0.5523,3.5777,37004685000,51471055000,138420580000,38484710000,6311964000,625190698000,258539185000,778598972000,39753049000,33760758000,861740107000,-197463109000,14125279000,-33861345000,0.793,0.4975,63.6441,3.5386,0,12.6236,91.4935,0.9645,19.2908,-40.6015,-19.9829,-74.1428,4.0503,4.1993,4.6913,101.0859,13.4724,4.6401,6.6916,9.4588,0,6.4862,0,88.1811,371467558000,21781418000,292775929000,0,4427571000,883729883000,186742375000,0,468451357000,60705569000,4997910000,116057428000,246274606000,26184568000,20199944000,0,661305161000,579332669000,802604563000,134006370000,69220472000,104613870000,68395197000,33760758000,72046630000,-23970233000,12398330000,-37198431000,0.2774,27.8676,39.3919,357.5354,166.1356,373.2444,2.1669,3.0621,3.7262,3.7262,-7.23,32.941,5.6225,82.2555,5.6887,3.2569,2.5125,-1.0859,27.8676,253.8592,-3.714,24.9573,12.7295,54532541000,0,0,58520000,41485229000,5971312000,512262325000,22463883000,0,0,156739341000,0,883729883000,-649350000,2856608000,1007213000,130434959000,25591775000,2814568000,183492000,223054884000,40222013000,226265882000,121652012000,1823082000,3867651000,68395197000,0,-1.6161,17.7361,0,-10.6375,0.2416,0,12.8133,-57.3791,-0.0808,17.7361,0,0,38.8918,0,-21.6583,11.4743
SZ002594,2026-03-31T00:00:00.000000,1.65,0.4549,150225314000,4147574000,2790305000,-11.8191,7.112,1.3967,18.8062,68.3136,0.306,75786508000,11343566000,4695889000,150225314000,4084551000,151598688000,22062590000,0,0,110.2495,24.3315,0.8163,3.6989,-57.3901,-55.3844,0,3.1259,3.8013,70.9426,1.8574,0,0.448,44222213000,54424433000,160413531000,66296294000,3950898000,639956542000,262120423000,148209864000,4746395000,4010931000,168566152000,-20249591000,709307000,5013292000,0.8154,0.4849,61.8583,3.5607,0,0.5749,134.5811,0.1682,3.9125,19.5044,-57.5869,-85.1281,0.4492,2.6699,0.7667,98.9359,0,0.6264,0.3093,0.436,0,0.306,0,16.4771,395764930000,21926912000,280354597000,0,4427571000,902076965000,164328815000,0,485362254000,60570442000,4998100000,120141979000,249916729000,5826606000,5083054000,0,121973620000,116771585000,165775847000,46032820000,25754659000,23061209000,73408489000,0,0,0,0,0,0.2669,27.7046,39.0521,365.2214,229.8245,534.9385,0.3916,0.5127,0.6055,0.6055,-1.6103,1.4789,3.5163,81.1938,8.66,3.8786,3.3836,1.0641,27.7046,256.0679,0.5499,25.4368,13.1775,53754642000,0,0,58094000,41389184000,8285431000,506312035000,48603440000,0,0,154594288000,0,902076965000,2099923000,85867000,278985000,28567759000,10001483000,384942000,0,30251074000,0,58293068000,35231859000,0,0,0,0,-1.7254,17.1376,0,-9.8273,6.5409,0,2.0761,-66.0261,1.3978,17.1376,0,0,38.2176,0,-2.221,2.5294
SZ002594,2002-12-31T00:00:00.000000,0,1.2202,2305160000,658303000,317761000,0,25.6008,25.8114,41.75,48.2697,0.589,1240154000,0,763373000,2290898000,658303000,1863617000,295972000,0,0,118.4469,93.1419,3.0393,3.8651,0,0,0,33.322,33.3507,17.7823,13.7848,0.4015,1.2202,596408000,0,439059000,0,0,569338000,2632379000,1542836000,763373000,703928000,2003955000,-270035000,147064000,1154115000,4.3853,3.6142,0,1.2214,0,55.8124,211.5888,0.72,0,0,0,0,21.986,30.7272,24.0117,100,1.5362,1.425,9.9247,55.8124,0,0,0,4.2463,2496740000,0,599509000,96522000,0,3201717000,315167000,1137000,569338000,0,0,468591000,2571417000,53844000,147063000,0,1334448000,1350890000,1686194000,179000000,597000000,1106648000,1240154000,703928000,58501000,-197505000,-403185000,186946000,2.1782,80.3137,451.6503,22.2028,389.9193,500.0165,0.9233,3.8423,0.8965,0.8965,1.196,0,49.5449,58.25,9.0062,2.3503,6.4194,0,80.3137,22.141,0,4.7663,0.8686,0,3061000,107084000,0,7159000,0,704977000,89052000,0,0,0,0,3201717000,5415000,0,0,239328000,25937000,0,0,295972000,1671712000,1850712000,744064000,9063000,1495000,1240154000,0,0,0,428.9205,0,0,0,0,0,0.2364,0,428.9205,0,0,18.7246,0,0
SZ002594,2003-12-31T00:00:00.000000,0,1.5385,4114367000,829997000,321443000,77.9218,28.5331,25.8603,32.6958,38.7282,0.5958,518491000,0,924454000,4076006000,829997000,3065540000,570612000,0,0,85.9172,87.3767,4.1901,4.1201,21.1012,26.0813,0,22.6804,22.7499,38.6746,7.8127,0.3624,1.5385,1400814000,0,870379000,602659000,16527000,2144131000,3399898000,3194828000,920104000,858537000,3086471000,-566800000,153218000,-568556000,1.5206,1.0937,3.2386,1.6605,0,15.7648,173.294,0.9409,98.2374,134.8751,20.5314,0,19.6332,21.0632,20.815,100.4728,1.8348,1.735,5.798,14.9918,0,0,0,7.5552,3100481000,0,2006455000,375260000,0,5544029000,832304000,6678000,2038993000,105138000,0,1052642000,3246369000,102392000,349367000,0,2743324000,2281708000,2765028000,1707000,171004000,-322515000,671600000,829997000,47266000,-258355000,-314130000,413769000,0.2543,58.5561,151.4072,67.3295,244.8736,382.6188,1.4701,3.14,1.4144,1.4144,2.7531,26.2483,28.8869,67.3042,10.8407,2.5121,8.5713,-0.4728,58.5561,66.0471,0,6.0174,1.9511,0,92548000,89151000,0,50315000,0,2443548000,360574000,0,0,105138000,0,5544029000,-9891000,0,0,377410000,3812000,0,0,570612000,0,1707000,324222000,0,6575000,671600000,0,0.099,1.8964,161.7963,0,24.1812,234.683,73.158,0,-0.2427,1.8964,161.7963,0,3.137,36.1913,0,0
SZ002594,2004-12-31T00:00:00.000000,0,1.6573,6451608000,894096000,416389000,58.0437,25.1359,18.1532,26.7159,46.571,0.7718,706410000,0,966785000,6441869000,894096000,6247631000,1881501000,0,0,90.1598,89.2261,3.9929,4.0347,4.579,7.7228,0,15.0078,15.9534,54.4815,6.454,0.3515,1.6573,1797253000,0,1494243000,2202183000,257716000,4700168000,3926919000,5484823000,967108000,902682000,6328488000,-2015495000,276224000,100581000,1.0002,0.6654,6.1239,2.2152,0,9.3291,179.3859,0.9105,71.6773,28.3006,5.1086,0,12.7397,14.0127,14.2568,99.9666,2.3291,1.9078,4.8265,8.859,0,0,0,11.9404,4464103000,0,3329288000,770755000,0,8627087000,804677000,25527000,4463314000,236854000,0,1559374000,3867721000,160341000,544440000,0,4720863000,5170710000,5912099000,2666777000,694348000,1696205000,599394000,894096000,222384000,-623865000,-569247000,581160000,0.1583,44.8323,82.289,123.5332,211.0521,395.3744,1.7057,2.4054,1.8138,1.8138,12.1468,19.1399,17.6844,73.2841,11.6091,2.489,8.4516,0.0334,44.8323,121.5229,0,7.1691,2.8904,0,113385000,40268000,0,48567000,0,4162984000,831448000,0,0,236854000,0,8627087000,43063000,0,0,508772000,23016000,0,0,2038511000,0,2666777000,970572000,0,4923000,599394000,0,300.1952,2.7455,116.1726,0,43.981,65.9289,55.6104,0,0.6685,2.7455,116.1726,0,5.7705,38.5911,0,0
SZ002594,2005-12-31T00:00:00.000000,0,0.6833,6555696000,368639000,1361586000,1.3529,9.4546,6.9098,22.7482,369.3548,2.5238,730180000,0,458474000,6529023000,368639000,7944214000,1757498000,0,0,132.9645,100.5873,2.7075,3.579,-52.5775,-58.7696,0,7.0221,9.1673,63.5153,20.7695,1.4349,0.6833,1866190000,0,2231560000,2453590000,16790000,6954430000,3994780000,6108060000,458474000,368433000,7971562000,-1774767000,448730000,23769000,1.0483,0.6128,46.5525,2.7694,0,26.5688,233.5518,0.6698,49.3438,3.8357,-52.5933,0,3.7641,5.643,6.1716,100,1.7658,1.114,12.4355,19.5787,0,0,0,12.102,5372220000,0,4524430000,739210000,0,10949220000,1148820000,181890000,5124760000,1829670000,0,1562420000,3930340000,170089000,717886000,0,5043785000,4614412000,6609976000,4205219000,3319279000,437210000,730179000,368639000,346092000,-780104000,100728000,1076367000,0.1432,35.8961,56.5156,192.2717,270.0763,537.5074,1.333,1.6634,1.6814,1.6814,52.8155,1.619,7.544,77.2518,15.8306,2.6051,10.9953,0,35.8961,176.9422,0,7.2852,2.8961,3730000,257340000,52790000,0,282380000,0,5577000000,836890000,0,0,1829670000,0,10949220000,145607000,10163000,0,651325000,10000000,27269000,0,1784767000,0,4205219000,3768009000,106929000,5558000,730179000,0,7.3938,16.7105,86.8693,0,20.3427,35.8978,26.9168,0,2.2302,16.7105,86.8693,0,31.765,41.3219,0,0
SZ002594,2006-12-31T00:00:00.000000,0,1.8725,13128190000,1010190000,2501767000,100.6156,22.7759,12.7639,22.1213,247.6531,4.6372,1701080000,0,1094810000,13098240000,1010190000,12707928000,3013035000,0,0,95.0839,57.6426,3.7861,6.2454,138.7943,174.0323,0,8.3585,10.0619,68.7132,19.0565,1.3071,1.8725,2337940000,0,3156920000,5010730000,0,11015280000,5015530000,12044530000,1074000000,1020930000,13057236000,-2999809000,243047000,970898000,0.8546,0.522,30.8672,3.2297,0,26.3612,152.7266,0.9732,41.467,25.2788,134.2554,0,7.568,7.7944,9.792,101.9376,3.3747,2.4485,15.606,22.7118,0,0,0,24.2785,8110600000,0,5962840000,1632150000,0,16030800000,2104100000,429010000,9490330000,1513150000,0,2494960000,4940350000,480180000,957350000,0,10200740000,8557145000,10555468000,5122793000,3410627000,1469119000,1701077000,1010185000,476472000,-1014084000,-1176202000,2657673000,0.1794,30.8179,44.85,238.6771,184.8623,369.9218,1.9474,2.4969,2.9599,2.9599,-23.1892,25.6978,9.0364,77.8787,12.8603,3.666,7.309,-1.9376,30.8179,222.9656,0,9.1573,4.6246,1320000,656460000,91870000,0,314800000,0,7920200000,1217920000,0,0,1524950000,0,16030800000,246940000,0,0,1172385000,13226000,0,0,3013035000,0,5122793000,3653674000,145040000,23237000,1701077000,0,-1.1053,9.5126,82.8523,0,50.973,31.7921,46.4104,0,1.8853,9.5126,82.8523,0,23.5867,37.1961,0,0
SZ002594,2007-06-30T00:00:00.000000,0,1.1881,8721778000,640996000,292585000,0,24.025,6.7425,21.4217,45.6454,0.5423,778313000,98342000,0,8721778000,640996000,0,0,0,0,91.6768,54.758,1.9634,3.2872,0,0,0,0,9.8946,68.3302,3.3546,0,1.1881,2968584000,0,3824191000,5342111000,0,12706656000,5889303000,8045315000,676463000,646651000,0,-1997668000,0,-882304000,0.8022,0.4449,34.9723,3.2169,0,2.7339,146.4348,0.5038,0,26.9743,0,0,3.735,7.4142,4.9845,0,0,1.5996,1.5734,2.3026,0,0,0,16.1664,8585705000,0,8944218000,0,58603000,18595959000,3771884000,530023000,10702111000,2004545000,0,0,5731811000,318609000,588419000,0,6853425000,0,0,0,0,822779000,734909000,0,0,0,0,0,0.0737,30.8229,45.1087,224.5893,172.2891,357.3134,1.0448,1.4593,1.6345,1.6345,-4.9894,16.0203,8.5122,78.5783,12.5381,3.653,6.7465,100,30.8229,221.6866,0,10.6243,0,0,0,0,2101000,0,0,10010254000,0,0,0,2004545000,0,18595959000,186520000,0,0,0,0,0,0,0,0,0,0,0,0,0,0,-0.9471,10.7795,64.084,0,5.8578,49.9993,16.0014,0,2.1386,10.7795,64.084,0,25.9107,48.0976,0,0
SZ002594,2007-12-31T00:00:00.000000,0,2.9874,21496546000,1611711000,1910810000,64.1178,20.599,13.2024,20.6381,118.5579,3.5418,5582947000,0,1742880000,21496546000,1611711000,0,0,0,0,81.3,53.3354,4.428,6.7497,59.1947,59.5453,0,8.1077,9.9146,57.6275,8.8889,0.7398,2.9874,4031652000,0,4548545000,6828843000,0,16878232000,12410259000,19753666000,1742880000,1702329000,0,-5177316000,0,0,1.046,0.7541,12.0922,2.5762,0,12.2618,134.6354,0.9487,44.0817,72.4446,62.2793,0,7.5126,7.9191,9.4057,100,5.5075,3.9505,6.5241,11.3212,0,0,0,39.8453,16299985000,0,10341577000,0,58603000,29288491000,5715394000,969985000,15583389000,1294843000,0,0,10708118000,648187000,1656995000,0,17060063000,0,0,0,0,7188857000,3922351000,1742880000,840021000,0,0,0,0.3622,36.5608,63.4434,170.5197,204.4005,379.4783,1.7612,3.5967,2.7474,2.7474,-64.8332,116.7482,8.8231,79.3619,12.5304,3.0153,7.7082,0,36.5608,157.6209,0,19.8482,0,0,1400925000,0,0,586181000,0,12988506000,0,0,0,1294843000,0,29288491000,388421000,0,0,0,0,0,0,0,0,0,0,0,0,0,0,1.8069,4.421,103.5443,0,100.9714,73.4338,82.7014,0,1.8069,4.421,103.5443,0,10.7877,35.3094,0,0
SZ002594,2008-06-30T00:00:00.000000,0,0.2906,12703929000,595664000,1422994000,42.1057,11.0197,3.0869,19.2094,238.8921,0.6941,4041388000,0,0,12394140000,595664000,0,0,0,0,95.0572,56.3413,1.8936,3.1948,0,-7.0721,0,0,0,58.5571,11.2012,0,0.2906,3921195000,0,6027410000,7011625000,0,18306783000,12956361000,11181699000,850097000,742728000,0,-3572602000,0,-1581602000,0.9299,0.564,16.8247,2.6774,0,8.6396,151.3985,0.4196,57.6127,-2.7397,25.6679,0,2.4532,5.9926,2.8078,0,0,0,4.5517,7.773,0,0,0,6.0456,15316678000,0,13255403000,0,0,31263144000,5254879000,1064543000,16470609000,1836174000,0,0,10913589000,446091000,722310000,0,10013298000,0,0,0,0,568006000,3956289000,0,0,0,0,0,0.2515,34.9088,59.615,183.0337,223.9858,428.9734,0.8036,0,1.1751,1.1751,-58.097,1.9188,7.6026,80.7906,9.427,3.5992,5.8278,100,34.9088,167.743,0,5.3234,0,100457000,0,0,0,711693000,0,15946466000,0,0,0,1836174000,0,31263144000,0,0,0,0,0,0,0,0,0,0,0,0,0,0,0,-1.5912,5.8733,82.3331,0,-6.0326,28.1758,6.7421,0,0,5.8733,82.3331,0,14.4016,42.3995,0,0
SZ002594,2008-12-31T00:00:00.000000,9.29,0.3018,27727209000,618819000,1788545000,28.9845,9.2867,7.6827,20.5391,175.1331,0.8724,1704077000,0,990189000,27727209000,1021249000,27569139000,6418961000,0,0,93.6375,43.4595,3.8446,8.2836,-43.1866,-36.6357,0,3.5712,6.6779,59.002,6.4505,0.5427,0.4981,2662844000,0,6912844000,4134310000,236540000,19194388000,13337372000,26766779000,1363972000,1275649000,28298400000,-5850696000,1361843000,-3837283000,1.0325,0.54,45.7094,2.7008,0,12.7427,137.097,0.897,51.9792,-33.9515,-21.7403,0,4.127,4.6007,6.6684,72.596,1.5668,0.9032,5.4978,9.3181,0,0,0,13.5248,14491618000,26677000,11532315000,3178388000,58603000,32531760000,4166435000,1271423000,14035822000,4791561000,0,4368825000,11285568000,934231000,2626989000,175609000,22032299000,19856297000,26509855000,15109882000,14113472000,268338000,1699353000,1275649000,1210945000,-2409777000,-39901000,1301952000,0.1214,34.6909,58.7962,218.4474,199.8935,401.3258,1.801,2.3794,2.5214,2.5214,47.3002,5.3926,5.188,79.4609,15.3584,3.3694,9.4744,27.404,34.6909,170.0791,0,5.5,2.131,0,2894929000,86858000,1985000,2019407000,255525000,18040142000,2681587000,0,0,5158566000,0,32531760000,697227000,29759000,15963000,3721157000,705274000,15731000,121278000,6555970000,700756000,15810638000,15542300000,175609000,149466000,1699353000,0,11.3177,15.857,97.8604,0,-11.0943,11.5141,11.0735,0,2.5146,15.857,97.8604,0,31.3703,35.4494,0,0
SZ002594,2009-12-31T00:00:00.000000,27.13,1.4658,41113912000,3334825000,11981419000,48.28,27.128,19.8556,23.4328,315.8344,5.2663,2344542000,0,4168526000,41113912000,3793576000,38980595000,7307178000,0,0,64.7162,29.4626,5.5628,12.2189,320.9829,271.4644,0,10.139,11.5821,52.9568,29.142,1.8637,1.6674,4066723000,0,4405206000,283801000,263328000,21418954000,19027127000,36963528000,4506450000,4078440000,39482992000,-7143063000,309832000,611466000,0.9317,0.6882,19.9673,2.2839,0,66.2399,94.1787,1.1268,-36.2751,52.721,230.3917,0,11.1772,9.9199,13.0879,92.5013,2.8678,2.093,29.6232,55.9384,0,0,0,18.0713,16852490000,29860000,14318102000,4580974000,58603000,40446081000,7944163000,3340438000,18087932000,3106514000,0,7593633000,16682357000,1487735000,2773943000,279295000,31479762000,20660744000,27501573000,4421616000,9941114000,-4245223000,2310819000,4078440000,1594169000,2278601000,-4091516000,7706799000,0.1297,41.2459,77.886,154.2137,137.227,319.5028,2.6234,3.1464,2.9401,2.9401,-105.4682,47.8203,12.5142,76.5672,11.0203,3.6186,6.747,7.4987,41.2459,128.3929,0,7.33,3.3377,1000000,5716197000,92135000,1927000,2117097000,347961000,23593591000,3577087000,0,0,3331022000,0,40446081000,269178000,17236000,16368000,4168947000,221115000,0,57000000,7364178000,1587810000,6009426000,10254649000,279295000,168414000,2310819000,0,-2.6962,8.2357,116.5123,0,16.2913,24.1564,24.328,0,0.6547,8.2357,116.5123,0,16.644,35.4005,0,0
SZ002594,2010-12-31T00:00:00.000000,14.36,0.9099,48448416000,2070050000,3139385000,17.8395,14.361,10.6144,19.1429,124.4102,1.3799,1992519000,0,2767500000,48448416000,2523414000,56147221000,13212824000,0,0,50.2821,35.159,7.1596,10.2392,-33.6096,-33.4819,0,5.7123,7.0666,60.0647,6.4799,0.5924,1.1091,5396590000,0,6537852000,9796422000,1207068000,31812325000,21151076000,45706687000,3142267000,2918590000,57264080000,-12671820000,1207980000,-332084000,0.6322,0.3967,21.9301,2.7233,0,11.3074,85.4411,1.0373,48.4119,32.7012,-30.2718,0,6.249,6.0241,7.5205,88.0734,2.4935,1.5048,5.9275,9.8685,0,0,0,21.2951,17552692000,59160000,17475755000,7401358000,65914000,52963401000,7060610000,2864656000,27763951000,3049000000,0,9048833000,18460319000,2175881000,3306333000,20700000,39173976000,43420751000,54124695000,12719565000,2328309000,9177891000,1978735000,2918590000,2016615000,-2174293000,1142868000,-1046500000,0.0718,34.8549,58.0288,259.1918,127.8253,347.0435,2.8163,3.0177,2.7572,2.7572,-8.465,10.6577,6.9787,80.8571,12.0796,4.4911,6.8244,11.9266,34.8549,172.3281,0,8.11,3.9773,0,2756210000,238500000,0,4897343000,800801000,35410709000,3972838000,0,0,4048374000,0,52963401000,370141000,25771000,25554000,6159966000,787868000,210825000,36039000,13459688000,0,12719565000,3541674000,20700000,232693000,1978735000,0,-0.3965,7.6437,105.6339,0,4.1549,22.0536,30.9482,0,0.764,7.6437,105.6339,0,17.9858,32.9959,0,0
SZ002594,2011-03-31T00:00:00.000000,1.44,0.1053,11710335000,239576000,3058410000,-11.5969,5.7405,1.1429,17.0212,1146.5841,1.3443,4057123000,0,345351000,11710335000,266741000,13295073000,3095246000,0,0,60.048,38.6721,1.4988,2.3273,-80.9384,-84.3474,0,2.9491,4.2393,62.5459,26.1172,0,0.1172,4667045000,0,6428640000,10357017000,1400738000,35830045000,21455918000,11372636000,378044000,324099000,13617932000,-3067188000,139149000,1905590000,0.6198,0.4088,28.7011,2.9147,0,10.041,98.7202,0.2124,0,-13.5186,-80.4485,0,0.5879,2.7676,0.9006,91.3521,0,0.2182,5.3388,8.5359,0,0,0,5.1472,18879317000,271700000,19020136000,8339845000,65914000,57285963000,7745786000,2379083000,30459269000,4411506000,0,9314403000,18712789000,488972000,855850000,14604000,9717091000,8075304000,10559522000,4578566000,2501996000,1937421000,3884325000,0,0,0,0,0,0.1332,32.6656,52.2265,293.6463,139.9994,423.6618,0.6429,0.6643,0.63,0.63,-1.0748,1.3676,3.3813,82.9788,12.4951,4.1756,7.3085,8.6479,32.6656,191.4736,0,7.95,4.0941,0,2787078000,261824000,0,4927278000,1084638000,38406646000,5844339000,0,0,5370776000,0,57285963000,118395000,7652000,7652000,1509678000,28058000,0,0,3095246000,0,4578566000,2641145000,0,0,0,0,-0.4638,9.3754,98.3841,0,7.558,8.8373,8.1614,0,1.011,9.3754,98.3841,0,22.3006,33.2021,0,0
SZ002594,2011-06-30T00:00:00.000000,1.43,0.0727,22544664000,171217000,4661293000,-10.7658,2.8576,1.7785,15.7585,1692.7812,1.9801,4836131000,0,327727000,22544664000,275363000,25380617000,5306534000,0,0,65.7254,41.6828,2.7387,4.3183,-87.5488,-88.6269,0,1.4537,3.6747,62.5531,20.6758,2.1842,0.117,5044790000,0,7331635000,8972095000,1570664000,38239301000,22891627000,22213360000,489925000,394532000,25957916000,-5451115000,431256000,2803822000,0.6358,0.4021,34.1638,2.9039,0,14.8555,107.4082,0.3952,0,-6.5189,-82.3359,0,0.6916,1.75,1.4909,66.8933,0.9334,0.3519,7.6251,12.1898,0,1.9801,0,9.5768,19950104000,432018000,21218963000,7394292000,65914000,61130928000,7497640000,1711621000,31377614000,4901711000,993385000,9321847000,20084676000,847266000,1606853000,54340000,18991960000,15878957000,21296623000,9752157000,8083333000,3607221000,4782557000,394532000,1256184000,-855446000,973699000,2438186000,0.1541,32.8552,52.5236,274.2906,149.714,455.4732,1.2023,1.1561,1.1698,1.1698,-2.0837,8.7992,2.2467,84.2415,12.4851,3.7582,7.1274,33.1067,32.8552,190.3904,1.191,8.53,3.9598,0,1578344000,369974000,0,4571700000,1057266000,41180824000,9303024000,0,0,6861687000,0,61130928000,360596000,-3577000,-3577000,3631564000,70747000,175538000,0,5521862000,1422000000,12174157000,8566936000,54340000,112756000,4782557000,0,-0.6005,11.2246,94.6544,-4.8543,13.6584,21.4194,15.4211,0,1.5995,11.2246,94.6544,0,25.4642,34.7107,-2.3156,1.5323
SZ002594,2011-09-30T00:00:00.000000,1.83,0.0914,34334089000,215280000,4186261000,-4.3369,2.4379,2.5832,15.8514,1186.8174,1.7783,3562899000,0,430458000,34334089000,352730000,37734602000,7559905000,0,0,64.0245,41.4076,4.2171,6.5205,-84.4864,-85.4994,0,1.2537,3.4719,63.3612,12.1927,0,0.1498,5134471000,0,7164176000,9771013000,953969000,39677603000,22943709000,33917483000,626796000,511943000,38554620000,-7780734000,689773000,1535495000,0.6395,0.4085,43.0452,2.9719,0,13.4971,105.4321,0.5941,0,-4.8571,-78.6424,0,0.8858,1.4911,2.0626,68.6759,0,0.5064,6.685,10.5507,0,1.7783,0,14.5848,19835730000,539447000,21159907000,10823339000,65914000,62621312000,7514680000,2080565000,31016104000,6717750000,993817000,9398053000,20121864000,1224320000,2491180000,171158000,28891672000,26022343000,34368359000,16718866000,13203102000,5170028000,3514230000,0,0,0,0,0,0.1149,32.1326,50.7134,290.8361,147.0095,454.4736,1.8366,1.9477,1.7798,1.7798,-3.21,9.0006,1.8895,84.1486,12.4679,3.5659,7.2557,31.3241,32.1326,197.1865,0.6523,8.55,3.9922,0,2478898000,775744000,0,4478283000,1463051000,42785582000,8307517000,0,0,8661499000,0,62621312000,565235000,13852000,13852000,5522482000,79594000,265538000,0,7860328000,1422000000,19140866000,13970838000,0,0,0,0,-0.7747,13.8316,95.0943,-4.7493,13.0068,21.0815,18.2351,0,1.6463,13.8316,95.0943,0,30.092,33.7903,-3.3052,2.1962
SZ002594,2011-12-31T00:00:00.000000,6.98,0.2672,48826919000,628945000,5984526000,0.7813,6.9957,5.9032,17.1793,432.2128,2.5422,4048446000,0,1410351000,48826919000,1384625000,51408814000,9412151000,0,0,58.4601,40.125,6.158,8.972,-49.0388,-45.1289,0,2.8885,5.0582,63.4585,12.2566,1.2196,0.5882,5487732000,0,6595797000,10011122000,1330700000,41644256000,23980136000,47920318000,1727484000,1595076000,52530022000,-8922719000,1056101000,1758651000,0.642,0.4444,39.1646,2.9714,0,17.9333,98.5851,0.8235,0.8863,1.6889,-45.0243,0,2.6901,3.2668,4.2142,81.6419,2.2358,1.0491,9.1194,14.3706,0,2.5422,0,20.7412,21424455000,571976000,21532825000,9190558000,65914000,65624392000,8832401000,1870520000,33370934000,6084992000,994255000,10169160000,21124517000,1799757000,3455516000,485246000,40438789000,34811212000,46545496000,18189099000,14455683000,4736027000,3737386000,1595076000,2515718000,-244756000,-2477182000,3872363000,0.1213,32.19,50.7261,303.2691,143.6889,437.1728,2.5054,2.4789,2.467,2.467,-4.4072,14.432,3.7178,82.8207,12.3427,3.686,7.0771,18.3581,32.19,197.1371,0.7471,8.97,4.3198,0,4319314000,334063000,0,5325171000,1396283000,44199937000,8403533000,0,0,8273322000,0,65624392000,771296000,503750000,1207000,7422147000,879970000,390538000,0,9802689000,1423010000,20612109000,15876082000,485246000,245562000,3737386000,0,-0.6925,12.6071,98.1038,-5.0748,22.0579,23.2154,23.9052,0,1.5797,12.6071,98.1038,0,28.1426,32.8122,-3.7903,2.0118
SZ002594,2012-03-31T00:00:00.000000,0.13,-0.0297,11734272000,-69865000,3161051000,0.2044,0.5116,0.5392,17.4024,11690.2774,1.3428,4772662000,0,40591000,11734272000,27040000,14091750000,1183864000,0,0,64.109,38.7603,1.4039,2.322,-88.2465,-89.8628,0,0.3459,2.6948,63.7297,26.9386,0,0.0115,4619459000,0,7212189000,8645149000,1655000000,42251417000,24046466000,11702117000,133459000,53606000,14344641000,-1135954000,328463000,804051000,0.6258,0.4153,37.7488,2.9972,0,9.2252,102.8693,0.1779,12.1884,-15.8221,-64.6975,0,0.0813,0.4568,0.4794,30.4146,0,0.1343,4.768,7.4815,0,1.3428,0,4.9846,21442629000,565325000,22226973000,10745866000,65914000,66297883000,7943174000,1679603000,34265400000,5824552000,994698000,10195018000,21155684000,422524000,856160000,204820000,9692229000,7826448000,11183590000,2800330000,3778313000,-1226741000,4541437000,0,0,0,0,0,0.1393,31.91,50.0709,313.1541,164.3919,505.9114,0.5475,0.5391,0.5551,0.5551,-0.9475,0.1475,1.1965,82.5976,12.4545,3.6008,7.2962,69.5854,31.91,199.7166,0.3416,8.987,4.3307,0,3906072000,326259000,0,5309213000,1702435000,44855254000,11264988000,0,0,7986017000,0,66297883000,182761000,8436000,-4877000,1956298000,47910000,0,0,1183864000,0,2880165000,4106906000,0,0,0,0,-0.6228,12.0457,95.1802,-5.447,0.0848,3.2237,1.0263,0,1.5575,12.0457,95.1802,0,27.4041,33.5259,-0.4825,-0.5211
SZ002594,2012-06-30T00:00:00.000000,0.08,-0.0885,22582012000,-208363000,4430925000,0.1657,0.1541,1.0903,15.656,27235.3863,1.8822,5102165000,0,-71898000,22582012000,16269000,27191852000,2116980000,0,0,65.2136,42.3626,2.7602,4.249,-121.9384,-94.0918,-4.9421,-0.3184,2.5334,64.1242,19.6215,1.898,0.0069,5141516000,0,7205269000,6817535000,1896333000,42900728000,24001814000,22654620000,159344000,104154000,27764458000,-2039806000,629850000,1094688000,0.6635,0.4411,49.7479,3.0322,0,13.6761,107.5762,0.3408,-1.7236,-6.3089,-67.4758,-94.0917,0.1572,0.4612,0.8454,-45.1212,0.9328,0.243,6.623,10.3283,0,1.8822,0,9.5926,21496577000,555126000,24051725000,9226413000,65914000,66902542000,7078315000,1420223000,32398939000,5362591000,3964438000,10183105000,21110004000,791654000,1589465000,242047000,19046568000,16525478000,23333533000,5492163000,9168997000,-1297333000,4832074000,104154000,1455035000,-803525000,1522501000,1432694000,0.1575,31.5534,49.2066,330.1274,171.0606,528.1825,1.0523,0.9809,1.0694,1.0694,-1.9766,-0.0687,0.73,84.344,12.3195,3.5057,7.0386,145.1212,31.5534,203.2246,0.465,8.97,4.3257,0,3111917000,350749000,0,5312450000,2085934000,45405965000,12542281000,0,0,10501789000,0,66902542000,400862000,710000,-12604000,3916284000,77174000,0,0,2116980000,0,8533132000,9830465000,242047000,152517000,4832074000,0,-0.9633,15.6971,87.7692,-4.6312,0.3366,11.698,1.9477,-0.0687,1.7751,15.6971,87.7692,0,33.2211,35.9504,-0.8665,-0.5511
SZ002594,2012-09-30T00:00:00.000000,0.1,-0.1629,33108940000,-383435000,3033811000,-3.5683,0.1317,1.4235,14.7007,14529.0503,1.2887,4081451000,0,-145564000,33108940000,20881000,38546989000,3037998000,0,0,66.3384,46.4776,4.07,5.8093,-133.8161,-94.0802,-27.5293,-0.4397,2.4611,64.3659,9.1631,0,0.0089,5910957000,0,7282044000,8510205000,2995500000,43516939000,24091737000,33243563000,264436000,139093000,39427582000,-3033955000,917352000,79530000,0.6304,0.4183,43.4279,3.0571,0,8.8372,112.8159,0.497,1.6452,7.7122,-57.8115,-94.0801,0.2088,0.4201,1.2232,-55.047,0,0.3461,4.4873,6.9716,0,1.2887,0,14.0644,21642495000,740639000,24580324000,8507097000,65914000,67608676000,6418190000,2273678000,34329883000,4088591000,3966410000,10186432000,21154744000,1089612000,2284822000,276863000,28241703000,26728825000,36393771000,9323293000,11359449000,61219000,3816916000,0,0,0,0,0,0.1189,31.29,48.6127,345.8417,175.6033,543.251,1.5376,1.5212,1.5662,1.5662,-2.6881,0.1431,0.8221,85.2993,11.8543,3.291,6.9009,155.047,31.29,205.7077,0.0338,8.99,4.3271,0,3522282000,316149000,0,5733235000,2115216000,45966181000,11383748000,0,0,9187056000,0,67608676000,550393000,-10941000,-24254000,5610889000,204043000,200000000,0,3237998000,0,12369818000,12308599000,0,0,0,0,-0.7241,13.5886,86.0637,-5.3895,1.0177,14.1528,3.0237,0.143,1.6624,13.5886,86.0637,0,30.2785,36.3568,-1.2888,0.026
SZ002594,2012-12-31T00:00:00.000000,0.38,-0.2055,46853774000,-483703000,5555331000,-4.0411,0.3846,2.3782,14.3013,6826.6599,2.3599,3683966000,0,-304372000,46853774000,81377000,54132013000,4350156000,0,0,62.4937,45.1328,5.7606,7.9765,-121.5813,-94.1228,-7.1717,-0.6496,2.4612,64.8607,11.8567,1.2068,0.0346,6260279000,0,7344833000,8417755000,2870024000,44566117000,24144371000,47146957000,290725000,212890000,55346272000,-4609622000,1213895000,-250825000,0.6104,0.406,40.7379,3.1025,0,15.4611,107.6265,0.6976,11.3563,14.0777,-83.1706,-94.1228,0.317,0.4544,1.7186,-104.6941,1.9249,0.4899,8.0851,12.4654,0,2.3599,0,19.9031,21932116000,949065000,25776552000,7882866000,65914000,68710488000,9694436000,2464144000,35930917000,3373075000,3968269000,10127526000,21196984000,1511797000,3185007000,324258000,40153064000,37072600000,49790941000,10984867000,14069863000,-1217034000,3486561000,212890000,3019857000,-966356000,-461105000,2519103000,0.1025,30.8497,47.563,361.3435,166.5647,516.0796,2.1613,1.9613,2.2142,2.2142,-3.6117,0.343,0.636,85.6987,11.8676,3.2266,6.7978,204.6941,30.8497,210.2474,-0.1065,9,4.3021,0,3731462000,306102000,0,6295490000,1716007000,46778372000,10238088000,0,0,8635200000,0,68710488000,863624000,-11189000,-24503000,7597391000,443444000,450000000,0,5053066000,0,14098522000,15315556000,324258000,339472000,3486561000,0,-0.6169,12.5675,82.2336,-5.9466,2.3695,19.7082,4.7027,0.343,1.8432,12.5675,82.2336,0,28.9459,37.5147,-1.9581,-0.517
SZ002594,2013-03-31T00:00:00.000000,0.53,0.0203,12883871000,47865000,741003000,9.7969,2.114,0.8847,15.9383,659.3316,0.3148,3854764000,0,131656000,12883871000,112387000,12745447000,1293904000,0,0,63.6028,41.948,1.415,2.1455,224.3478,315.6324,-76.5583,1.0219,3.3219,64.9072,5.7514,0,0.0477,5749780000,0,7962800000,9436801000,3400223000,45005837000,24332885000,12752294000,183983000,156009000,13038690000,-1144665000,238768000,-97412000,0.6126,0.3979,37.0734,3.1097,0,1.9975,105.5508,0.1867,10.4075,-8.1546,37.8573,315.6324,0.226,1.2109,0.6201,71.5588,0,0.1818,1.0687,1.6465,0,0.3148,0,5.4729,22724248000,943986000,26198344000,7366775000,65914000,69338722000,8509955000,986225000,37097023000,2604945000,3970159000,10238759000,21332854000,461856000,806370000,52365000,10830404000,8825646000,12297687000,3450497000,2665253000,278266000,3389149000,0,0,0,0,0,0.1039,30.7661,47.4002,373.6962,155.973,482.1699,0.577,0.4953,0.6059,0.6059,-0.9082,0.641,1.4906,84.0617,11.7374,3.5848,6.2588,28.4412,30.7661,210.9696,-0.0414,9.062,4.3493,0,4316838000,239178000,0,6415430000,1958052000,46614474000,11760620000,0,0,7908814000,0,69338722000,244007000,79000,79000,2039316000,149239000,0,0,1293904000,0,3450497000,3172231000,0,0,0,0,-0.5503,11.4061,81.4283,-6.1054,3.6117,1.6363,0.9143,0.6409,1.8939,11.4061,81.4283,0,27.0464,37.7831,-0.4862,0.1182
SZ002594,2013-06-30T00:00:00.000000,2,0.0562,26040933000,132395000,2301338000,15.3172,3.991,2.1176,15.9046,539.0333,0.9776,4892987000,0,272230000,26040933000,426938000,27287599000,2351989000,0,0,65.5023,45.0324,2.748,3.9971,478.6336,2524.2424,-48.0619,1.0454,4.0625,65.7878,8.8374,0.8191,0.1814,6769571000,0,8593491000,10792013000,4764563000,47364825000,24631488000,25733769000,618392000,536258000,27961573000,-2187753000,682312000,824519000,0.6208,0.4127,28.1857,3.1936,0,5.5751,110.5347,0.3701,19.2668,8.1353,288.0862,2524.2429,0.7622,2.0593,1.6358,44.0222,1.1942,0.4494,3.1965,4.8587,0,0.9776,0,11.0619,25627908000,907012000,26830032000,6966134000,65914000,71996313000,8957074000,1523719000,41278772000,1882227000,2975088000,10549721000,21592699000,991114000,1582628000,95256000,21899219000,18572489000,25660235000,6443784000,4620823000,756147000,4311080000,536258000,1558671000,-1323953000,-231909000,1197828000,0.1185,29.9914,45.588,392.8833,164.3721,486.2964,1.0951,0.9812,1.2172,1.2172,-1.7566,1.8668,2.473,84.0954,11.9282,3.806,6.0775,55.9778,29.9914,219.3557,0.3502,9.17,4.4814,0,3879376000,365828000,0,6650664000,1995109000,46368405000,13397674000,0,0,6086053000,0,71996313000,532460000,-34934000,-34934000,4444876000,164236000,0,0,2351989000,0,6443784000,5687637000,95256000,194787000,4311080000,0,-0.3889,8.4533,80.4796,-6.6483,16.8511,4.087,4.7821,1.8668,2.0447,8.4533,80.4796,0,21.9882,37.2658,-0.9293,0.3212
SZ002594,2013-09-30T00:00:00.000000,2.15,0.0374,38704489000,88130000,1675849000,16.9004,2.8968,3.0366,15.6132,360.3201,0.7119,6484754000,0,267449000,38704489000,465100000,41046069000,3995223000,0,0,67.0021,47.7567,4.0297,5.6537,283.7329,2127.3837,-44.7609,0.691,4.0182,67.3325,4.3299,0,0.1976,7431561000,0,8865441000,12583710000,3707505000,50911062000,24700363000,38383127000,712611000,623886000,41962017000,-3960467000,956018000,2514386000,0.6864,0.4719,44.324,3.355,0,4.0549,114.7588,0.5364,21.7439,18.7097,169.4834,2127.3853,0.8646,1.6119,2.1552,37.5309,0,0.6606,2.2164,3.2917,0,0.7119,0,16.4413,28368035000,1033080000,27000996000,6925386000,65914000,75611425000,8199542000,1565100000,41328960000,2427937000,5964830000,10569032000,21618335000,1406821000,2461019000,147112000,32661487000,29579156000,40286168000,12213621000,9108415000,4851098000,6000947000,0,0,0,0,0,0.1569,28.5914,42.4629,434.7272,175.4453,503.3901,1.5389,1.4879,1.808,1.808,-2.8713,1.9878,1.9068,84.3868,12.1703,3.6348,6.3585,62.4691,28.5914,235.4995,1.0681,9.18,4.4896,0,3774796000,740229000,0,6553402000,2473406000,47243390000,13419876000,0,0,9582102000,0,75611425000,842605000,-53913000,-53913000,6763114000,189756000,155000000,0,4150223000,0,15213621000,10362523000,0,0,0,0,-0.7393,12.6728,80.065,-5.5057,29.3447,4.7502,10.0435,1.9877,2.177,12.6728,80.065,0,30.7114,35.7102,-1.6824,2.0607
SZ002594,2013-12-31T00:00:00.000000,2.58,-0.0242,52863284000,-56930000,2436169000,12.8261,2.578,3.6368,15.3561,440.4899,1.0349,5378828000,0,106653000,52863284000,553059000,54840618000,5763955000,0,0,62.6156,47.4921,5.7494,7.5802,135.0403,579.6257,-56.1471,0.2018,3.4985,67.4624,4.6084,0.433,0.2349,7687422000,0,8220552000,12401503000,3770658000,53158392000,24856441000,52708223000,832081000,775866000,56311328000,-5651392000,1242020000,1224381000,0.6769,0.4799,45.2074,3.4486,0,5.6205,110.1076,0.7246,11.9229,22.7968,186.209,579.6256,1.0576,1.4677,2.7157,12.8176,2.3263,0.7856,3.1227,4.5828,0,1.0349,0,22.4558,29864748000,1083505000,28138688000,6008433000,65914000,78014833000,9258665000,1272407000,43343976000,2685422000,5966837000,10511045000,21709764000,2011845000,3314727000,272303000,44745555000,40076355000,53875159000,16054585000,12822558000,4507758000,4710942000,775866000,3209045000,-986092000,-2815887000,813239000,0.1289,27.8277,40.8398,479.5228,173.6075,496.8398,2.0736,1.9434,2.4641,2.4641,-3.8477,2.4191,1.6241,84.6439,12.271,3.8058,6.2704,87.1824,27.8277,244.8594,0.5201,9.2221,4.465,0,5587754000,376463000,0,7453757000,2204709000,48150085000,13034071000,0,0,9814416000,0,78014833000,1160259000,-48408000,-48408000,8944686000,309563000,197000000,0,5960955000,0,19054585000,14546827000,272303000,417985000,4710942000,0,-0.7281,12.5802,77.1527,-5.7259,36.169,9.1639,13.5414,2.4191,2.1948,12.5802,77.1527,0,31.133,36.0684,-2.4007,1.9149
SZ002594,2014-03-31T00:00:00.000000,0.06,-0.0397,11723871000,-93493000,-1116413000,-9.0035,0.2204,0.6926,17.0099,-9329.8763,-0.4742,4979144000,0,3468000,11723871000,11966000,13257461000,1183060000,0,0,76.6981,63.6129,1.1734,1.4148,-97.3659,-89.3529,-250.6624,0.0296,3.7294,67.691,-9.5226,0,0.0051,8885682000,0,8362696000,11368736000,2872595000,52275259000,24951091000,11711804000,118313000,87514000,13638082000,-1464775000,267499000,-387005000,0.7475,0.528,65.2812,3.4061,0,-2.9308,140.311,0.1518,5.0221,15.5873,-35.6935,-89.3528,0.1127,0.7465,0.5633,2.9312,0,0.1857,-1.4456,-2.1356,0,-0.4742,0,4.9802,28473876000,1370762000,28277078000,5674976000,65914000,77226350000,7556688000,1859865000,38092327000,4328529000,5968872000,10519894000,21725912000,472773000,898700000,73110000,9729657000,11186352000,14754495000,4700578000,5015397000,2171361000,4323937000,0,0,0,0,0,0.1307,28.1328,41.5606,483.7358,220.8097,592.753,0.4076,0.4129,0.5398,0.5398,-1.0152,0.0744,1.036,82.9901,14.4183,4.0326,7.6656,97.0688,28.1328,240.6125,-0.1644,9.229,4.4688,0,4594606000,475355000,0,7880816000,2083175000,48752474000,12339584000,0,0,14182932000,0,77226350000,318914000,-8599000,-8599000,2237054000,18285000,300000000,0,1483060000,0,7633583000,5462222000,0,0,0,0,-1.4746,18.3654,76.8322,-4.0858,-4.6572,0.4918,-1.0107,0.0743,2.7202,18.3654,76.8322,0,39.497,36.6158,-0.6222,0.9224
SZ002594,2014-06-30T00:00:00.000000,1.53,0.0377,26715706000,93466000,-543669000,2.5912,3.0667,2.0413,16.7014,-150.7298,-0.2196,8797623000,0,333261000,26715706000,360691000,27256985000,3489037000,0,0,70.1111,66.5262,2.5674,2.7057,22.4189,-15.5168,-122.4609,1.2474,4.9766,66.9437,-2.035,-0.1602,0.1457,12060293000,0,9115431000,13011769000,5699820000,58026434000,28653061000,26375260000,648931000,561582000,28045969000,-3689690000,774816000,3659081000,0.8158,0.6156,49.3045,3.2903,0,-1.194,136.6372,0.326,6.0737,56.8835,4.9385,-19.6761,0.682,2.1021,1.5616,51.3554,1.3626,0.537,-0.6272,-0.9369,0,-0.2196,0,10.7899,37148056000,1361644000,28260965000,6457933000,65914000,86679495000,9353063000,1580379000,45534634000,8451645000,2989866000,10743702000,25336009000,985814000,1926761000,107755000,22253817000,21477527000,28589638000,15200234000,10170335000,7837457000,8370023000,561582000,1777259000,-993598000,-2476686000,-297295000,0.1932,29.2295,43.6629,412.6645,223.0211,552.0911,0.8071,0.939,1.1357,1.1357,-2.4436,16.7033,2.5149,83.2986,13.2866,3.69,7.2121,48.6446,29.2295,229.0275,1.4778,10.2326,4.3391,0,4234018000,427033000,0,7934543000,2350553000,49531439000,12102316000,0,0,12491800000,0,86679495000,637036000,-7185000,-11446000,4997255000,144347000,345000000,0,3834037000,3342088000,18782608000,10945151000,107755000,266895000,8370023000,0,-1.4895,14.4115,89.6502,-3.3871,24.3876,0.4346,11.1064,10.9576,2.3845,14.4115,89.6502,0,33.0228,32.604,-1.4902,3.1654
SZ002594,2014-09-30T00:00:00.000000,1.65,-0.1575,40408603000,-389969000,-1598587000,4.4029,2.2046,2.7727,15.3592,-411.044,-0.6456,6070079000,0,-41545000,40408603000,388909000,40433378000,5780414000,0,0,71.4768,68.3848,3.7775,3.9482,-115.5338,-16.3816,-190.6933,-0.1028,4.2511,67.869,-3.9561,0,0.1571,12781710000,0,9888041000,13367667000,6347259000,60611016000,28694897000,40639821000,682580000,618330000,41586148000,-5672570000,1442481000,1012237000,0.7924,0.5883,47.9381,3.3926,0,-3.2983,139.8615,0.4854,11.5347,66.2678,-4.2142,-20.4983,0.7391,1.5302,2.0533,-6.0865,0,0.6938,-1.79,-2.6375,0,-0.6456,0,16.3201,38403194000,1492313000,28718896000,6346831000,65914000,89305913000,9192469000,2542399000,48466888000,8153371000,2990412000,10770796000,25332934000,1590962000,2965226000,189254000,34202165000,32673852000,43184735000,20044898000,14041348000,8224094000,5723179000,0,0,0,0,0,0.1252,28.3665,41.7959,440.1766,225.3652,556.288,1.1981,1.4233,1.718,1.718,-3.4328,16.6891,1.7153,84.6408,13.8372,3.9372,7.3381,106.0865,28.3665,239.2578,0.4088,10.2314,4.3501,0,6498936000,756327000,0,7832019000,2726214000,50902719000,13171542000,0,0,12144128000,0,89305913000,1035231000,189673000,-9378000,7335263000,596644000,488800000,0,6269214000,3342088000,23707973000,15483879000,0,0,0,0,-1.2067,13.5983,88.21,-4.0645,28.5904,2.062,14.473,10.9442,2.5619,13.5983,88.21,0,32.4042,32.1579,-2.291,3.3215
SZ002594,2014-12-31T00:00:00.000000,1.84,-0.2735,58195878000,-677281000,38069000,10.0875,1.8418,3.5871,15.5544,8.7813,0.0154,4453164000,0,-179115000,58195878000,433525000,55080498000,8578136000,0,0,66.6573,66.312,5.4008,5.4289,-267.9418,-21.6132,-98.5142,-0.3078,3.902,69.2641,0.0654,0.006,0.1751,13751929000,0,9978317000,12676440000,6496195000,65114418000,28894437000,58443359000,873952000,739870000,56791485000,-7961702000,1789666000,-621476000,0.7682,0.58,47.672,3.567,0,0.0718,132.9692,0.6798,21.3826,78.8887,5.0321,-25.4724,0.8602,1.2713,2.6311,-20.4948,2.6598,0.9171,0.0405,0.0585,0,0.0154,0,23.504,40733096000,1413553000,30014805000,6364617000,65914000,94008855000,11323422000,3646738000,53022124000,7988331000,2990968000,10638814000,25365597000,2228758000,4430271000,293884000,49143886000,42340684000,56753416000,26336791000,21022402000,7270949000,4089466000,739870000,3703736000,-1917519000,-9993381000,5811963000,0.084,26.9821,38.9554,483.1145,215.851,529.5614,1.6678,1.9816,2.4725,2.4725,-4.5169,16.8396,1.5281,84.4456,13.8294,3.8298,7.6127,120.4948,26.9821,256.7037,-0.251,10.2446,4.2968,0,9352355000,563061000,0,8611261000,2244884000,53275759000,14613079000,0,0,12092294000,0,94008855000,1389125000,68366000,-122389000,9811197000,1323344000,532450000,0,9285046000,3442088000,30083067000,22812118000,293884000,611111000,4089466000,0,-0.984,12.8629,84.5103,-4.9633,36.3919,6.6674,20.5013,11.0872,2.387,12.8629,84.5103,0,32.2824,31.9276,-3.2156,2.9366
SZ002594,2015-03-31T00:00:00.000000,0.48,0.0163,15282504000,40387000,3937007000,30.3537,1.9023,0.9588,17.1628,3255.1775,1.5901,5055217000,0,106793000,15282504000,120946000,21132216000,2490939000,0,0,73.9866,81.153,1.2164,1.109,2979.3829,910.7471,435.2861,0.6988,3.9692,68.4912,25.7615,0,0.0488,13808531000,0,10835904000,10996561000,6826396000,63166378000,29059222000,15148695000,203994000,153291000,21518896000,-1046744000,340276000,515171000,0.7468,0.5372,45.0032,3.4773,0,7.6164,155.1395,0.1641,29.5743,0.4116,72.4189,860.9865,0.1646,1.003,0.6514,52.3511,0,0.245,4.2689,6.2328,0,1.5901,0,6.1723,38604336000,1446746000,29598602000,6589488000,65914000,92225600000,10638164000,3225295000,51691473000,7375974000,2991532000,10758582000,25497968000,611312000,1104840000,35664000,12659597000,12890056000,17581889000,3784670000,5760684000,-2403405000,4604637000,0,0,0,0,0,0.0978,27.6474,40.3664,471.9848,233.6125,548.3755,0.3853,0.5036,0.6009,0.6009,-1.2045,0.5219,1.3804,82.8372,13.8639,4.0001,7.2294,47.649,27.6474,247.731,0.2081,10.298,4.3451,0,5891287000,732948000,0,8398720000,2634396000,53621264000,15356742000,0,0,11474905000,0,92225600000,402594000,-27016000,-27016000,2811644000,1525175000,80980000,0,2571919000,0,3784670000,6188075000,0,0,0,0,-0.8768,12.4422,86.1459,-5.2856,-5.2261,-1.3867,-1.8969,-4.4275,2.6343,12.4422,86.1459,0,31.036,32.0937,-0.4228,-0.9707
SZ002594,2015-06-30T00:00:00.000000,1.82,0.0616,31582366000,152479000,3022041000,18.2165,3.6454,2.0392,17.4357,647.5895,1.2205,3876512000,0,462288000,31582366000,466660000,37881353000,5352455000,0,0,80.1742,81.4988,2.2451,2.2086,38.7165,29.3794,655.8604,1.4638,4.8072,69.1107,9.5688,0.7975,0.1885,14847226000,0,13250603000,15008152000,3738195000,65833737000,29424630000,31030739000,830538000,624196000,39102870000,-4487876000,831898000,-530670000,0.761,0.5043,55.0207,3.5478,0,5.8548,161.673,0.3337,45.3645,7.9647,27.9856,29.3794,0.6596,1.9764,1.5419,55.6613,1.5589,0.6132,3.1725,4.5904,0,1.2205,0,12.7554,39280039000,1883569000,29664657000,7292618000,65914000,95258367000,11565056000,2117358000,51616728000,7131497000,5979495000,11103398000,25839369000,1201130000,2302538000,161747000,26075750000,27030595000,36080829000,11276295000,9569412000,920967000,3558796000,624196000,1942665000,-3387529000,4395972000,-1751810000,0.0751,27.1256,39.2494,496.6232,228.0128,539.3532,0.7894,1.0469,1.2336,1.2336,-2.565,1.8678,2.7494,82.5643,13.0842,3.8032,7.2906,44.3387,27.1256,254.7807,-0.2143,10.4359,4.4844,0,3836197000,423005000,0,8691419000,2741265000,55978328000,14556679000,0,0,14217009000,0,95258367000,628644000,-89339000,-90805000,5952021000,1557359000,692780000,0,6045235000,0,11322277000,10401310000,161747000,398907000,3558796000,0,-1.1524,14.9247,87.1049,-4.9825,-3.5673,-1.1666,1.3291,1.8678,1.9905,14.9247,87.1049,0,35.4925,31.1413,-1.8126,0.372
SZ002594,2015-09-30T00:00:00.000000,7.22,0.1971,48493574000,487992000,-1541010000,20.008,9.9356,4.9116,17.7413,-78.5684,-0.6224,4904829000,0,2272213000,48493574000,1961360000,52458430000,8452217000,0,0,88.7116,83.1642,3.0436,3.2466,5569.2815,404.3236,3.6017,4.6856,7.7971,69.4174,-3.1778,0,0.7921,16121629000,0,16234457000,20511366000,5992153000,74040214000,32619245000,47483074000,2745558000,2182542000,54033084000,-7393133000,1381271000,489945000,0.7983,0.5268,49.1219,3.5552,0,-2.5767,171.8759,0.4833,64.1827,17.2318,302.2324,404.3236,2.1753,4.5007,3.7685,82.7596,0,1.5271,-1.4448,-2.0813,0,-0.6224,0,19.5854,47741252000,1877565000,29799374000,7380580000,65914000,106659459000,13114539000,2276116000,59806408000,8252753000,4483071000,12588315000,28976472000,1738371000,3742275000,192832000,39890192000,42178635000,55574094000,20897390000,13384611000,9358272000,4579411000,0,0,0,0,0,0.082,27.1673,39.1361,462.754,246.3014,558.6353,1.0962,1.5981,1.7848,1.7848,-3.9824,14.2353,5.9163,82.2587,13.4372,3.5847,7.7171,17.2404,27.1673,255.5184,0.1979,11.0163,5.0841,0,6240152000,1050000000,0,9008868000,2870971000,58918207000,12804908000,0,0,14233806000,0,106659459000,1035546000,1261713000,-177916000,9106944000,1901184000,793280000,0,9294317000,0,24130154000,14771882000,0,0,0,0,-1.1797,13.3451,97.2385,-4.8728,17.2051,-0.7177,13.4568,7.5333,2.1354,13.3451,97.2385,0,32.9408,27.9388,-2.9859,3.7796
SZ002594,2015-12-31T00:00:00.000000,10.22,0.4873,80008968000,1206641000,3842094000,37.4822,10.3689,7.1007,16.8674,136.0784,1.5517,6596426000,0,3175965000,80008968000,2823441000,80908941000,12290161000,0,0,69.6278,79.3509,5.1703,4.5368,1873.143,551.2752,9992.4491,3.9695,6.6392,68.802,4.8021,0.4023,1.1403,21519093000,0,15750550000,19943800000,6469060000,79456514000,36029241000,78061580000,3794986000,3138196000,82963841000,-10606440000,1762667000,2190065000,0.823,0.5848,41.3273,3.4604,0,5.8117,148.9788,0.7638,57.8478,56.4805,334.2328,551.2752,2.996,3.9223,5.0035,83.6885,4.333,2.1454,3.3269,4.8355,0,1.5517,0,32.3138,54411666000,1888715000,32368535000,5757798000,65914000,115485755000,18581611000,2438009000,66110124000,6745955000,4483946000,13104044000,32294404000,2867992000,5415060000,551648000,66513559000,61227193000,79121747000,24534345000,18760798000,8749785000,6279531000,3138196000,4485620000,-6223543000,-6094688000,6768687000,0.1001,27.964,40.6441,412.0724,214.0517,471.31,1.6818,2.5427,2.7752,2.7752,-6.6709,27.3158,4.9775,83.1326,12.1599,3.5846,6.7681,16.3115,27.964,246.038,0.8845,11.7506,5.2924,18207000,6798810000,509414000,0,8790228000,3075674000,61074089000,12897076000,0,0,13346390000,0,115485755000,1445995000,1210370000,-242799000,12586188000,2954313000,1070592000,0,13560753000,0,29281148000,20531363000,551648000,930997000,6279531000,0,-1.1409,11.5567,99.771,-4.7247,33.581,7.8419,22.8456,14.7002,1.8073,11.5567,99.771,0,29.2422,28.0282,-4.2837,3.5338
SZ002594,2016-03-31T00:00:00.000000,2.73,0.3209,20285247000,794597000,-1253340000,32.7351,11.6537,1.6893,19.0567,-147.329,-0.5062,3910076000,0,1083880000,20285247000,850708000,23067988000,2718536000,0,0,88.3608,98.0302,1.0186,0.9181,914.9354,603.3784,-131.8348,5.3432,7.072,67.1288,-6.1786,0,0.3436,22671297000,0,16490447000,21344020000,7117353000,75322208000,36883346000,19146072000,1148530000,897646000,23650658000,-2512597000,401632000,-2634401000,0.8076,0.5468,36.5359,3.2756,0,-1.9822,186.391,0.1782,52.1834,5.3543,463.0215,603.3784,0.7885,4.4251,1.2601,94.3711,0,0.5794,-1.117,-1.664,0,-0.5062,0,8.1927,51066219000,1813697000,32553067000,5946868000,65914000,112205554000,13483268000,1986353000,63228574000,5591491000,4486254000,13904635000,33100652000,602332000,1298477000,232024000,16419554000,19624868000,24903998000,6175695000,5282345000,1139467000,3645130000,0,0,0,0,0,0.0618,29.5,43.9454,376.4953,233.988,505.1015,0.3846,0.6225,0.6204,0.6204,-1.7003,2.4966,6.1728,80.9433,10.7805,2.9693,6.4011,5.6289,29.5,227.5551,-1.064,11.8356,5.6158,0,3954054000,399314000,0,9073892000,2879253000,61139335000,14233655000,0,0,12093634000,0,112205554000,286037000,-51010000,-52402000,3530761000,258026000,52087000,0,2770623000,0,6823444000,5683977000,0,0,0,0,-0.9944,10.7781,101.6821,-4.9121,-6.1484,0.5701,-2.8404,0.7233,1.4101,10.7781,101.6821,0,26.7592,29.012,-1.0148,0.4602
SZ002594,2016-06-30T00:00:00.000000,7.14,0.8348,44949565000,2066936000,-1428493000,42.3249,15.0326,4.4503,20.8258,-63.2162,-0.5769,5468747000,0,2787346000,44949565000,2259696000,43551571000,6100823000,0,0,80.406,98.4877,2.2386,1.8276,502.9458,384.2275,-147.2691,6.2011,8.6982,68.1381,-3.178,-0.2059,0.9126,27669582000,0,16044181000,25276808000,11298325000,82947757000,38787080000,42055852000,3009075000,2469067000,44634386000,-5876262000,1022790000,-1088204000,0.8038,0.5846,27.9303,3.3816,0,-1.951,178.8938,0.379,21.0826,28.5815,262.3043,384.2274,2.0817,5.493,3.0911,92.6313,2.8503,1.5791,-1.1734,-1.7222,0,-0.5769,0,18.1541,58850900000,1803945000,34972477000,5478912000,65914000,121734837000,15258184000,1629643000,73219856000,6192441000,1494526000,15264228000,34829172000,1804047000,3022396000,367359000,35588441000,36158957000,46062879000,17691138000,11120076000,6183547000,5191327000,2469067000,2524787000,-449585000,-4895831000,-2841724000,0.0748,28.6107,41.9893,383.1298,226.7793,474.9735,0.7937,1.3263,1.3393,1.3393,-3.4487,7.8489,7.3263,79.1742,12.1997,4.0135,6.724,7.3687,28.6107,238.156,-0.4395,12.5337,6.1649,5045000,5809411000,383688000,0,8950059000,3035263000,62883937000,13866924000,0,0,9727901000,0,121734837000,657280000,-93205000,-114799000,6534818000,1027939000,803378000,0,6904201000,0,18326413000,12142866000,367359000,622705000,5191327000,0,-0.677,7.9911,99.5902,-5.8033,8.1586,8.0447,5.4111,6.6644,1.4623,7.9911,99.5902,0,21.8325,28.7284,-2.3733,2.4974
SZ002594,2016-09-30T00:00:00.000000,9.23,1.2696,72797790000,3463612000,-2828936000,50.1184,12.8792,6.1835,21.0771,-77.2063,-1.0369,7588506000,0,4442837000,72797790000,3664126000,66846239000,9087425000,0,0,78.8165,102.9298,3.4257,2.6231,95.5291,86.8156,-66.61,6.103,8.0232,59.207,-3.886,0,1.3431,33985044000,0,17792667000,19170364000,7288111000,79292522000,54631787000,68031248000,4850300000,3971651000,68436576000,-8841636000,1684777000,1032990000,1.0568,0.7897,25.0365,2.568,0,-4.2456,181.7462,0.5838,9.5982,57.9297,76.6599,69.5495,3.1848,5.4557,4.6836,91.5992,0,2.1409,-2.1123,-3.5677,0,-1.0369,0,26.684,70414591000,1829503000,35430943000,4754746000,65914000,133924309000,18147881000,1588813000,66632148000,6090552000,4489583000,16604097000,50567699000,2863831000,5440908000,353221000,57454150000,55822292000,71265512000,21019222000,21686397000,12651613000,7312521000,0,0,0,0,0,0.1139,37.7584,63.7736,210.1366,231.4843,462.519,1.1664,2.2339,1.7571,1.7571,-18.3925,56.5835,7.2664,78.9229,12.7685,3.934,7.474,8.4008,37.7584,156.8047,0.3786,17.1442,6.0862,2220000,6581799000,477357000,0,9053848000,2500712000,63509718000,14049464000,0,0,12660374000,0,133924309000,990438000,-307718000,-154740000,10219816000,1089836000,843047000,0,9931472000,14364452000,36023769000,23372156000,0,0,0,0,3.3471,9.4534,142.7219,1.3865,29.4108,9.4611,15.9661,45.9009,1.3605,9.4534,142.7219,0,20.0233,26.4559,-3.2409,4.6374
SZ002594,2016-12-31T00:00:00.000000,12.91,1.6911,103469997000,4613455000,-1845571000,29.323,13.1988,8.7582,20.3625,-36.5304,-0.6765,7693666000,0,5849534000,103469997000,5052154000,87581417000,13053450000,0,0,72.3684,110.0964,4.9746,3.2699,84.1813,78.9361,-143.5959,5.6534,8.0874,61.8053,-1.7837,-0.1204,1.8519,41768002000,0,17378439000,25009611000,7918830000,89661415000,55409363000,96739512000,6568410000,5480012000,89709308000,-13442642000,3208633000,1079063000,0.999,0.7771,22.1317,2.7493,0,-2.3565,182.4648,0.7942,10.3354,94.0974,73.0813,62.3982,4.2064,5.2962,5.98,89.0556,5.6432,3.0673,-1.2722,-2.0584,0,-0.6765,0,37.9269,78240081000,2244758000,37483211000,4565424000,65914000,145070778000,19501485000,1850792000,78317604000,4847936000,4490584000,16238160000,51255929000,4196339000,6842635000,565731000,82400900000,70164209000,91554879000,31223339000,26691182000,16270217000,7358594000,5480012000,5308825000,-1984925000,-19811441000,4830456000,0.0982,35.3317,57.1661,237.9159,230.7656,453.2732,1.56,2.9469,2.4768,2.4768,-17.5731,58.7146,6.9388,79.6375,11.85,4.0556,6.6132,10.9444,35.3317,174.9289,0.3955,17.3965,5.9521,0,6362378000,563215000,0,8946267000,3109304000,66830697000,15742125000,0,0,11343811000,0,145070778000,1222190000,-726027000,-599824000,14065652000,1288013000,926905000,0,14730655000,14473000000,46292139000,30021922000,565731000,1718744000,7358594000,0,-146.3283,7.8195,136.7437,-0.0284,43.7928,15.8014,25.6179,48.0481,1.1812,7.8195,136.7437,0,18.1212,25.8379,-4.9274,5.9638
SZ002594,2017-03-31T00:00:00.000000,1.15,0.1637,21046138000,446478000,-2418308000,3.751,5.0659,1.0486,21.0034,-399.1958,-0.8864,9097580000,0,825616000,21046138000,605795000,22739130000,3304563000,0,0,93.3273,177.5536,0.9643,0.5069,-23.8277,-28.7893,-75.1161,3.9229,6.6588,61.5018,-11.4905,0,0.2221,41272389000,0,17102320000,27976568000,7394671000,89993235000,56332874000,20209107000,1021631000,781366000,23044464000,-3500329000,457855000,1462348000,1.0587,0.8254,32.1269,2.7306,0,-3.2998,270.8809,0.1445,3.7105,-1.1866,-11.0488,-35.3708,0.5363,3.7126,0.9619,80.8135,0,0.5137,-1.6527,-2.6872,0,-0.8864,0,7.7145,77591345000,2497645000,38214112000,4880021000,65914000,146326109000,14149423000,1382294000,73286843000,7191753000,7491851000,16766041000,52001236000,1058996000,1556914000,267755000,16625725000,19345581000,25462772000,12091644000,7304316000,7387907000,8820942000,0,0,0,0,0,0.1241,35.5379,57.7835,237.8897,333.1925,623.053,0.2701,0.5592,0.4076,0.4076,9.958,1.4541,5.2067,78.9966,14.234,5.0318,7.3976,19.1865,35.5379,173.0598,0.536,17.6697,6.1456,0,4399212000,594523000,0,8990259000,3745058000,68734764000,15053586000,0,0,16706392000,0,146326109000,379790000,-2756000,-3076000,3878873000,799234000,245000000,0,4299563000,0,15150078000,7762171000,0,0,0,0,3.8811,11.4172,136.0786,1.5778,-0.8292,1.9499,0.8653,-8.0606,1.8046,11.4172,136.0786,0,24.3152,26.1157,-1.283,2.708
SZ002594,2017-06-30T00:00:00.000000,3.33,0.4089,45037637000,1115561000,-3470247000,0.1959,7.1573,2.8806,20.3213,-201.4173,-1.272,8701073000,1383490000,2567559000,45037637000,1722914000,42639466000,6684272000,0,0,89.0905,176.4494,2.0204,1.0201,-7.8852,-23.7546,-120.4782,5.7009,8.2442,62.8133,-7.7052,-0.5222,0.6315,46530489000,0,18144296000,34032436000,4532569000,96565937000,57169035000,43042887000,2650010000,2165163000,44066868000,-6939226000,1189947000,961658000,1.0648,0.8324,35.1546,2.835,0,-4.4453,265.5399,0.3015,13.0896,11.4022,-11.9327,-30.8014,1.4492,4.8075,2.4262,96.8887,2.5287,1.361,-2.2573,-3.5937,0,-1.272,0,16.5085,83126454000,2476898000,39700110000,4807610000,65914000,153734972000,16087628000,1866446000,78066217000,7316219000,8985120000,17341441000,52623901000,2248952000,1736852000,251448000,35885394000,36761281000,47537115000,27369197000,19261478000,11364523000,8320252000,2165163000,2563130000,-989937000,-2767620000,-6238417000,0.1115,34.2303,54.4953,254.821,322.4634,597.1121,0.5582,1.1625,0.8671,0.8671,18.0776,2.6689,6.4878,79.6787,11.0144,4.9935,3.8564,3.1113,34.2303,183.5021,0.3525,17.8979,6.3565,0,4183255000,550188000,35927000,9234312000,3943853000,70608518000,13485020000,0,0,18499720000,0,153734972000,974813000,-2377000,-19020000,7198709000,2189801000,377355000,0,9129027000,0,31869197000,20504674000,251448000,622467000,8320252000,0,3.6559,12.0335,132.5535,1.8548,6.2454,5.9144,5.9724,-5.4139,2.1644,12.0335,132.5535,0,26.0107,25.8237,-2.5436,4.1657
SZ002594,2017-09-30T00:00:00.000000,5.34,0.7217,73932895000,1968971000,696008000,1.5593,7.6216,4.5047,19.8583,24.9337,0.2551,8779718000,2387095000,4065770000,73932895000,2791435000,66867542000,10268043000,0,0,85.4657,170.6291,3.1592,1.5824,-8.4871,-23.8172,124.6031,5.4993,7.8766,64.2587,0.9414,0,1.0232,51677203000,0,20132187000,35295735000,8670256000,105851814000,58875729000,70545438000,4195639000,3461878000,69121080000,-11138356000,2587601000,1112450000,1.0057,0.7854,26.7511,2.9565,0,0.7617,256.0948,0.4773,13.1488,23.7244,-13.4973,-23.8171,2.2349,4.6825,3.7595,96.9047,0,2.1346,0.4225,0.6575,0,0.2551,0,27.1001,91896516000,2960915000,41091889000,4784600000,65914000,164727543000,21656214000,2343700000,91378558000,7808930000,4492480000,18352203000,54103403000,3537758000,2679790000,209257000,59251044000,52146305000,68425072000,33974958000,24450852000,11555253000,8471044000,0,0,0,0,0,0.0961,32.8442,51.1124,270.5901,310.6661,565.6856,0.8691,1.9645,1.4034,1.4034,335.7267,5.5554,6.2532,80.1417,10.6114,4.7851,3.6246,3.0953,32.8442,195.6472,0.4078,18.4036,6.727,0,5583781000,557989000,46250000,9201793000,4243641000,72831027000,14836173000,0,0,14473256000,0,164727543000,1627732000,-120315000,-139452000,11206875000,3340131000,998317000,0,14478487000,0,40301356000,28746103000,0,0,0,0,27.9429,8.7862,131.6644,0.1899,17.4545,9.6275,13.5498,5.8025,2.2016,8.7862,131.6644,0,21.1052,24.9454,-4.0828,4.2356
SZ002594,2017-12-31T00:00:00.000000,7.76,1.0949,105914702000,2986923000,6578825000,2.3627,8.2511,6.4915,19.0146,161.7819,2.3341,9902690000,3739491000,5410551000,105914702000,4066478000,94340585000,14776561000,0,0,78.1718,159.1541,4.6052,2.262,-7.5046,-19.51,456.4655,5.1084,7.5187,66.3348,6.2114,0.43,1.4906,51880681000,0,19872804000,35774916000,9873754000,118141943000,59957487000,101373317000,5620641000,4916936000,97524335000,-16175022000,3201316000,1577360000,0.978,0.7887,23.8982,3.1479,0,6.2657,237.3259,0.6555,14.3532,24.2115,-14.4292,-19.51,3.0429,4.6424,4.9108,96.2622,5.5187,2.919,3.6939,5.5686,0,2.4115,0,38.823,102684392000,3064911000,43244815000,4512856000,65914000,178099430000,23319529000,4700280000,104996936000,6369237000,4493109000,19235924000,55004194000,4925288000,3046592000,242586000,85775482000,68094663000,90945510000,46032851000,36249367000,11167824000,8935954000,4916936000,5750952000,-2726616000,-19636274000,14377997000,0.0943,30.884,46.5577,302.2609,307.4777,549.2216,1.1708,2.6142,1.9935,1.9935,-88.6291,7.3128,5.8511,80.9854,9.7119,4.6502,2.8765,3.7378,30.884,214.7872,0.5782,18.7338,7.0509,1095000,6973003000,825499000,66707000,10098178000,4100941000,75415038000,16954070000,0,0,13145007000,0,178099430000,2314401000,-206053000,-224522000,15482853000,3420788000,1606622000,0,19595810000,0,53832851000,42665027000,242586000,1333086000,8935954000,0,-5.6842,7.3807,127.1926,-0.8477,31.2427,15.3712,22.7673,7.687,2.1852,7.3807,127.1926,0,19.2886,24.2813,-5.929,4.0936
SZ002594,2018-03-31T00:00:00.000000,0.08,-0.1204,24737565000,-328531000,-163319000,17.5397,0.8014,0.8383,17.1438,-159.4523,-0.0799,8142104000,1029424000,249126000,24737565000,102425000,25867790000,4041388000,0,0,97.9948,189.5056,0.9184,0.4749,-69.8254,-83.0925,93.2465,1.0071,4.5235,66.9674,-0.6602,0,0.0375,52295046000,0,24761863000,37461146000,14038984000,121944695000,60150841000,24909165000,305561000,264141000,27097116000,-5310146000,664568000,-1263758000,0.9365,0.7149,18.594,3.2157,0,-0.1462,287.5004,0.1374,44.7866,0.7987,-70.0909,-83.0924,0.1467,1.0678,0.6213,81.5307,0,0.4102,-0.0897,-0.1339,0,-0.0599,0,9.0675,104619749000,3247672000,44205349000,4688262000,88394000,182095536000,21648377000,5871578000,111711094000,6458494000,1495090000,20510020000,55037097000,1172277000,853974000,84355000,20496606000,20195483000,27260435000,11707232000,8694483000,4247304000,7672196000,0,0,0,0,0,0.0729,30.2243,45.1328,317.4229,377.1061,655.2292,0.2387,0.57,0.4496,0.4496,-5.2611,0.0598,1.3094,82.8562,11.4793,4.7389,3.4521,18.4693,30.2243,221.5682,-0.4632,18.7458,7.5179,3121000,4102347000,838622000,66240000,9936425000,4822951000,77475787000,17335806000,0,0,10233601000,0,182095536000,813445000,-3369000,-3369000,4262304000,62596000,191820000,20606000,5372742000,0,13707232000,9459928000,0,0,0,0,-1.4431,5.6199,124.5033,-2.5993,1.8848,2.2212,2.2438,0.0566,3.2883,5.6199,124.5033,0,15.6787,24.2759,-1.9464,1.5568
SZ002594,2018-06-30T00:00:00.000000,0.71,-0.2468,54150930000,-673199000,-1456952000,20.2348,1.8892,1.7349,15.0364,-304.1025,-0.5889,10427332000,2079169000,980585000,54150930000,479099000,47309390000,8274521000,0,0,87.7568,172.4536,2.0511,1.0438,-61.8087,-72.1925,58.0158,1.8108,4.6962,68.9661,-2.6905,-0.2514,0.1756,0,6824670000,24989060000,40146546000,13965625000,131929874000,59366954000,54173166000,1087054000,874361000,50281661000,-8254178000,1471393000,1094081000,0.9401,0.7302,23.7211,3.433,0,-1.2236,260.2104,0.2932,37.7241,0,-58.9792,-72.1925,0.4734,1.6147,1.3126,90.2057,2.5786,0.9322,-0.7616,-1.1043,0,-0.534,0,19.849,111930046000,3380869000,45262542000,8319670000,65914000,191296828000,0,0,119067179000,6281380000,4484486000,18961122000,54224673000,2142749000,1757397000,0,46008597000,38346635000,51738613000,30222700000,24883372000,10790381000,10030035000,874361000,3646261000,-5249684000,-3094663000,682775000,0.0876,28.3458,41.1011,357.4861,356.6938,613.9445,0.5046,1.2195,0.9915,0.9915,-11.4609,-1.4172,2.1212,84.9636,9.6718,3.957,3.2454,9.7943,28.3458,243.3023,0.401,18.448,6.9502,1285000,0,979545000,70471000,10423846000,4904278000,79366782000,0,0,0,12862695000,0,191296828000,1337215000,371643000,-26557000,8816505000,1406297000,283420000,23296000,9660475000,0,37222700000,26432319000,125113000,834487000,10030035000,0,-1.8022,6.7239,119.8003,-2.6161,9.004,4.6658,7.4101,-2.8032,2.4694,6.7239,119.8003,0,19.1731,23.6609,-3.0256,3.9552
SZ002594,2018-09-30T00:00:00.000000,2.65,-0.0605,88981326000,-165054000,6650351000,20.3542,4.0044,3.7528,15.5743,435.5023,2.4377,14102518000,3486877000,2300771000,88981326000,1527053000,75025602000,12531418000,0,0,86.3307,161.5526,3.1275,1.6713,-43.4112,-45.2951,855.4992,2.5857,5.6522,68.8482,7.4739,0,0.5597,54601993000,5402084000,28167379000,41262174000,9004256000,132263257000,59845128000,88045868000,2434155000,2146152000,80294390000,-8812482000,3323348000,4616197000,0.9592,0.7235,23.4781,3.4278,0,5.5664,247.8832,0.4807,39.9122,5.2453,-41.9837,-45.295,1.1594,2.4119,2.3409,94.5203,0,1.8435,3.4618,5.0281,0,2.4377,0,32.6161,114602362000,3582762000,43062774000,9077259000,65914000,192108385000,0,0,119472628000,4952993000,6079388000,19957497000,54479045000,3386517000,2679375000,0,75123069000,53937107000,73644039000,40928505000,40876216000,6703973000,13552151000,0,0,0,0,0,0.1181,28.3585,41.1899,359.418,329.6614,561.669,0.819,2.0505,1.6255,1.6255,-24.7762,-0.9547,2.9296,84.4257,8.9511,3.8059,3.0112,5.4797,28.3585,242.7782,1.6921,18.5413,7.3154,2203000,5983922000,924515000,90690000,10819564000,5015498000,77506023000,0,0,0,12790629000,0,192108385000,1898923000,235931000,88424000,13584818000,5971987000,548420000,24393000,14784469000,2305000,51030810000,44326837000,0,0,0,0,-2.6263,6.658,126.5108,-1.7852,11.6064,-0.421,7.8658,-1.0287,2.1341,6.658,126.5108,0,19.014,22.4159,-3.2302,2.4573
SZ002594,2018-12-31T00:00:00.000000,4.96,0.2146,130054707000,585595000,12522909000,22.7919,5.4295,5.4058,16.4003,450.4329,4.5903,13052095000,4989360000,4241760000,130054707000,2780194000,103812991000,17842390000,0,0,76.4915,140.0146,4.7064,2.5712,-21.6021,-31.6314,90.3517,3.2615,5.7702,68.8063,9.629,0.721,1.0191,49283534000,3469114000,26330345000,37788977000,7482634000,133877098000,60693979000,126985561000,4385640000,3556193000,112560411000,-14230760000,4120193000,2215103000,0.9883,0.7625,31.3563,3.4254,0,10.7429,216.5061,0.698,32.4944,-5.006,-21.9726,-31.6314,1.9085,2.7344,3.7679,96.7193,6.206,2.7507,6.4362,9.354,0,4.5903,0,47.6715,115210575000,3560880000,43678630000,5638810000,65914000,194571077000,25142127000,2300000,116568975000,6847603000,7076777000,20498233000,55198289000,4729481000,3760412000,0,108725343000,72578132000,100037502000,52964977000,57557196000,3916511000,11151057000,3556193000,7589338000,-6584924000,-4385568000,6123683000,0.112,28.3692,41.2306,363.0225,301.5738,515.7883,1.1937,2.9664,2.3603,2.3603,-70.8563,0.3529,3.6593,83.5997,8.5543,3.6365,2.8914,3.2807,28.3692,242.5385,0.8119,18.8049,7.5136,451000,0,1010378000,90066000,11313829000,5384632000,79360502000,21140760000,0,0,17308123000,0,194571077000,2635336000,-113353000,-224724000,18824518000,6176040000,829313000,26872000,20406800000,10835000,67075812000,63159301000,686416000,1809347000,11151057000,0,-12.7416,8.8955,126.3737,-0.4979,12.1987,1.0032,9.2486,1.6329,2.0263,8.8955,126.3737,0,23.8712,22.4487,-5.2163,1.4356
SZ002594,2019-03-31T00:00:00.000000,1.33,0.151,30304111000,411967000,407884000,22.5024,5.7718,1.3465,19.0473,54.404,0.1495,13922572000,1293328000,1014508000,30304111000,749732000,26636297000,4860665000,0,0,100.9703,140.706,0.8914,0.6396,307.2269,631.9815,349.7468,3.3478,6.1091,68.7437,1.346,0,0.2748,45471373000,2557512000,28714138000,43527395000,3823913000,136680075000,62145614000,29239043000,1059734000,888497000,28641629000,-5654885000,888663000,1427481000,1.0184,0.7663,40.3337,3.4187,0,0.3581,241.6763,0.1541,15.9611,-7.7352,246.8159,631.9815,0.4517,2.9319,0.9968,95.7323,0,0.6786,0.2051,0.2984,0,0.1495,0,11.108,115986082000,3722895000,43963167000,0,65914000,198825689000,0,2500000,113887277000,8321072000,9568629000,21165302000,56510599000,1063088000,1044484000,0,24531984000,20826449000,28233745000,17484817000,15892473000,6680731000,12578538000,0,0,0,0,0,0.1223,28.4222,41.3452,363.4846,343.3148,584.1734,0.2622,0.6842,0.5426,0.5426,81.8582,2.3774,3.8479,80.9527,9.9277,3.5081,3.4467,4.2677,28.4222,241.8663,0.5232,19.2859,7.7581,7119000,0,0,98936000,11948910000,5189192000,82839607000,0,0,0,22792798000,0,198825689000,900917000,-194021000,-9370000,4725618000,69711000,394231000,0,5724596000,50000,23473745000,16793014000,0,0,0,0,10.8599,11.4637,0,0.7693,0.6731,0,2.1867,2.558,2.9729,11.4637,0,0,28.7413,0,-2.0728,2.4488
SZ002594,2019-06-30T00:00:00.000000,2.58,0.2714,62184263000,740372000,-2064503000,14.8351,5.6163,2.59,17.1448,-141.9319,-0.7567,11123479000,2495223000,1789091000,62184263000,1454573000,48750979000,11670448000,0,0,94.9872,145.3066,1.895,1.2388,82.4514,203.6059,-41.7001,2.8771,5.5883,68.8737,-3.32,-0.249,0.5332,51114033000,3058518000,28047626000,45647360000,6028012000,137694921000,62228860000,60611042000,1873648000,1648306000,52581567000,-12030045000,1861641000,-1421571000,1.0202,0.7697,45.4146,3.429,0,-1.8441,240.2938,0.3153,12.2396,3.7142,72.3602,203.6059,0.8357,2.6507,1.6865,95.487,3.0641,1.2738,-1.0326,-1.4993,0,-0.7567,0,22.7936,114212984000,3819475000,45196078000,6399676000,65914000,199923781000,18157719000,2500000,111949823000,12053733000,9069961000,21260366000,56689067000,2300530000,2070883000,0,51522898000,39776336000,54646070000,38955597000,35783104000,12661366000,9729486000,1648306000,3960703000,-1820510000,2597526000,-11132180000,0.0995,28.3553,41.17,373.9783,332.0474,570.957,0.5421,1.3804,1.1116,1.1116,137.4601,2.7008,3.2672,82.8552,9.3663,3.6995,3.3302,4.513,28.3553,242.895,-0.5211,19.1685,7.793,14387000,0,1198372000,98265000,12190546000,5837717000,85710797000,18460259000,0,0,25745098000,0,199923781000,1452939000,-273331000,-92332000,10144709000,1752842000,547039000,0,13782887000,60000,50393340000,37731974000,180882000,900561000,9729486000,0,11.3757,12.8775,125.4292,0.8296,-0.8659,3.4741,2.751,1.9335,2.3365,12.8775,125.4292,0,31.2311,22.6067,-4.4096,4.641
SZ002594,2019-09-30T00:00:00.000000,2.67,0.2153,93821797000,587310000,3832666000,5.4399,4.0472,3.4538,16.0375,243.4527,1.4049,10934947000,3839114000,2055748000,93821797000,1574296000,77347304000,15400752000,0,0,92.3213,140.0019,2.9246,1.9285,-10.6496,3.0937,-42.3689,2.1911,4.9752,68.4837,4.085,0,0.5771,48014443000,4444678000,27540926000,43000973000,6686532000,135752257000,62473319000,92217708000,2167630000,1894848000,82739863000,-16516101000,3530284000,-1612471000,1.0232,0.7708,46.9296,3.3891,0,3.5134,232.3232,0.4777,-2.224,-2.5751,-10.9494,3.0937,0.9648,2.0196,2.0956,94.8385,0,1.711,1.9335,2.8233,0,1.4049,0,34.3904,111621276000,3822945000,46806068000,0,65914000,198225576000,20815975000,1500000,109086119000,12960967000,9966779000,21326937000,56821602000,3345688000,3160219000,0,78775111000,57413291000,78907197000,50212626000,56393172000,11036782000,9538586000,0,0,0,0,0,0.1007,28.6651,41.8568,368.623,326.3879,565.1943,0.8272,2.1184,1.6751,1.6751,159.4582,2.9409,2.485,83.9625,9.0106,3.566,3.3683,5.1615,28.6651,238.9096,-0.5911,19.2171,7.8174,54459000,0,0,97573000,12728799000,5521093000,86604300000,13747457000,0,0,26666138000,0,198225576000,1948003000,-380351000,-113605000,14949468000,2149530000,647039000,0,18665631000,1780000,71110132000,60073350000,0,0,0,0,10.5185,13.4524,0,0.9293,-3.1154,0,1.8782,2.667,2.0763,13.4524,0,0,31.9402,0,-6.054,4.0455
SZ002594,2019-12-31T00:00:00.000000,2.62,0.0845,127738523000,230506000,14741007000,-1.7809,3.1146,4.3521,16.2944,913.0668,5.4033,12650083000,5629372000,2312288000,127738523000,1614450000,107166119000,20627160000,0,0,87.3734,131.3552,4.1202,2.7407,-45.4875,-41.9303,17.7123,1.8102,4.6333,68.002,11.54,0.9004,0.5918,43933795000,4502139000,25571564000,40332365000,8747448000,133040173000,62601420000,125615182000,2431131000,2118857000,113722388000,-20881446000,4388702000,523240000,0.9902,0.7535,44.0631,3.3438,0,13.6454,218.7286,0.6547,-2.8818,-10.855,-44.5661,-41.9303,1.086,1.6587,2.7909,95.1116,5.7763,2.1694,7.5347,11.0801,0,5.4033,0,46.8225,106966605000,4060175000,49443360000,5721076000,65914000,195641593000,22520530000,2000000,108028947000,11947932000,9968555000,21056234000,56762289000,4345897000,4140997000,0,106924288000,70932255000,98981381000,58478303000,68598918000,6610345000,11674297000,2118857000,8104315000,283960000,8068298000,-9983177000,0.1174,29.0134,42.6655,362.9849,313.0762,549.8598,1.1499,2.708,2.2818,2.2818,-105.5367,2.8334,2.0529,83.7056,9.0035,3.4022,3.2418,4.8884,29.0134,234.3813,0.1918,19.1954,7.7182,34345000,0,1561194000,96902000,12650308000,5747851000,88674988000,13647638000,0,0,25011226000,0,195641593000,3014032000,-808695000,-422776000,20316157000,2401053000,1088939000,0,23282499000,1786000,79796391000,73186046000,139176000,1476948000,11674297000,0,-23.5435,12.7842,114.8027,-0.3894,-7.1556,13.1981,0.5502,0.3269,2.3595,12.7842,114.8027,0,30.586,25.2724,-7.6541,2.423
SZ002594,2020-03-31T00:00:00.000000,0.08,-0.1729,19678542000,-471700000,4948683000,-35.0631,0.8607,0.817,17.6569,4393.5181,1.8139,12641416000,756531000,374508000,19678542000,112636000,19136788000,3930861000,0,0,145.5226,190.8886,0.6185,0.4715,-63.0848,-84.9765,1113.2574,1.9031,6.5246,67.2033,25.1476,0,0.0413,39541976000,4870865000,26829232000,38466906000,8537569000,128602511000,62760763000,19786960000,381935000,321968000,20681741000,-4489667000,921158000,-75183000,1.0055,0.7398,48.7123,3.2675,0,4.9009,336.4112,0.1017,-6.5644,-9.9964,-63.9594,-84.9764,0.1664,1.6361,0.6909,98.0554,0,0.4706,2.586,3.848,0,1.8139,0,7.2132,101528167000,4866511000,48798591000,0,65914000,191363274000,17990531000,1300000,100975290000,14533550000,9970309000,21085659000,56715028000,684500000,941825000,0,16203918000,9868115000,15733058000,20026193000,19534128000,-526416000,11599114000,0,0,0,0,0,0.1261,29.6374,44.101,354.6966,476.7764,884.9853,0.1888,0.3932,0.3468,0.3468,-77.2518,-0.0833,2.0332,82.3431,13.1172,3.4784,4.7861,1.9446,29.6374,226.7521,-0.0276,19.178,7.7289,94565000,0,0,96230000,12651000000,6147953000,89835107000,13665388000,0,0,27627221000,0,191363274000,954958000,-94537000,2523000,3855249000,6058114000,816920000,0,10547781000,0,20026193000,20552609000,0,0,0,0,49.9699,14.4371,0,0.2027,-5.0842,0,-2.1868,-0.0902,4.8528,14.4371,0,0,32.7561,0,-1.6457,-0.193
SZ002594,2020-06-30T00:00:00.000000,2.84,0.3358,60502986000,916227000,15538447000,-2.7037,6.1742,2.7457,19.5962,934.6828,5.6956,13241316000,2525361000,2948123000,60502986000,1662430000,55224386000,6495700000,0,0,98.7308,130.6689,1.8231,1.3775,64.7833,14.2899,852.6483,4.8727,7.702,65.9917,25.6821,1.5512,0.6094,43909067000,8351568000,27794288000,32091445000,9540363000,130423547000,67212858000,57537273000,2928081000,2383423000,58718856000,-6912217000,2092739000,1045997000,1.0739,0.7997,48.4945,3.1763,0,15.3297,229.3997,0.3077,-0.9032,-0.0563,56.277,14.2898,1.2121,3.9393,2.3353,100.6845,3.6352,1.7081,7.8621,11.9138,0,5.6956,0,22.1774,108849577000,4776938000,48539242000,6670502000,65914000,197636405000,23836677000,1300000,101361651000,15822055000,9874753000,22387637000,59928232000,2005390000,2020257000,0,48646685000,30412006000,43180409000,34136488000,44540133000,-7558569000,12720294000,2383423000,3860314000,-2774586000,668574000,7627130000,0.1312,30.3225,45.9489,324.4116,321.033,585.0128,0.5607,1.2203,1.037,1.037,18.8319,5.5775,5.3888,80.4038,9.4039,3.3145,3.3391,-0.6845,30.3225,217.6329,0.3834,20.2825,8.2062,60923000,0,1270798000,95559000,12024065000,5946277000,88786828000,11575368000,0,0,29061896000,0,197636405000,1663988000,-127814000,-95207000,9074640000,15343903000,860420000,0,22256120000,2280000000,39171252000,46729821000,366034000,1282625000,12720294000,0,3.8812,14.7047,123.4635,2.7447,1.7603,-1.8286,1.0196,6.8851,2.7503,14.7047,123.4635,0,32.6574,24.5599,-2.5337,-2.7706
SZ002594,2020-09-30T00:00:00.000000,5.89,0.9139,105022633000,2493146000,28663476000,11.9384,8.3255,4.8551,20.7489,839.6921,10.5066,13181897000,4891791000,5800312000,105022633000,3413570000,94936925000,9176983000,0,0,94.8282,106.4876,2.8473,2.5355,182.1509,116.8315,647.873,5.5229,7.7382,65.5183,27.2927,0,1.2512,38907717000,7420419000,32892862000,24789523000,9201306000,128939418000,67859599000,99185957000,5677776000,4901871000,101345583000,-10018905000,3096248000,646855000,1.0792,0.7498,48.6435,3.1575,0,28.7014,201.3158,0.5352,19.4327,-11.4401,161.9347,116.8315,2.4981,4.6674,4.4522,102.1582,0,2.9789,14.5648,22.2302,0,10.5066,0,38.496,107774544000,5229248000,53190974000,0,65914000,196799017000,32000797000,1400000,99867853000,15654973000,9876424000,24091978000,59764561000,3528320000,3100402000,0,83231542000,49042124000,72682107000,36349600000,54485381000,-17971613000,12321152000,0,0,0,0,0,0.1322,30.3683,46.3509,316.0472,276.0363,504.4578,0.9781,2.0982,1.8025,1.8025,30.6889,5.2892,6.1105,79.2511,9.2237,3.3596,2.9521,-2.1582,30.3683,215.7456,0.2371,20.8823,8.8309,23208000,0,0,94888000,11882649000,5330064000,89024473000,9332481000,0,0,29071565000,0,196799017000,3058263000,-201323000,-107434000,15501784000,18057573000,1353195000,0,28076478000,2800000000,41590072000,59561685000,0,0,0,0,3.6768,14.7722,0,2.8982,0.7553,0,0.5916,8.2724,2.912,14.7722,0,0,32.7249,0,-3.6724,-6.5875
SZ002594,2020-12-31T00:00:00.000000,7.43,1.0828,156597691000,2953923000,45392668000,22.5924,7.8305,6.3413,19.3785,1072.0313,16.6387,14445030000,7464861000,7085773000,156597691000,4234267000,138666915000,11774094000,0,0,81.2207,97.8753,4.4324,3.6782,206.4399,162.273,207.9346,4.5248,6.3899,67.9361,28.9868,1.8952,1.5521,41216427000,8185888000,31396358000,16400690000,11412460000,136563409000,64453912000,149010372000,6882587000,6013963000,148722006000,-14444248000,3686029000,2064201000,1.0486,0.7536,52.9813,3.4011,0,42.65,179.096,0.7896,22.7784,-6.1851,183.1023,162.273,3.0323,3.8404,5.3674,102.9522,8.1943,3.6678,22.5815,33.2393,0,16.6387,0,57.4008,111605110000,5465588000,54584620000,3550067000,65914000,201017321000,42982610000,7500000,106430696000,14745495000,8880459000,24456556000,56874274000,5055613000,4321493000,0,126251380000,69260117000,103329338000,40633747000,67123655000,-28907418000,13738498000,6013963000,9242103000,-6701761000,1549519000,26515194000,0.1357,28.2932,41.6468,356.7272,251.2356,455.9365,1.4329,2.9767,2.7561,2.7561,76.1649,0.1973,4.9376,80.6215,8.3907,3.2284,2.7596,-2.9522,28.2932,240.1146,0.7566,20.446,8.9645,24000,0,1042710000,94217000,11804174000,4885708000,89412211000,8925694000,0,0,30132713000,0,201017321000,3762610000,-272810000,-186837000,22521472000,18818421000,1836814000,0,33262669000,2800000000,45433747000,74341165000,906530000,3073097000,13738498000,0,5.8234,14.9901,104.1947,1.8967,4.3364,10.3983,2.7477,6.5154,2.4027,14.9901,104.1947,0,34.6325,27.1542,-5.2945,-10.596
SZ002594,2021-03-31T00:00:00.000000,0.31,-0.0285,40991873000,-81651000,141856000,108.3075,1.392,0.6502,12.595,59.7651,0.0496,29974477000,1217204000,646400000,40991873000,237356000,32379041000,4207848000,0,0,84.4139,85.8586,1.0662,1.0482,72.5998,110.7284,-97.2667,1.5769,2.9331,60.231,0.3461,0,0.083,36994803000,8663287000,35813906000,16588358000,14729624000,134792935000,89000329000,40496895000,656097000,511052000,35177041000,-4797704000,550565000,15766091000,1.2407,0.9083,33.3353,2.6615,0,0.1317,170.2725,0.193,33.4884,-10.2426,71.7824,100.9326,0.2406,1.2467,0.5891,98.522,0,0.4202,0.0634,0.1052,0,0.0496,0,14.3271,133680278000,5656091000,54469213000,0,65914000,223793264000,39188102000,1500000,107748951000,13622224000,6387775000,24663312000,81127153000,1247470000,1162579000,0,35828950000,25803901000,35035185000,8586978000,12323095000,20435114000,29504589000,0,0,0,0,0,0.2782,36.2509,60.1865,215.9738,269.2691,466.348,0.3342,0.7431,0.5941,0.5941,2.6356,42.643,1.6895,87.405,7.3314,3.0432,2.8361,1.478,36.2509,166.1502,5.5104,28.1819,8.6201,0,0,0,93546000,15439908000,1275497000,90112986000,9775010000,0,0,27043984000,0,223793264000,595230000,-137425000,-127715000,6058618000,2202523000,542379000,0,7000227000,25061668000,34049130000,13614016000,0,0,0,0,1.0429,12.0844,0,9.0633,19.7797,0,11.3303,37.8359,1.4521,12.0844,0,0,25.0011,0,-1.6768,7.1423
SZ002594,2021-06-30T00:00:00.000000,1.5,0.1289,90885400000,368666000,9676845000,50.2164,3.4256,1.9016,12.7639,824.5641,3.3822,21789172000,2995687000,2216240000,90885400000,1173571000,71626773000,10407215000,0,0,80.6894,78.4274,2.2308,2.2951,-24.8254,-29.4063,-40.6181,2.4385,3.5471,59.9429,10.6473,1.007,0.4102,37982499000,10394981000,39686413000,11256556000,14260446000,133609377000,89285155000,89337454000,2204115000,1810771000,76517337000,-12918828000,1254811000,7413801000,1.1491,0.796,26.0815,2.6443,0,8.608,159.1167,0.4288,42.7862,-7.8462,-24.7249,-32.6878,0.8543,1.9924,1.4908,100.5501,3.3622,1.1268,4.3414,7.2426,0,3.3822,0,31.7654,129172786000,5665143000,54315780000,5103790000,65914000,222894532000,47413785000,2100000,112416860000,10198931000,4490423000,25145078000,81255042000,2652212000,2407019000,0,79284918000,47970468000,66840492000,19414712000,31074093000,10639523000,21152299000,1810771000,5066296000,-8516902000,1255893000,7265304000,0.1938,36.4545,60.8154,213.6965,238.4323,419.7821,0.7549,1.6516,1.3159,1.3159,8.2886,42.8678,2.584,87.2361,6.6182,2.9182,2.6484,-0.5501,36.4545,164.4321,2.5912,28.3995,8.7885,0,0,1038155000,88747000,14969758000,2041742000,93721746000,8961870000,0,0,21192517000,0,222894532000,955784000,-48447000,-78358000,12609241000,8012147000,686428000,0,20930975000,25061668000,44476380000,33836857000,213591000,1195824000,21152299000,0,1.2648,9.5079,149.5975,5.8564,15.7409,-0.4925,10.8832,37.325,1.0516,9.5079,149.5975,0,20.6862,24.3684,-4.5153,3.7186
SZ002594,2021-09-30T00:00:00.000000,3.06,0.3098,145192358000,886405000,31873711000,38.2486,4.7124,3.404,12.9749,1304.6357,11.1402,36174883000,5233772000,3868792000,145192358000,2443112000,129994762000,20719095000,0,0,77.029,72.9104,3.5052,3.7032,-33.3003,-28.4294,6.0306,2.6646,3.7672,63.7964,21.9527,0,0.8539,37198579000,12367949000,40699200000,15484510000,14623261000,160678068000,91182817000,142770561000,3926456000,3296543000,136233490000,-22289539000,2373287000,18921164000,1.0268,0.7393,23.209,2.9483,0,22.5197,149.9393,0.6412,23.7326,-9.7482,-30.8452,-31.7563,1.4558,2.2705,2.3399,98.5314,0,1.9117,12.6553,19.837,0,11.1402,0,50.7463,145333579000,5864122000,55137838000,0,65914000,251860885000,54536010000,1200000,141537164000,10583884000,1996878000,26414619000,82471788000,4258573000,3783509000,0,126353739000,75270056000,104359779000,27937696000,37139631000,9345538000,32659662000,0,0,0,0,0,0.2556,32.745,51.3273,251.0242,238.9019,421.0866,1.1302,2.6321,2.0839,2.0839,32.3699,45.0072,2.892,87.0251,6.4838,2.9331,2.6059,1.4686,32.745,194.8279,6.6131,28.8248,9.2322,2869000,0,0,88123000,14979492000,2008606000,106527306000,7981157000,0,0,19140904000,0,251860885000,1371908000,-28291000,-51501000,19988910000,11222535000,955647000,0,33512074000,25561668000,53499364000,44153826000,0,0,0,0,5.0418,7.5998,0,1.3269,30.2213,0,25.2931,40.9798,0.9449,7.5998,0,0,18.8371,0,-7.7904,3.2664
SZ002594,2021-12-31T00:00:00.000000,3.73,0.431,216142395000,1254619000,65466682000,38.024,4.0374,4.1519,13.0214,2149.8404,22.4883,50457097000,7990974000,4631992000,216142395000,3045188000,202666455000,37343609000,0,0,71.5711,64.5139,5.03,5.5802,-34.6297,-28.0823,35.1568,2.143,2.9729,64.7562,30.2887,3.0792,1.046,36251280000,14932576000,43354782000,10204358000,12983416000,191535938000,104244209000,212602339000,4518003000,3967266000,213418808000,-45403992000,2619303000,36081362000,0.9697,0.7166,21.2812,3.0147,0,38.2167,136.085,0.8701,38.0886,-12.0465,-34.356,-32.6031,1.5971,1.8355,2.5382,102.523,7.0536,2.2073,22.1336,34.1798,0,22.4883,0,74.2466,166110189000,7905001000,61221365000,14246331000,65914000,295780147000,73160167000,1300000,171303944000,8743519000,2046439000,26455907000,95069671000,6081678000,5710193000,0,187997689000,104399121000,147952126000,32872379000,49878805000,16062517000,49819860000,3967266000,10877352000,-12892770000,1382660000,55595180000,0.3273,32.142,49.6354,261.2933,231.277,413.7251,1.5566,3.7105,2.845,2.845,-22350.6949,67.1576,2.2413,86.9786,6.2823,2.8137,2.6419,-2.523,32.142,201.469,12.3942,32.6572,9.0878,5606052000,0,1274182000,87500000,17104942000,2605031000,129669958000,7331459000,0,0,20231994000,0,295780147000,1786927000,-57134000,-145295000,28759751000,12722026000,3526828000,0,58126018000,37313719000,70186098000,54123581000,857475000,2928244000,49819860000,0,-3.8954,6.8402,155.2884,-1.7841,48.8374,12.1586,47.1416,59.7645,0.8267,6.8402,155.2884,0,17.547,20.6983,-15.5966,5.5176
SZ002594,2022-03-31T00:00:00.000000,0.85,0.1765,66825185000,513943000,11933340000,63.0206,3.3875,0.9005,12.4015,1476.1531,4.0992,42181589000,2360666000,1061216000,66825185000,808408000,63413842000,13454362000,0,0,74.4043,47.977,1.2096,1.8759,64.1733,240.5888,8167.8082,1.588,2.0829,66.7674,17.8575,0,0.2777,34994831000,21922071000,53433422000,5481339000,8559665000,211701884000,105371879000,65607295000,1054455000,911510000,66159471000,-12596291000,375777000,-7890637000,0.9189,0.637,23.0771,3.2088,0,6.2945,122.3814,0.2181,49.1974,-3.4659,60.7163,234.7391,0.2975,1.364,0.3177,100.6412,0,0.4781,3.7636,5.6369,0,4.0992,0,22.955,174204810000,8971327000,61987370000,0,65914000,317073763000,84275159000,800000,189583715000,10319788000,2064198000,27264315000,95844610000,1978293000,1701838000,0,58537865000,39713613000,54226131000,7541161000,15091206000,-7253364000,41929223000,0,0,0,0,0,0.2309,30.2279,45.2734,283.7596,229.1677,412.6951,0.3927,1.0894,0.7001,0.7001,-6.4965,0.8151,1.697,87.5985,5.3859,2.9604,2.5467,-0.6412,30.2279,220.8803,-2.7105,32.9234,9.3655,1591381000,0,0,86876000,15909471000,2772930000,142868953000,4841911000,0,0,22118169000,0,317073763000,-81001000,-200531000,-225915000,9973248000,4389844000,1701773000,0,16986135000,276625000,8299341000,15552705000,0,0,0,0,-1.4382,6.9757,0,-5.2828,4.873,0,7.1991,-0.8048,-0.1212,6.9757,0,0,18.7501,0,-4.3269,-2.4916
SZ002594,2022-06-30T00:00:00.000000,3.75,1.0406,150607252000,3029410000,43185167000,65.7112,7.5027,3.284,13.5065,1201.1632,14.8344,44686176000,5424256000,4622116000,150607252000,3595279000,152837481000,36128310000,0,0,69.4972,43.8712,2.59,4.1029,108.5567,206.3538,338.6082,3.069,3.5152,69.2897,28.674,3.0156,1.235,37163395000,25394950000,57235044000,10178867000,9345604000,239702615000,106240266000,145564784000,4641481000,3933136000,160292658000,-42807565000,736927000,-8482974000,0.8377,0.5751,22.5368,3.4812,0,19.8161,113.3684,0.4694,44.2182,2.5161,110.5825,201.092,1.2258,2.6115,1.1666,99.5828,4.9635,1.8186,12.4833,18.0161,0,14.8344,0,51.7347,182568582000,8426666000,69924659000,23589544000,65914000,345942881000,93087986000,0,217930002000,10521153000,0,29745516000,96609041000,4722663000,3670510000,0,130265478000,86459497000,117107491000,19435013000,23418888000,-9002326000,41336886000,3933136000,6151726000,-14189450000,-2271320000,45339984000,0.2116,27.9263,40.3037,326.7742,208.3637,383.4814,0.8639,2.2926,1.5715,1.5715,-7.4273,1.6192,3.3692,86.4935,4.9763,3.1357,2.4371,0.4172,27.9263,248.1161,-2.914,33.1859,10.2178,1431944000,0,1453231000,86252000,17730192000,2763547000,163374299000,2946956000,0,0,21772613000,0,345942881000,-898445000,-369664000,-404634000,21597732000,7844553000,2463808000,0,50652118000,276625000,19711638000,28713964000,431992000,2831216000,41336886000,0,-0.6157,6.2937,138.1616,-12.1469,9.9081,14.2161,16.9595,-0.1261,-0.5965,6.2937,138.1616,0,18.3919,20.2128,-14.7047,-3.0924
SZ002594,2022-09-30T00:00:00.000000,9.43,2.8733,267687847000,8364627000,91036733000,84.3677,12.5671,7.981,15.892,977.6841,31.2718,44932061000,10870017000,12085367000,267687847000,9311467000,278809515000,64278202000,0,0,70.0278,36.9261,3.8556,7.3119,212.3809,281.1314,180.7114,4.5147,4.9129,73.5908,34.0085,0,3.1986,36968493000,33522255000,73434508000,9513343000,6723515000,313666624000,112564228000,254904996000,12119113000,9988360000,291212780000,-83657427000,1573927000,-8193681000,0.7521,0.4968,25.3837,4.0598,0,31.649,106.9539,0.7415,80.4323,1.9784,208.6527,274.5853,2.7668,3.7313,2.9859,99.7215,0,4.5175,21.3586,29.0234,0,31.2718,0,91.9528,216323930000,13377049000,101340045000,0,65914000,426230852000,119212636000,0,287644882000,7755968000,0,35461704000,102513686000,9355972000,6409600000,0,225146947000,148878513000,200176047000,19637913000,29858069000,-15997988000,41626179000,0,0,0,0,0,0.1647,24.0512,32.6824,422.5909,192.8687,364.1237,1.3999,4.3639,2.7096,2.7096,-6.997,7.8301,5.0586,84.108,5.3891,3.4951,2.3944,0.2785,24.0512,305.9754,-2.8146,35.2142,12.1814,2442014000,0,0,85628000,22851456000,2192636000,209906922000,2637935000,0,0,26021742000,0,426230852000,-1339678000,-332052000,-373613000,35943633000,10731928000,7616090000,0,94389355000,472625000,20110538000,36108526000,0,0,0,0,-0.3649,6.1051,0,-24.4993,30.2292,0,44.1039,5.978,-0.5005,6.1051,0,0,20.2448,0,-28.737,-5.4954
SZ002594,2022-12-31T00:00:00.000000,16.14,5.3717,424060635000,15637792000,140837657000,96.195,16.1305,13.6222,17.0365,847.2739,48.3788,51471263000,18654453000,21541819000,424060635000,16622448000,413209226000,97456862000,0,0,62.6554,31.8689,5.7457,11.2963,365.066,445.8595,115.1287,5.0799,5.2813,75.4202,33.2117,3.3512,5.7099,38828494000,35516571000,79107199000,5153098000,6464828000,372470809000,121389837000,401187332000,21079729000,17713104000,441379987000,-120595997000,1632852000,1362597000,0.7224,0.4851,35.2396,4.3547,0,42.2499,94.5243,1.0741,82.4648,7.1093,366.5718,445.8594,4.4864,4.177,4.9293,102.1921,14.6905,7.6932,28.5177,37.8117,0,48.3788,0,145.6681,240803507000,15485402000,131880369000,37259224000,65914000,493860646000,140437310000,0,333344561000,7593596000,0,40943232000,111029299000,15060676000,10007370000,0,351815680000,220842504000,300542330000,27635948000,44048894000,-19488683000,51182457000,17713104000,14602466000,-36564504000,-17546586000,152528799000,0.2163,22.4819,29.8089,454.7214,172.7217,335.1769,2.0843,4.3867,4.1151,4.1151,-8.6778,16.7873,5.6173,82.9635,5.5299,3.5515,2.3599,-2.1921,22.4819,335.4707,0.4681,38.1394,14.0643,20626930000,0,1910009000,85005000,23223497000,1683000000,253057139000,3328419000,0,0,39126248000,0,493860646000,-1617957000,-791903000,-685885000,53519728000,13310643000,10572908000,0,133906640000,507625000,31175046000,50663729000,1386458000,5099231000,51182457000,0,-0.4228,7.9225,84.1894,-31.7886,44.9661,115.4156,66.9688,16.7872,-0.3815,7.9225,84.1894,0,26.0571,26.704,-41.4257,-6.6945
SZ002594,2023-03-31T00:00:00.000000,3.65,1.2246,120173608000,3565127000,14465699000,79.8328,14.5806,3.1327,17.8633,350.2537,4.9691,56283355000,6237909000,5298604000,120173608000,4130063000,93703601000,32357737000,0,0,76.3106,29.155,1.1794,3.087,399.2955,410.8884,21.2208,4.4091,4.597,76.9541,12.0373,0,1.4187,39030536000,25305204000,88278571000,15701332000,7760886000,421018155000,126084806000,115208987000,5217239000,4369995000,102248133000,-22697368000,241502000,3709376000,0.6868,0.4507,40.8204,4.6428,0,3.8695,105.4656,0.2309,65.2123,0.5203,394.7806,410.8884,0.8396,3.6364,1.0035,101.5595,0,1.8977,2.6441,3.4359,0,4.9691,0,41.2806,256761554000,15811251000,147738433000,0,65914000,547102961000,152444845000,0,373839362000,8611000000,0,45073295000,115576583000,4648263000,3365701000,0,98706595000,58842560000,87782434000,13214038000,647470000,12050081000,54891833000,0,0,0,0,0,0.1785,21.1252,27.4517,520.863,186.3173,389.7974,0.483,0.9104,1.0606,1.0606,-1.1466,4.0956,4.8884,82.1367,6.6736,3.868,2.8007,-1.5595,21.1252,364.2763,1.2742,39.7014,15.483,10431168000,0,0,84381000,27609892000,1776968000,290341407000,3709539000,0,0,47178793000,0,547102961000,5910000,245494000,215063000,18250085000,10541510000,384141000,0,33238878000,0,13214038000,1163957000,0,0,0,0,-0.403,8.6234,0,-40.2171,6.627,0,10.7808,4.0955,0.0049,8.6234,0,0,28.9875,0,-7.7967,4.1393
SZ002594,2023-06-30T00:00:00.000000,9.36,3.3303,260124143000,9694855000,81971177000,72.7169,18.9933,8.5106,18.3269,748.312,28.1577,79811263000,13834648000,13731283000,260124143000,10954145000,251313806000,65936866000,0,0,70.3252,30.408,2.5595,5.9195,197.0779,204.6814,89.8132,5.2787,5.5271,77.9405,31.5123,2.7198,3.7628,49058860000,35084866000,86900482000,9835141000,7225482000,460732251000,130401156000,247488264000,13399920000,11439719000,270150511000,-58536271000,853406000,28045903000,0.6589,0.4437,47.6684,4.8502,0,20.3055,100.7332,0.4795,51.8309,26.3476,188.6992,204.6813,2.1087,4.3978,2.2667,102.4729,11.1649,4.9387,13.8668,17.7915,0,28.1577,0,89.3546,266007134000,16473886000,181104955000,45365812000,65914000,591133407000,165489829000,0,403689601000,7760844000,0,48572852000,119665542000,10838054000,6818637000,0,212451556000,125042780000,188179334000,17114038000,11667955000,4050212000,79228360000,11439719000,15778818000,-9012351000,356983000,59917321000,0.2301,20.2434,25.9729,566.0885,175.3507,375.3956,1.0265,1.6609,2.2551,2.2551,-2.2598,7.7783,5.8514,81.6731,6.3638,4.1665,2.6213,-2.4729,20.2434,385.0166,9.634,41.106,16.6851,13064442000,0,2011167000,83757000,30614510000,1592627000,325126273000,3603387000,0,0,57042650000,0,591133407000,-1102954000,590770000,597938000,37357054000,19010138000,960274000,0,77546409000,0,17142271000,13092059000,905154000,1711925000,79228360000,0,-0.4143,9.6497,66.0752,-47.295,10.4665,37.3252,19.6964,7.778,-0.424,9.6497,66.0752,0,32.2807,30.6369,-20.1077,1.3913
SZ002594,2023-09-30T00:00:00.000000,17.74,6.6464,422274838000,19348761000,97860288000,57.749,23.6538,15.5896,19.7853,457.9996,33.6158,55759753000,24938379000,26637286000,422274838000,21366896000,396455740000,100966754000,0,0,68.4786,29.3479,3.9428,9.2,120.4094,129.4686,7.4953,6.308,6.4915,77.3671,23.1745,0,7.3397,52970472000,38112736000,92711639000,10098226000,5864464000,482216639000,141066857000,397395929000,26065405000,22326427000,422938702000,-94403483000,4573434000,4083536000,0.6562,0.4351,48.4691,4.7135,0,23.3403,97.8265,0.756,26.2508,36.4217,115.0768,129.4686,3.9971,5.2872,4.4387,102.194,0,9.4162,15.7008,20.2938,0,33.6158,0,145.0547,275133017000,16909759000,208156974000,0,65914000,623283496000,181590318000,0,419276686000,9260844000,0,58985603000,129855730000,17227110000,10280194000,0,338726669000,222180379000,325078414000,22414038000,16700692000,256219000,55265993000,0,0,0,0,0,0.1583,20.8341,26.9289,530.4723,164.9434,357.1476,1.6369,3.1991,3.506,3.506,-3.5682,16.9563,7.142,80.2147,6.2128,4.0796,2.4345,-2.194,20.8341,371.348,1.4027,44.6064,20.262,10611806000,0,0,83134000,31647512000,589034000,348150479000,4074963000,0,0,62939953000,0,623283496000,-1272010000,975244000,960229000,61442680000,21824587000,1466497000,0,116228070000,0,22442271000,22186052000,0,0,0,0,-0.4366,10.0981,0,-49.5145,14.2562,0,26.2064,16.9562,-0.3012,10.0981,0,0,32.6459,0,-32.4283,0.088
SZ002594,2023-12-31T00:00:00.000000,24.4,9.7771,602315354000,28462432000,169725025000,42.0352,24.0481,20.0042,18.581,564.9815,58.3019,109094408000,39574945000,38103095000,602315354000,30040811000,572704798000,122093509000,0,0,61.2177,30.0922,5.8806,11.9632,76.8797,80.7243,20.5111,6.3261,6.491,77.8585,28.1788,2.2055,10.3192,61866019000,34698510000,87676748000,18323216000,7740491000,529085557000,150462113000,567681132000,37268637000,31344070000,611818103000,-125663644000,4101617000,57329288000,0.666,0.4727,54.3324,4.8116,0,37.4118,91.31,1.0266,10.8328,59.3315,76.7985,80.7243,5.3424,5.2039,6.1008,102.239,28.3906,13.4299,24.9762,32.0789,0,58.3019,0,206.9,302121446000,17647212000,230903820000,30360803000,4427571000,679547670000,194429817000,0,453666671000,11975139000,0,67123972000,138810065000,15370800000,13461708000,0,490398945000,313433210000,442093078000,45304083000,27230939000,12817127000,108511745000,31344070000,37715404000,-7602102000,-12641191000,112737462000,0.2616,20.4268,26.2358,615.5143,162.2514,350.6693,2.2188,3.3184,4.8216,4.8216,-4.9353,25.0211,7.1981,81.419,4.5421,2.552,2.235,-2.239,20.4268,381.1579,19.6931,47.6823,23.0576,9542789000,0,2757912000,82510000,37236261000,541000000,377426224000,4053314000,0,0,75418886000,0,679547670000,-1474894000,1635141000,1277455000,84287908000,23105483000,2084953000,14077769000,148769127000,98000000,45430316000,32613189000,2188219000,4174175000,108511745000,0,-0.4977,11.0984,60.116,-52.057,25.4639,75.0858,37.5991,25.0211,-0.2449,11.0984,60.116,0,35.2048,33.979,-43.1664,4.4028
SZ002594,2024-03-31T00:00:00.000000,3.24,1.2888,124944397000,3751980000,10227984000,3.9699,12.9657,2.7545,20.7053,223.8662,3.5134,86796529000,10610654000,5798486000,124944397000,4568793000,124156838000,26094349000,0,0,84.689,44.3472,1.0627,2.0294,9.4342,10.6228,-29.2949,4.6409,5.0405,77.1392,8.186,0,1.5694,61265729000,38363374000,98778886000,13718585000,8170073000,522836586000,154947035000,120733401000,5717365000,4770879000,131281926000,-27269598000,232182000,-22332997000,0.6596,0.4371,55.0393,4.6539,0,2.3032,129.0362,0.1841,11.8945,-0.9703,9.586,10.6228,0.703,3.8184,0.8139,101.4189,0,2.1633,1.509,1.9562,0,3.5134,0,42.9194,292893774000,18102324000,231093876000,0,4427571000,677783621000,196133876000,0,444080698000,13995641000,0,71692765000,143090246000,5332694000,3768509000,0,99074282000,85416879000,121053942000,12703500000,17136272000,-5183543000,86178748000,0,0,0,0,0,0.2166,21.1115,27.3681,590.117,214.3008,488.8567,0.42,0.5408,0.8864,0.8864,-0.8254,3.0835,5.2948,79.2947,7.129,4.2681,3.0161,-1.4189,21.1115,365.3894,-7.6716,49.1526,24.627,9384994000,0,0,61508000,36957988000,637605000,384889847000,3309360000,0,0,78755888000,0,677783621000,-193961000,621940000,456861000,23477009000,591213000,1606462000,0,27860811000,0,12703500000,17887043000,0,0,0,0,-0.5209,11.6196,0,-51.9339,-3.0543,0,-0.2596,3.0834,-0.1552,11.6196,0,0,35.5002,0,-9.3673,-1.7806
SZ002594,2024-06-30T00:00:00.000000,9.67,4.2332,301126713000,12315414000,14178310000,15.7627,19.3628,8.031,18.7794,104.0132,4.8735,53053301000,19620756000,17323276000,301126713000,13631257000,297083766000,47225661000,0,0,73.7546,39.9541,2.4405,4.5052,26.1592,24.4393,-82.6921,5.7528,6.0919,77.47,4.7084,0.3014,4.6855,71814516000,36755236000,112753013000,10048017000,8059790000,531633632000,154611078000,287855895000,17228138000,14113216000,311013510000,-55874075000,333758000,-54285173000,0.6592,0.4101,55.2506,4.7233,0,3.1316,113.7087,0.441,29.7496,16.0807,28.569,24.5195,2.0667,4.6868,2.5329,100.5522,17.1962,6.3054,2.0661,2.6669,0,4.8735,0,103.5061,298431610000,18542811000,230030358000,39057738000,4427571000,686244710000,207517115000,0,452742803000,11305318000,0,71742986000,142787204000,10599925000,7694969000,0,244577008000,217491368000,296835200000,13260782000,23687916000,-12358424000,54226572000,14113216000,27036659000,-26663414000,-15899029000,9415385000,0.1556,20.807,26.8582,596.4644,179.4918,408.2046,1.0028,1.306,2.1387,2.1387,-1.9691,2.8652,6.5521,81.2206,6.0984,3.5201,2.5554,-0.5522,20.807,372.3258,-18.6594,49.0801,24.6602,17388054000,0,3063158000,61081000,36269466000,832937000,387813100000,2259388000,0,0,78890829000,0,686244710000,69006000,1209337000,913659000,50466622000,1165012000,1753172000,0,57039087000,98000000,13358782000,25717206000,1531034000,2583508000,54226572000,0,-0.5112,11.496,62.0732,-53.0413,-1.2213,-0.3783,0.9855,2.9311,0.0229,11.496,62.0732,0,35.588,33.5202,-19.2056,-4.248
SZ002594,2024-09-30T00:00:00.000000,17.15,7.9719,502251312000,23192325000,56273315000,18.9394,22.8705,13.7782,19.3169,222.9696,19.3428,66319375000,33319208000,31746599000,502251312000,25238115000,501573341000,69517647000,0,0,70.638,37.9826,3.8223,7.1085,19.1811,18.1178,-42.4591,6.3209,6.5686,77.9129,11.2042,0,8.6751,79443781000,57474962000,124358648000,20551154000,9780490000,595456788000,168802727000,478028764000,31319509000,26247548000,523994461000,-86650548000,9994149000,-42702084000,0.7071,0.4643,53.6238,4.8302,0,10.9889,108.6207,0.6957,34.1349,28.4126,20.1574,18.194,3.6359,5.226,4.4807,101.3637,0,11.34,7.3631,9.4504,0,19.3428,0,172.6385,362098716000,19487191000,262984804000,0,4427571000,764259515000,237519934000,0,512091875000,9799136000,0,83349594000,155462393000,16642289000,12409492000,0,405231798000,339294321000,467721146000,26833999000,29536541000,-11961453000,65809661000,0,0,0,0,0,0.1791,20.3416,26.1081,595.1284,178.5356,388.0806,1.5123,2.1741,3.4135,3.4135,-3.3313,11.9965,7.1947,80.6831,5.9888,3.3135,2.4708,-1.3637,20.3416,383.023,-14.678,53.437,28.6497,25415146000,0,0,60654000,37240396000,235617000,402160799000,2940219000,0,0,83364913000,0,764259515000,1027128000,1859498000,1351352000,83518851000,9166287000,2981345000,0,95816835000,98000000,29891999000,41853452000,0,0,0,0,-0.5558,10.9079,0,-51.557,19.852,0,12.4659,12.0687,0.2045,10.9079,0,0,34.9059,0,-29.7843,-4.1115
SZ002594,2024-12-31T00:00:00.000000,26.05,12.7121,777102455000,36982887000,133453873000,29.0192,26.0405,21.3599,19.4383,331.5266,45.872,102738734000,53194745000,50486047000,777102455000,40254346000,774347395000,97359768000,0,0,58.5713,28.7603,6.1464,12.5173,32.4985,33.9989,-21.3198,6.4967,6.6625,74.6363,17.1733,1.1961,13.8366,62298988000,43729585000,116036237000,12103272000,10222575000,584667646000,198688209000,737939947000,49680677000,41587940000,814817630000,-129082282000,10051081000,-6255203000,0.7471,0.5132,47.8715,4.1561,0,26.9068,87.3316,1.0624,32.3455,0.6998,33.3043,34.0853,5.6857,5.3517,6.9583,101.6211,40.7941,17.7964,17.0362,22.8256,0,45.872,0,267.1129,370572244000,19082496000,262287302000,0,4427571000,783355855000,241643424000,0,495985176000,8257786000,0,98647794000,185251104000,24085317000,18644661000,0,626046616000,489866241000,681363757000,37663666000,50103695000,-10267547000,102256542000,41587940000,56920062000,-31248137000,-14841203000,67559896000,0.2889,23.6484,31.6849,455.6135,155.8158,338.8519,2.3104,3.1489,4.796,4.796,-5.6117,33.4565,7.4151,80.5617,5.6551,3.0994,2.3993,-1.6211,23.6484,315.6082,-2.1501,58.5566,33.9081,40511496000,0,0,60228000,38423925000,508038000,412783611000,2383996000,0,0,88682470000,0,783355855000,1216206000,2291475000,1468954000,117067584000,15400173000,3666259000,125437000,144482455000,98000000,55721666000,65989213000,3871677000,5514039000,102256542000,0,-0.7071,11.3208,70.6291,-43.1081,22.6567,13.5916,15.2761,22.8056,0.1565,11.3208,70.6291,0,32.3737,33.4825,-44.3694,-3.5293
SZ002594,2025-03-31T00:00:00.000000,4.37,2.6889,170360448000,8171627000,8580961000,36.349,18.8414,4.149,20.0663,93.7299,2.8236,117406726000,14223006000,11020649000,170360448000,9154985000,186993954000,37276487000,0,0,89.3586,30.504,1.0072,2.9504,90.0608,100.3808,-19.6345,6.469,6.922,70.7134,5.0369,0,3.0124,53182767000,46141085000,154373616000,13144785000,12000950000,594365580000,246161565000,162850401000,11190883000,9443140000,198830910000,-32739721000,177469000,13962070000,0.8106,0.5054,37.9534,3.547,0,1.6965,119.8626,0.2098,56.282,-14.633,95.735,91.9462,1.163,5.543,1.1433,98.4788,0,3.8803,1.0209,1.4437,0,2.8236,0,56.0568,409994229000,19630668000,269814106000,0,4427571000,840527145000,250772811000,0,505797075000,6339145000,0,107874344000,233361322000,6181121000,4905868000,0,136175385000,135218162000,190249949000,4175713000,3253592000,38000266000,116218612000,0,0,0,0,0,0.3035,27.7637,39.2623,341.9663,206.1834,428.9419,0.4365,0.6489,0.8139,0.8139,-1.5402,25.9703,7.6991,79.9337,5.3878,3.6283,2.8797,1.5212,27.7637,254.6976,4.5942,71.8515,35.4959,35984229000,0,0,59801000,40143957000,859988000,430532916000,1889615000,0,0,88568505000,0,840527145000,-1908346000,696730000,377476000,33265156000,10750696000,691999000,283821000,43490417000,40221971000,44397684000,6397418000,0,0,0,0,-0.9245,10.5373,0,-31.5238,10.6381,0,7.2983,22.7834,-1.1202,10.5373,0,0,27.5117,0,-10.773,12.5039
SZ002594,2025-06-30T00:00:00.000000,7.43,4.475,371280948000,13599741000,31833471000,23.2972,16.2922,7.1437,18.0095,205.2378,10.4748,111734283000,29596366000,18719509000,371280948000,15510533000,402581644000,80524516000,0,0,75.945,25.6174,2.3701,7.0265,8.0599,13.7865,18.878,5.0419,5.355,71.0814,8.574,0.604,5.1037,43381542000,48908232000,140839351000,16107126000,9576998000,601592451000,244750192000,359557739000,18910015000,16038939000,422734729000,-74495747000,474212000,7460238000,0.7609,0.4866,38.0058,3.5912,0,6.2011,101.5624,0.4556,24.9096,-30.3656,9.7624,-39.7533,1.9683,4.3199,1.9222,98.9926,19.2672,6.5422,3.7613,5.2915,0,5.7935,0,122.1694,390635460000,20353959000,280794676000,31142259000,4427571000,846342643000,235214038000,0,513355792000,5496374000,0,102004934000,232166363000,12410973000,10386267000,0,304415089000,279759478000,390901258000,24295394000,23761503000,49657739000,109716780000,16038939000,34125602000,-25987262000,14995007000,-10055058000,0.2872,27.4317,38.592,354.7528,184.5198,395.0455,0.9755,1.366,1.7789,1.7789,-2.9926,25.3252,5.8371,81.9905,5.2656,3.3427,2.7974,1.0074,27.4317,259.1213,1.3577,69.2493,33.5646,35694505000,0,4571645000,59374000,41062499000,1792011000,455707183000,1471593000,0,0,88236659000,0,846342643000,-3247033000,1375879000,654547000,64426198000,19449636000,1331702000,183492000,93945383000,40221768000,91516210000,41858471000,1254303000,2231747000,109716780000,0,-0.719,10.4256,82.6819,-22.3344,5.4141,7.0561,8.0406,-34.5908,-0.8745,10.4256,82.6819,0,27.5393,33.1774,-13.5578,9.0374
SZ002594,2025-09-30T00:00:00.000000,10.83,2.2475,566265546000,20490492000,40845498000,12.7455,15.9455,9.5003,17.8736,175.0533,4.48,119725097000,43748447000,28905639000,566265546000,23333173000,612436356000,114933284000,0,0,78.0905,24.2369,3.4575,11.14,-8.9489,-7.5479,0,5.1046,5.367,71.3503,7.2131,0,2.5592,39364118000,61349636000,152973306000,15291373000,6591844000,643526696000,258398395000,548557333000,28659846000,24231664000,641747315000,-127571344000,13432616000,15209634000,0.8703,0.5608,60.7841,3.6211,0,8.2634,102.3274,0.672,23.0098,-36.8142,-8.492,-70.4988,2.8757,4.2792,3.0528,100.8576,0,3.3334,4.5287,6.3471,0,4.4801,0,62.1096,430193707000,21380099000,276038629000,0,4427571000,901925091000,222794267000,0,494292438000,61198126000,4997716000,107187742000,245515455000,18508189000,15268112000,0,465053652000,439107857000,600901817000,89008562000,36682735000,101662706000,117466176000,0,0,0,0,0,0.3545,27.2213,38.1516,358.2212,190.9058,401.7778,1.4143,2.1568,2.6291,2.6291,-5.9761,32.5312,5.7794,82.1264,5.4463,3.2685,2.6963,-0.8576,27.2213,262.1125,1.6682,24.1147,11.7567,55523908000,0,0,58947000,41323482000,3148070000,471731384000,2220853000,0,0,149234258000,0,901925091000,-2935816000,2039704000,759173000,97504137000,23008116000,2284863000,183492000,150579460000,40222013000,170227528000,68564822000,0,0,0,0,-2.3282,16.5462,0,-7.0305,16.089,0,15.1361,-58.818,-0.5185,16.5462,0,0,37.8048,0,-13.9924,11.1507
SZ002594,2025-12-31T00:00:00.000000,15.31,3.2297,803964958000,29445703000,59135544000,3.4568,16.3957,12.6178,17.7445,181.2916,6.4862,75424747000,57978105000,40184709000,803964958000,32619022000,821214650000,156807853000,0,0,69.2604,22.2331,5.1978,16.192,-20.4043,-18.9677,-85.8603,4.9983,5.262,70.7445,7.3555,0.5523,3.5777,37004685000,51471055000,138420580000,38484710000,6311964000,625190698000,258539185000,778598972000,39753049000,33760758000,861740107000,-197463109000,14125279000,-33861345000,0.793,0.4975,63.6441,3.5386,0,12.6236,91.4935,0.9645,19.2908,-40.6015,-19.9829,-74.1428,4.0503,4.1993,4.6913,101.0859,13.4724,4.6401,6.6916,9.4588,0,6.4862,0,88.1811,371467558000,21781418000,292775929000,0,4427571000,883729883000,186742375000,0,468451357000,60705569000,4997910000,116057428000,246274606000,26184568000,20199944000,0,661305161000,579332669000,802604563000,134006370000,69220472000,104613870000,68395197000,33760758000,72046630000,-23970233000,12398330000,-37198431000,0.2774,27.8676,39.3919,357.5354,166.1356,373.2444,2.1669,3.0621,3.7262,3.7262,-7.23,32.941,5.6225,82.2555,5.6887,3.2569,2.5125,-1.0859,27.8676,253.8592,-3.714,24.9573,12.7295,54532541000,0,0,58520000,41485229000,5971312000,512262325000,22463883000,0,0,156739341000,0,883729883000,-649350000,2856608000,1007213000,130434959000,25591775000,2814568000,183492000,223054884000,40222013000,226265882000,121652012000,1823082000,3867651000,68395197000,0,-1.6161,17.7361,0,-10.6375,0.2416,0,12.8133,-57.3791,-0.0808,17.7361,0,0,38.8918,0,-21.6583,11.4743
SZ002594,2026-03-31T00:00:00.000000,1.65,0.4549,150225314000,4147574000,2790305000,-11.8191,7.112,1.3967,18.8062,68.3136,0.306,75786508000,11343566000,4695889000,150225314000,4084551000,151598688000,22062590000,0,0,110.2495,24.3315,0.8163,3.6989,-57.3901,-55.3844,0,3.1259,3.8013,70.9426,1.8574,0,0.448,44222213000,54424433000,160413531000,66296294000,3950898000,639956542000,262120423000,148209864000,4746395000,4010931000,168566152000,-20249591000,709307000,5013292000,0.8154,0.4849,61.8583,3.5607,0,0.5749,134.5811,0.1682,3.9125,19.5044,-57.5869,-85.1281,0.4492,2.6699,0.7667,98.9359,0,0.6264,0.3093,0.436,0,0.306,0,16.4771,395764930000,21926912000,280354597000,0,4427571000,902076965000,164328815000,0,485362254000,60570442000,4998100000,120141979000,249916729000,5826606000,5083054000,0,121973620000,116771585000,165775847000,46032820000,25754659000,23061209000,73408489000,0,0,0,0,0,0.2669,27.7046,39.0521,365.2214,229.8245,534.9385,0.3916,0.5127,0.6055,0.6055,-1.6103,1.4789,3.5163,81.1938,8.66,3.8786,3.3836,1.0641,27.7046,256.0679,0.5499,25.4368,13.1775,53754642000,0,0,58094000,41389184000,8285431000,506312035000,48603440000,0,0,154594288000,0,902076965000,2099923000,85867000,278985000,28567759000,10001483000,384942000,0,30251074000,0,58293068000,35231859000,0,0,0,0,-1.7254,17.1376,0,-9.8273,6.5409,0,2.0761,-66.0261,1.3978,17.1376,0,0,38.2176,0,-2.221,2.5294
SZ002594,2026-06-30T00:00:00.000000,4.86,1.3571,344815421000,12373343000,37334744000,-7.1282,10.5455,3.9971,18.8473,302.9088,4.095,58737867000,23307152000,14743578000,344815421000,12325408000,368775408000,44703066000,0,0,105.6261,22.742,1.7041,7.9149,-21.2395,-20.5352,-29.3179,4.2758,4.7936,0,10.8275,0,1.3519,50126342000,79796755000,189990772000,37645979000,3452964000,667907609000,273370815000,335380398000,14614087000,12334059000,392594407000,-55570464000,1354529000,-12776112000,0.8705,0.4908,64.2333,3.5608,0,7.4613,128.3681,0.3779,34.8989,35.4594,-22.7177,-52.1089,1.3517,3.577,2.16,100.8861,6.2528,1.813,3.9664,5.5898,0,4.095,0,37.8203,435593491000,22391316000,266102326000,0,4427571000,941278424000,176356021000,0,500375316000,61201246000,14993800000,125118879000,260818431000,12523014000,10365436000,0,279826859000,256109689000,355259663000,56616967000,65080208000,6387847000,55619085000,12334059000,36464240000,-53231176000,-4904943000,43195635000,0.2572,27.709,39.0501,366.3071,210.6504,476.344,0.8545,1.2328,1.36,1.36,-4.2631,5.9055,4.7477,81.1527,8.1158,3.6318,3.0061,-0.8861,27.709,256.0814,-1.4013,26.3208,13.7234,69940449000,0,3883687000,49550000,45692713000,6484382000,505684933000,53413166000,0,0,167532293000,0,941278424000,5096026000,-177085000,519299000,58977378000,30469005000,612311000,48677000,86039469000,392000000,91304251000,84916404000,1536741000,1691920000,55619085000,0,-2.5861,17.7984,98.0143,-7.1055,17.2629,-9.1106,6.512,-36.4402,1.4779,17.7984,98.0143,0,39.111,28.2703,-6.0951,0.7006
